Attendance_Percentage,Study_Hours_per_Day,Social_Media_Hours_per_Day,Sleep_Hours_per_Night,Previous_Semester_SGPA,Cleared_in_First_Attempt
67,3.7,2.6,4.8,6.79,No
100,1.7,3.8,7.1,5.76,Yes
40,3.4,3.2,7.1,4.73,No
85,3.9,3.5,6.9,6.15,Yes
64,2.6,3.7,7.3,3.89,No
64,2.3,4.0,5.7,6.0,No
63,3.0,2.4,5.8,5.82,Yes
65,3.2,2.1,7.6,4.3,No
83,3.1,3.8,3.3,4.74,No
60,3.4,0.5,6.5,7.1,Yes
70,2.9,2.5,6.6,5.66,No
86,3.6,3.8,4.5,5.73,No
38,4.0,2.6,6.0,4.57,No
100,2.7,3.8,6.4,6.82,Yes
88,2.8,3.5,5.8,6.33,Yes
77,2.5,4.8,6.9,5.03,No
76,1.7,3.8,6.7,5.8,No
73,2.8,4.4,6.5,5.12,No
61,0.0,5.5,5.4,4.74,Yes
83,3.5,2.8,3.8,6.56,No
67,5.7,3.7,8.0,6.13,Yes
55,2.1,2.5,3.8,4.36,No
89,4.9,4.5,4.5,5.92,Yes
57,3.1,2.8,,5.42,No
83,1.3,3.8,6.7,5.1,No
67,1.3,,6.2,4.82,No
78,3.5,2.5,7.1,4.29,No
55,2.1,,8.4,5.44,No
55,5.7,1.7,6.7,5.74,No
81,2.6,6.4,5.0,6.16,No
93,0.9,2.6,7.4,4.47,No
88,2.5,5.4,7.7,5.95,No
74,0.3,1.4,5.7,4.58,Yes
53,0.0,3.5,6.8,4.8,No
37,2.8,4.6,5.8,3.54,No
98,2.7,4.1,6.7,6.18,No
61,3.7,4.2,5.8,4.67,No
89,2.6,3.3,6.6,5.55,No
78,6.1,1.1,6.1,6.19,No
38,3.2,0.8,8.7,5.73,No
67,4.8,3.9,4.2,5.6,No
76,3.3,3.8,6.0,6.25,No
44,4.0,5.0,8.6,5.64,No
64,4.1,1.4,8.3,7.08,Yes
53,4.3,1.6,6.4,5.76,Yes
91,2.5,3.8,5.0,7.29,Yes
57,4.8,2.5,6.8,5.29,No
76,0.9,3.0,6.1,4.92,No
57,5.8,1.5,7.0,7.07,Yes
60,1.6,4.0,6.9,4.0,No
67,,3.2,6.6,4.51,No
71,0.9,3.9,6.1,4.37,No
70,2.7,4.8,6.1,4.05,No
44,3.5,1.6,7.5,5.04,No
83,4.1,3.9,5.1,7.06,Yes
93,3.3,2.0,7.4,7.11,No
72,5.9,4.9,6.5,5.64,Yes
68,2.7,1.3,5.5,5.89,Yes
86,3.4,2.8,8.0,5.39,No
78,5.4,5.4,4.5,5.54,Yes
69,4.8,1.7,6.1,6.02,No
63,2.3,1.7,7.7,4.37,No
70,1.5,5.3,6.3,5.53,No
43,3.2,2.6,6.9,4.68,Yes
74,2.4,6.1,7.2,,No
92,4.1,2.7,8.0,6.99,Yes
39,0.8,3.8,3.1,3.97,No
35,,6.0,7.5,4.62,No
82,1.4,0.2,6.8,6.15,No
100,3.0,2.3,7.3,7.9,No
100,4.4,3.8,7.4,6.25,Yes
67,7.0,6.7,4.0,5.0,No
80,3.4,3.9,7.7,,No
88,4.9,0.7,6.7,7.33,Yes
48,1.7,4.4,6.4,5.25,Yes
43,0.0,6.5,5.8,3.76,No
67,4.7,2.3,5.1,6.64,No
56,3.5,4.7,6.5,5.42,No
75,2.6,4.7,6.7,5.6,Yes
65,2.0,4.6,6.5,4.08,No
97,3.6,6.0,,5.42,Yes
81,0.0,5.5,6.8,5.03,No
68,1.2,2.9,6.1,4.72,No
39,2.1,1.9,7.3,6.61,No
77,3.6,2.4,5.9,7.49,Yes
75,3.7,3.7,3.9,6.19,Yes
67,4.0,4.7,7.5,5.59,No
61,2.8,3.2,4.5,4.43,No
62,4.1,5.8,8.3,6.66,Yes
92,1.1,2.3,5.7,5.5,No
90,2.3,5.0,4.9,6.02,Yes
65,1.5,6.0,6.4,5.51,No
76,3.7,4.1,6.6,6.44,Yes
77,2.2,2.8,8.3,5.91,Yes
51,3.9,4.5,7.5,4.76,No
60,3.6,3.8,7.1,5.95,No
90,2.8,6.1,5.9,4.67,No
55,1.8,0.3,8.3,6.15,Yes
62,3.4,1.8,9.0,6.76,Yes
67,,4.1,5.8,4.86,No
67,4.2,2.9,5.7,5.53,No
56,0.3,2.6,8.1,5.04,No
65,3.1,3.1,6.7,6.78,Yes
41,2.3,0.0,7.5,4.06,No
80,2.0,5.7,8.6,5.32,No
68,5.2,3.2,8.8,5.51,No
48,2.2,3.0,7.4,5.47,No
61,0.0,2.1,7.6,4.54,No
38,3.8,6.3,7.0,5.09,No
53,4.6,1.0,8.7,4.72,Yes
44,3.7,0.0,7.3,4.98,No
100,0.0,2.6,6.7,5.04,No
74,2.9,3.3,7.9,6.04,No
70,1.6,3.3,4.5,5.21,No
56,5.3,2.2,,4.7,Yes
74,2.4,1.4,6.2,5.67,No
72,3.5,4.2,4.6,3.76,No
82,3.4,1.2,,5.91,No
63,4.3,2.7,6.3,5.93,No
61,5.2,3.7,5.3,6.13,No
60,2.8,2.8,6.2,6.23,No
66,1.2,6.7,6.3,4.64,No
72,5.4,4.9,7.9,,Yes
89,2.3,3.7,5.1,6.13,Yes
88,4.0,2.9,6.5,5.74,No
67,2.4,1.7,6.4,5.19,No
100,2.9,7.4,7.3,5.88,No
77,0.7,2.9,5.1,5.55,No
78,2.8,2.3,6.7,8.1,No
82,3.7,4.1,8.1,5.59,Yes
89,1.7,2.3,7.1,5.31,No
84,4.8,4.6,6.9,4.98,Yes
61,5.3,,4.6,4.95,Yes
64,3.1,1.5,7.6,6.66,No
50,3.6,4.9,6.8,4.05,No
78,3.5,4.9,5.2,5.79,No
84,2.3,3.7,6.0,6.35,No
85,1.9,3.1,7.0,6.21,Yes
74,1.8,0.5,6.6,4.89,No
79,1.2,3.4,6.3,6.0,No
45,2.1,1.9,8.2,6.89,Yes
63,4.5,4.7,5.1,5.99,No
62,2.3,5.3,,4.27,No
92,3.8,5.9,5.9,6.01,No
75,3.7,4.8,7.3,5.86,No
74,3.2,7.1,6.5,5.55,No
50,3.4,2.2,5.7,4.53,No
51,1.2,2.5,6.3,6.08,No
67,3.1,4.0,6.9,5.84,Yes
81,2.1,3.4,6.7,5.67,No
56,4.8,2.7,5.7,5.23,No
92,3.7,5.4,3.9,5.32,No
58,4.2,1.8,5.5,6.75,No
78,2.8,4.9,6.9,4.35,No
59,1.9,4.1,7.8,5.85,No
88,2.6,1.4,6.8,7.73,Yes
98,0.7,4.0,5.8,4.53,No
79,1.6,1.0,6.9,5.77,No
60,0.9,,7.8,4.58,No
56,2.6,3.5,7.2,4.98,No
59,4.3,3.6,8.2,6.17,No
63,2.6,,5.7,4.63,No
61,1.3,2.2,5.3,5.12,No
89,3.8,1.2,8.0,5.27,No
71,0.4,3.2,7.4,5.24,No
78,1.2,,8.1,6.36,Yes
51,3.4,2.5,6.9,6.34,No
65,4.7,2.9,4.2,5.18,No
79,2.7,3.2,5.7,6.36,No
63,0.2,3.0,6.4,5.73,No
74,3.2,3.3,5.5,5.3,No
64,5.8,5.2,7.0,4.87,No
88,4.5,4.6,5.8,5.95,No
70,2.2,2.7,4.9,4.93,No
61,2.5,4.5,7.7,5.2,No
74,3.8,5.6,7.2,5.2,Yes
74,3.8,5.0,5.7,5.67,Yes
84,0.5,2.3,5.9,5.56,No
51,3.1,2.9,5.9,5.32,No
56,5.0,4.3,7.5,5.59,No
73,2.8,3.0,7.4,5.85,Yes
61,2.5,6.9,5.7,4.77,No
72,5.6,6.2,6.1,5.52,No
73,3.0,2.5,8.0,5.18,Yes
56,4.1,3.5,7.0,5.5,No
74,4.2,2.7,7.1,4.9,No
62,3.3,5.9,8.4,4.55,No
46,1.8,2.9,6.9,4.55,No
69,0.3,4.8,6.1,3.51,No
63,1.9,3.3,6.1,4.36,No
60,2.3,4.5,6.0,4.28,No
71,4.6,4.8,7.7,5.89,No
77,3.9,5.6,7.4,5.32,No
61,1.6,4.0,7.1,5.35,No
82,2.4,4.2,6.8,5.64,No
55,1.9,3.7,7.4,4.09,No
61,1.3,3.8,5.1,4.42,No
92,2.7,4.9,6.5,,No
58,4.4,1.5,6.2,5.13,Yes
69,1.0,3.0,4.9,5.55,No
58,4.8,2.3,7.4,5.39,No
91,3.3,2.4,6.6,5.18,Yes
57,3.2,5.3,6.9,4.32,No
95,2.6,1.9,6.6,7.21,Yes
86,3.1,3.8,5.4,5.3,No
76,2.9,2.0,4.9,5.46,Yes
82,3.1,3.8,4.5,5.0,No
99,2.2,3.4,5.7,7.41,Yes
62,4.0,2.4,6.7,4.98,Yes
72,0.0,5.1,8.2,3.63,No
69,4.2,2.3,4.1,4.43,No
58,3.8,2.5,4.0,5.64,Yes
63,3.8,1.1,5.8,6.23,Yes
74,3.6,3.1,7.3,6.69,No
100,3.4,1.6,7.1,6.63,Yes
53,4.1,4.7,,6.08,No
69,3.6,6.3,4.1,5.13,No
64,2.4,6.5,4.6,,No
78,2.0,5.6,7.8,6.07,No
78,2.9,2.2,6.9,6.64,Yes
50,5.1,3.4,7.6,5.29,No
72,4.2,2.8,7.5,7.09,Yes
38,3.7,2.0,9.0,6.54,No
86,0.0,3.2,6.0,5.65,No
44,0.6,3.5,6.1,3.78,No
56,3.5,3.0,6.9,5.47,No
76,4.8,4.1,7.9,5.41,Yes
60,2.3,3.2,4.5,4.1,Yes
75,3.1,2.7,5.8,5.76,No
97,2.3,3.9,6.3,6.36,Yes
86,1.3,4.8,6.6,4.46,Yes
62,2.3,4.0,7.3,,No
66,3.2,3.4,8.2,6.62,No
52,5.6,3.8,7.5,6.13,Yes
85,2.8,6.5,6.6,4.27,No
77,3.0,2.2,6.7,4.94,No
57,5.2,3.9,6.6,5.26,No
74,3.9,4.4,8.8,5.23,No
46,3.9,2.3,7.5,5.09,No
75,4.0,3.2,5.3,5.74,No
89,2.3,3.7,6.3,6.64,No
80,3.1,1.8,5.6,5.79,Yes
74,3.7,3.0,7.8,7.2,Yes
85,2.4,1.2,4.5,5.75,No
63,2.8,5.7,5.8,4.45,No
37,2.7,0.6,5.9,4.6,No
90,1.2,2.8,6.0,6.04,No
83,5.1,0.5,5.5,7.97,Yes
75,2.4,6.2,6.2,4.91,No
71,2.1,5.8,7.7,5.55,Yes
82,3.5,6.2,6.9,4.26,No
82,5.4,3.1,7.1,5.62,No
67,2.1,5.4,7.6,4.67,No
89,3.0,2.8,7.4,6.06,No
81,0.0,4.1,4.4,4.94,No
61,5.8,4.0,6.5,6.79,No
100,2.1,3.7,6.5,5.72,Yes
58,0.0,2.1,4.9,5.28,No
40,4.6,4.4,8.3,4.35,No
50,1.0,3.9,5.1,5.5,No
87,0.9,2.9,5.9,5.59,Yes
88,1.3,5.2,6.3,4.15,No
55,2.1,1.8,7.6,4.34,No
61,5.4,1.9,6.2,5.79,No
61,0.8,2.3,5.5,4.54,Yes
82,4.1,1.9,8.3,7.28,Yes
52,1.8,2.7,,4.53,No
84,2.0,4.0,4.8,4.63,Yes
72,2.4,2.3,6.7,5.7,No
61,2.7,4.4,7.3,5.7,No
63,3.5,5.5,6.9,5.75,No
66,0.3,6.1,7.3,3.92,No
66,6.4,1.0,6.9,6.33,No
59,2.9,4.7,5.7,5.58,Yes
100,1.1,4.1,4.5,6.82,No
78,5.1,2.8,8.0,5.95,Yes
83,2.7,3.2,6.4,6.06,No
72,2.7,3.3,6.9,4.91,No
74,4.3,5.0,6.3,6.2,No
65,0.0,4.8,6.2,2.81,No
87,4.0,5.3,7.7,5.6,Yes
71,3.3,2.4,6.3,5.68,No
60,2.0,3.4,7.3,4.66,No
29,2.5,5.4,4.7,4.35,No
56,1.9,3.5,4.8,4.23,Yes
67,3.1,5.5,5.6,4.79,No
70,3.3,3.1,3.7,6.06,Yes
52,1.2,5.5,6.7,3.5,No
37,1.7,2.7,5.2,4.36,No
100,0.0,0.8,6.1,6.42,Yes
70,1.2,4.2,6.0,5.44,No
65,1.7,3.5,5.7,5.37,No
72,0.0,0.1,4.8,3.66,No
53,3.6,2.8,7.1,6.2,Yes
86,4.0,4.8,7.3,6.58,No
62,6.4,3.0,7.2,7.5,No
59,3.6,5.4,6.2,4.57,No
61,1.7,2.7,6.3,4.9,Yes
59,2.9,2.8,4.9,6.11,No
53,3.6,1.2,6.2,7.14,Yes
76,3.5,6.0,6.1,5.04,No
78,1.4,6.4,6.8,5.25,No
50,5.0,5.8,5.5,5.0,Yes
65,4.0,4.3,6.5,5.04,No
72,4.5,1.5,6.1,4.73,No
62,4.7,3.6,7.3,4.93,No
81,4.2,1.0,8.2,6.45,Yes
93,3.9,4.5,7.4,5.35,No
77,3.7,2.4,6.4,5.28,No
70,3.3,2.9,6.1,6.05,No
58,2.7,2.0,7.0,6.25,No
48,3.2,,4.4,5.04,No
58,1.7,3.4,5.9,3.88,No
81,4.3,6.1,6.9,6.24,No
55,2.2,4.0,5.2,4.24,No
88,2.2,6.1,6.4,4.67,No
64,3.1,4.8,7.3,5.17,Yes
52,3.2,4.6,7.3,4.55,No
73,3.2,,5.0,4.67,No
56,4.2,1.3,5.1,5.41,No
82,,1.4,5.9,7.11,Yes
57,1.8,,7.6,5.42,No
39,2.6,2.5,5.9,4.69,No
62,2.7,4.4,6.5,6.53,No
46,3.0,4.7,6.5,4.92,No
81,3.3,3.4,6.6,3.79,No
85,1.5,1.2,6.7,4.64,No
61,4.0,5.7,7.8,5.06,No
93,3.4,1.7,6.4,6.58,Yes
57,2.0,5.2,5.6,4.85,No
65,3.7,6.0,6.8,6.48,No
53,2.3,3.5,3.8,5.95,No
44,3.1,1.9,6.2,4.45,No
75,1.9,2.9,4.8,5.47,Yes
92,4.1,7.9,6.1,6.05,No
63,2.8,4.4,7.6,5.79,No
70,3.4,3.8,,3.1,No
51,3.8,3.1,5.4,4.53,No
61,4.2,3.6,6.6,6.45,No
46,4.5,3.3,7.3,5.47,No
92,4.2,3.0,7.7,5.67,Yes
51,3.3,4.8,6.1,5.27,No
69,3.3,5.3,5.4,4.94,No
93,1.8,1.9,6.5,5.93,Yes
71,,6.1,6.2,4.78,No
68,0.7,5.8,7.4,5.68,No
74,4.1,3.7,7.3,5.75,Yes
50,1.8,7.1,6.6,3.65,No
42,5.2,2.1,5.4,6.98,Yes
73,3.7,3.6,5.8,4.96,No
71,3.4,5.7,6.6,5.49,No
74,3.1,3.3,7.8,5.69,No
32,4.9,2.2,5.7,5.51,No
49,1.8,3.8,6.9,3.94,No
71,3.9,4.8,7.3,4.9,No
67,4.0,3.7,8.6,7.58,Yes
83,3.1,5.4,7.6,4.54,No
74,2.9,4.3,6.0,6.1,No
87,5.2,0.6,3.7,7.72,No
86,1.5,2.9,5.3,5.81,No
79,0.6,4.2,5.8,4.15,No
68,2.9,2.9,5.6,5.93,Yes
74,2.8,,5.7,6.04,Yes
76,3.1,4.3,4.6,5.6,No
87,2.1,6.2,6.8,6.0,No
64,,4.2,6.5,5.05,No
76,0.8,4.4,,5.96,No
49,6.4,3.6,9.4,5.71,No
64,1.4,4.4,8.0,4.22,No
73,3.8,2.2,7.3,6.48,No
75,2.9,4.6,6.4,4.19,No
79,3.0,3.8,6.2,6.38,Yes
59,2.1,4.1,6.9,5.19,No
70,4.2,4.9,7.1,5.27,Yes
62,2.5,,5.1,5.33,No
97,2.7,3.2,7.1,5.05,No
47,1.4,4.3,6.5,4.7,No
100,5.1,4.2,7.5,6.91,No
80,2.6,1.6,8.2,5.04,No
29,2.1,2.6,4.9,4.5,No
62,3.0,3.4,7.2,5.65,No
73,6.1,4.6,6.8,6.1,No
69,0.5,4.6,7.7,4.84,Yes
45,5.2,5.6,6.7,5.58,Yes
52,5.4,4.8,6.2,5.19,No
71,2.8,6.7,6.4,3.89,No
49,0.0,3.2,4.9,5.33,No
82,2.5,5.4,6.2,5.97,No
66,2.4,1.3,7.3,3.92,No
78,0.4,4.3,7.2,5.86,No
53,0.2,3.6,6.3,3.99,No
49,4.7,3.3,8.3,5.03,No
85,3.9,3.4,6.3,7.53,Yes
69,1.3,3.4,7.6,4.97,No
45,3.3,4.0,4.9,5.3,No
57,0.9,3.3,7.1,6.33,No
72,0.9,4.8,6.6,4.85,No
47,2.1,1.6,6.1,4.68,No
27,1.8,4.0,7.2,4.22,No
47,2.5,4.0,6.7,4.69,No
81,2.9,3.3,7.0,5.93,Yes
43,1.8,4.3,7.2,3.66,No
84,3.8,1.1,5.8,7.69,Yes
74,4.5,3.4,8.6,5.67,No
58,0.7,2.9,8.3,4.24,No
87,5.7,4.7,6.4,5.51,Yes
49,2.4,4.3,7.1,5.61,No
60,3.0,4.2,5.6,5.43,No
68,2.8,4.5,5.0,5.93,No
63,3.6,0.8,7.2,6.6,Yes
70,3.4,4.1,8.3,5.27,Yes
78,3.7,5.5,6.2,6.02,Yes
60,0.3,3.8,6.8,5.31,Yes
92,6.0,3.4,5.4,6.62,Yes
55,4.7,3.5,4.7,5.38,No
65,0.9,3.3,5.9,3.89,No
76,,3.7,6.4,6.9,No
67,0.0,2.9,7.7,3.9,No
48,0.5,6.5,5.0,3.9,No
69,2.7,3.4,5.3,6.24,No
55,3.7,4.7,5.3,4.43,No
95,4.3,3.3,8.1,6.29,Yes
91,1.0,3.4,8.5,5.2,No
71,6.0,4.7,8.8,,Yes
65,4.0,3.9,8.1,4.36,No
85,1.1,3.6,6.8,5.25,No
87,3.3,3.1,6.5,5.98,No
76,2.4,3.8,7.4,5.42,No
90,1.1,3.7,6.3,5.99,No
75,2.2,2.4,8.3,5.48,No
71,,4.2,7.2,4.06,No
74,0.6,4.4,6.1,4.74,Yes
61,2.6,5.1,5.8,4.76,No
81,3.7,4.1,6.7,6.39,Yes
66,4.5,3.4,6.3,5.28,No
74,3.7,1.9,7.3,6.35,Yes
65,2.3,2.7,6.8,5.19,No
76,3.0,4.2,6.6,5.2,No
73,3.5,2.4,9.3,5.05,Yes
84,3.4,0.2,7.5,6.92,Yes
61,2.9,4.9,7.2,6.53,No
60,2.9,3.5,5.7,6.92,No
80,,3.3,4.3,6.48,Yes
95,3.0,2.7,10.0,6.41,No
65,2.5,3.8,6.2,5.49,No
79,1.2,3.4,5.0,5.1,Yes
56,4.1,2.8,6.3,5.51,Yes
62,3.4,5.2,7.1,7.25,No
70,2.0,1.6,7.1,6.4,No
74,2.7,0.8,4.9,6.43,Yes
73,3.1,5.0,3.0,4.41,No
66,4.1,3.9,8.1,5.63,No
48,2.5,2.4,8.4,5.2,No
50,3.0,2.3,8.2,5.13,No
89,5.1,3.5,6.4,5.51,Yes
63,0.0,3.9,5.3,3.83,No
69,1.6,5.0,7.4,4.84,No
72,3.6,4.4,6.7,5.1,No
100,4.4,3.0,7.1,5.63,No
65,1.4,3.5,6.6,5.4,No
84,1.6,4.3,5.5,5.98,No
55,3.1,5.8,7.1,6.32,No
62,0.5,3.8,6.6,4.84,No
77,2.7,3.9,5.6,5.9,Yes
79,2.8,2.8,6.3,6.37,No
75,2.7,3.3,7.0,5.06,No
70,1.6,4.0,5.9,5.82,No
68,2.1,3.6,8.4,5.5,Yes
88,0.4,3.5,5.0,5.25,Yes
92,1.1,1.6,4.1,5.26,No
68,2.5,3.7,7.0,4.66,Yes
69,3.9,5.4,5.1,5.13,No
65,3.3,5.6,7.1,5.52,No
62,4.0,5.5,7.5,4.61,No
81,3.5,1.6,5.8,5.47,Yes
67,5.1,5.0,7.9,6.45,No
73,1.8,4.7,5.1,5.23,Yes
76,3.7,6.6,7.2,7.01,No
22,3.4,4.1,3.4,2.74,No
60,3.1,4.0,6.3,,No
71,2.1,3.9,,5.84,No
81,1.9,6.9,6.8,5.71,No
93,2.4,3.2,6.8,6.27,No
70,1.0,5.2,9.0,5.24,No
47,1.1,2.9,8.3,5.3,No
78,2.9,3.5,5.0,5.56,Yes
68,2.9,3.3,7.0,6.14,No
99,2.8,2.4,5.7,6.55,Yes
88,0.8,5.1,8.2,5.36,No
50,0.8,5.7,7.0,4.27,No
60,2.1,5.4,6.3,5.39,No
92,6.0,3.9,8.5,6.64,No
71,1.5,5.6,7.8,5.66,No
78,4.0,1.7,6.2,6.52,Yes
66,2.3,5.5,6.3,5.52,No
97,1.2,5.4,7.5,6.93,No
72,3.0,5.1,6.4,6.72,No
82,1.8,4.4,5.2,6.18,No
48,3.2,4.9,6.0,5.01,No
51,3.2,3.9,6.9,5.28,Yes
100,0.1,4.1,6.9,4.49,No
52,3.8,3.4,4.6,5.73,No
79,1.5,3.3,6.1,6.33,No
83,3.3,2.3,5.5,4.98,No
74,3.1,1.4,8.3,6.55,Yes
84,4.9,6.6,6.6,6.32,No
42,2.9,2.5,7.1,4.38,No
88,3.4,2.4,5.6,6.96,Yes
34,1.0,5.4,7.3,6.1,No
82,4.9,7.3,5.7,5.5,Yes
100,3.7,5.4,6.4,4.29,No
88,2.1,,5.2,5.39,Yes
71,4.7,2.3,6.9,,Yes
66,4.0,5.8,3.4,5.89,No
69,2.6,3.7,9.8,5.43,No
53,0.2,1.0,7.6,4.51,No
67,3.2,3.1,6.2,5.11,No
48,2.6,5.1,8.0,4.41,No
57,5.7,2.4,7.3,6.2,Yes
83,3.6,4.8,5.7,5.2,No
82,1.3,2.1,6.0,5.99,Yes
76,4.4,2.3,4.8,6.71,Yes
72,1.6,4.7,6.2,,No
43,2.9,2.6,5.9,4.4,No
64,2.9,4.7,6.0,5.36,No
68,1.7,1.0,5.5,6.67,No
46,0.2,2.9,6.8,4.59,No
49,3.9,4.8,5.8,4.0,No
84,3.3,6.5,5.3,6.73,Yes
74,2.3,5.3,7.0,5.39,No
52,1.2,3.4,6.8,5.59,No
90,,5.1,4.7,6.84,No
84,1.8,3.6,6.5,5.38,Yes
68,1.7,5.2,7.3,5.48,Yes
51,1.9,5.0,5.2,4.24,No
93,3.3,7.0,6.3,5.65,No
95,2.7,4.7,4.8,5.72,Yes
87,6.3,2.8,9.4,7.79,Yes
86,4.7,4.0,8.0,5.25,No
69,0.5,2.4,5.4,4.56,No
71,3.2,2.1,7.2,6.14,No
90,4.6,3.3,6.2,7.22,Yes
73,3.3,3.7,6.5,6.38,No
57,1.2,3.0,7.8,5.7,No
56,4.0,1.1,7.7,4.55,No
86,2.9,1.4,5.9,5.08,Yes
100,2.3,4.2,5.5,,No
78,3.1,1.5,7.7,5.25,No
100,3.1,4.6,5.7,5.57,Yes
40,1.4,5.8,8.7,3.21,No
51,0.6,2.9,,4.91,No
62,,3.1,6.8,6.24,Yes
40,2.0,4.7,5.8,4.5,No
66,2.7,3.1,3.6,5.58,No
87,3.5,2.3,5.9,5.95,Yes
39,3.7,3.0,4.7,4.06,No
83,2.5,3.0,6.3,6.89,No
51,3.1,4.6,7.4,6.26,No
57,3.8,2.4,6.5,5.64,No
67,2.2,4.9,6.8,6.6,No
69,1.7,4.8,5.9,4.52,Yes
85,2.1,2.1,5.2,5.06,Yes
67,6.1,5.1,7.9,5.67,Yes
80,3.8,0.2,5.4,5.03,No
85,1.8,2.2,4.7,5.19,No
71,3.3,1.5,6.8,5.31,No
100,3.0,5.4,5.3,5.77,Yes
60,4.2,4.2,6.8,6.55,Yes
57,5.9,3.1,7.0,5.79,No
58,2.3,4.7,7.2,4.96,No
100,2.3,,6.0,5.26,Yes
82,3.0,7.0,6.3,4.3,Yes
87,2.3,5.3,5.7,4.44,No
80,1.9,5.8,7.4,5.06,No
68,4.7,1.9,6.0,5.74,No
72,1.4,6.5,4.6,4.74,No
55,2.4,2.5,6.0,5.9,No
100,5.6,1.0,6.6,8.2,Yes
68,1.3,2.8,5.9,4.18,No
56,2.4,5.0,5.8,5.16,No
48,3.1,3.2,7.0,5.64,No
95,2.2,3.8,7.3,5.66,Yes
85,2.5,2.1,4.6,6.52,Yes
77,0.0,3.7,8.0,4.49,No
41,3.4,4.2,5.7,4.55,Yes
75,4.0,3.4,6.6,4.96,No
66,2.1,,7.0,5.12,No
62,3.8,3.5,7.4,6.54,No
90,2.5,3.5,5.6,4.86,No
49,5.3,5.5,6.6,5.98,No
48,,5.2,5.8,2.32,No
45,2.7,5.6,5.9,4.86,No
56,5.2,2.9,6.9,5.56,Yes
49,,1.6,5.4,5.31,No
83,1.5,2.6,7.2,4.88,Yes
56,1.7,2.7,6.0,4.8,Yes
72,1.6,1.4,6.4,4.34,No
60,4.5,3.9,6.4,4.57,No
84,5.8,4.3,5.6,6.54,No
80,2.2,1.7,6.7,5.78,Yes
70,4.6,1.5,9.6,5.82,Yes
94,3.9,2.9,8.2,7.22,Yes
61,3.2,5.4,5.7,4.53,No
64,2.0,0.7,3.7,6.3,Yes
72,2.6,4.8,4.1,4.68,No
79,4.3,3.8,4.0,6.37,Yes
41,2.0,0.0,5.6,5.11,No
87,4.3,2.7,,5.27,No
60,2.1,2.5,5.6,5.55,No
79,2.3,,3.7,5.6,No
58,3.1,2.6,6.1,4.75,No
90,0.9,2.8,7.7,6.11,Yes
85,2.5,2.2,8.4,7.06,Yes
85,4.3,4.6,7.1,6.03,No
76,1.7,1.2,6.3,6.0,Yes
67,4.2,2.7,4.9,5.95,No
44,1.8,2.6,7.3,4.85,No
70,5.4,3.0,4.1,6.45,Yes
87,8.5,1.6,5.4,7.64,Yes
82,0.7,3.1,4.9,,Yes
58,1.5,2.7,7.1,4.25,No
100,4.2,2.2,7.2,6.4,No
85,3.1,3.4,5.5,5.85,No
58,1.8,4.1,6.3,4.45,No
61,1.9,2.5,7.7,5.51,No
54,2.5,1.9,5.4,5.37,No
67,2.5,2.3,5.6,5.56,No
93,2.3,3.4,7.9,5.77,No
76,1.9,2.3,6.5,4.48,No
94,0.1,2.8,7.4,5.65,No
93,3.0,2.1,,6.38,No
90,3.9,2.5,7.8,5.75,Yes
95,3.1,3.0,6.9,6.47,No
69,4.3,3.7,5.8,6.37,No
72,3.4,2.2,6.6,5.05,Yes
49,2.6,2.2,7.9,4.91,No
78,3.1,3.9,6.1,6.28,No
73,2.5,5.0,7.7,6.37,No
99,1.9,0.9,6.2,7.32,Yes
64,0.1,3.1,5.9,5.5,No
54,3.7,,7.4,5.49,No
48,2.3,1.7,5.5,5.1,No
90,0.5,4.0,8.2,5.32,Yes
72,3.5,0.9,7.8,6.91,No
65,0.0,3.7,5.1,5.27,No
73,2.9,4.2,7.6,5.07,No
50,4.1,4.1,7.6,5.29,No
50,4.2,2.6,6.4,4.46,No
95,0.4,3.0,6.7,5.86,No
72,2.6,4.8,4.8,7.2,No
76,3.0,2.4,7.8,5.55,Yes
70,2.5,3.5,5.6,5.5,No
60,5.5,2.6,4.1,,Yes
60,5.2,3.6,5.8,6.65,No
54,2.9,1.5,5.4,5.52,No
87,4.6,2.2,6.8,5.81,No
77,2.0,4.0,8.2,5.09,No
61,3.6,3.0,6.9,6.29,Yes
81,2.5,5.9,7.4,6.58,No
57,5.3,4.9,9.2,5.19,No
85,4.3,6.0,6.2,6.03,No
57,3.8,3.4,4.0,5.46,No
72,4.2,2.1,5.4,5.75,No
59,1.2,0.4,6.9,5.22,No
92,2.0,3.1,5.4,6.42,Yes
91,2.4,2.6,7.5,7.0,Yes
80,4.6,3.4,5.1,5.86,No
68,2.8,2.0,,5.62,No
62,2.7,0.8,4.9,4.29,No
73,2.0,2.7,9.3,6.49,No
59,2.7,3.0,6.2,6.04,No
83,0.8,0.4,6.1,4.29,No
67,4.5,2.4,,,Yes
71,3.6,1.7,7.3,4.44,No
73,3.1,5.4,8.3,5.78,No
93,2.4,3.5,8.8,5.68,No
69,1.8,3.2,7.9,5.53,No
97,3.6,2.2,7.1,5.91,Yes
83,1.3,4.3,6.0,5.15,No
82,1.9,1.8,7.6,4.28,No
60,3.3,6.3,8.0,5.89,No
52,2.4,6.0,6.1,5.41,No
71,0.0,6.1,6.2,3.84,No
54,3.6,3.9,7.9,3.87,Yes
43,2.6,3.0,3.1,4.2,No
63,0.9,2.9,7.2,4.33,Yes
45,2.6,2.4,5.6,5.07,No
84,4.1,4.1,5.6,5.47,No
53,4.2,2.4,5.6,5.02,Yes
45,3.0,4.3,4.5,4.35,No
61,2.8,2.4,6.2,5.06,No
78,3.1,4.6,7.5,4.44,No
63,3.3,4.4,5.5,5.76,No
82,3.9,3.1,6.7,6.93,No
79,4.0,2.1,5.1,6.11,No
74,4.8,1.3,4.2,6.78,Yes
60,5.8,3.8,3.0,4.77,No
76,7.0,2.1,6.8,6.34,Yes
33,2.9,2.2,7.6,4.67,No
68,2.3,3.1,7.0,5.01,No
87,3.4,1.8,,6.53,Yes
60,3.2,3.7,8.4,5.32,No
74,3.0,2.8,7.4,6.33,Yes
42,2.5,3.8,7.8,6.58,No
81,4.6,5.7,7.7,6.07,No
65,4.9,3.3,7.3,6.44,Yes
65,4.0,2.8,6.1,6.18,No
64,3.7,4.7,5.5,4.25,No
74,2.6,4.6,7.1,6.67,No
63,4.1,1.9,5.8,6.86,No
71,3.6,5.3,6.8,4.66,No
51,4.2,2.3,6.5,4.98,No
63,3.3,2.1,5.9,4.94,No
74,2.7,5.2,6.8,5.34,No
67,3.3,5.1,,5.5,No
75,5.2,3.0,6.3,5.79,Yes
79,1.6,4.2,3.7,5.9,No
79,3.5,2.2,6.4,5.49,No
80,2.2,4.1,5.8,5.7,No
39,2.9,1.2,5.0,4.72,No
52,0.9,5.0,8.7,3.32,No
97,6.3,3.1,5.5,8.78,Yes
84,2.7,1.8,8.0,5.19,No
64,1.8,3.4,6.5,4.81,No
78,5.4,1.3,6.3,6.55,No
61,2.4,4.0,7.2,,Yes
79,3.2,3.6,8.6,5.33,No
55,2.2,4.0,6.5,6.37,No
75,0.3,2.8,5.9,4.57,No
67,3.2,1.3,7.2,5.44,Yes
81,3.6,2.6,7.8,6.72,No
100,5.4,1.1,7.1,6.13,No
71,3.9,5.0,7.6,4.34,No
41,3.0,2.0,7.8,5.86,No
73,2.2,0.9,7.8,5.68,No
68,3.8,3.6,6.5,6.24,Yes
34,5.4,6.3,8.2,5.72,No
58,1.4,3.0,,4.56,Yes
81,0.0,3.8,8.1,6.13,No
85,5.3,1.7,8.4,6.91,No
85,1.4,3.5,7.6,6.56,No
94,0.5,0.8,7.8,4.6,No
65,2.9,0.9,7.7,6.27,No
55,1.9,5.2,6.6,3.85,No
46,0.4,3.0,7.2,4.72,No
69,3.3,4.2,8.5,5.57,No
61,3.1,6.4,5.3,6.02,No
57,3.8,2.0,8.1,5.14,No
45,4.4,4.3,3.6,4.56,No
64,3.3,,5.8,4.52,No
57,4.2,2.3,6.7,4.71,No
59,0.9,4.4,6.4,6.46,No
96,0.0,2.8,,5.23,No
69,1.8,3.0,4.7,5.4,No
67,2.6,1.9,7.2,4.66,No
82,2.9,2.7,5.5,7.4,No
62,3.5,2.8,7.6,4.97,No
77,4.9,4.0,5.1,5.65,No
80,3.6,3.5,7.0,5.38,Yes
55,3.2,3.5,8.2,6.64,No
66,1.9,4.4,5.7,5.11,No
48,4.6,5.3,6.5,,No
53,3.5,0.0,6.4,4.7,No
58,1.9,6.2,6.1,4.51,No
75,1.1,3.3,6.4,6.64,No
53,4.5,6.8,4.6,5.03,No
71,3.8,4.2,7.1,5.86,Yes
65,4.8,4.0,6.2,5.27,No
65,1.5,2.7,6.3,4.63,No
81,0.0,2.5,7.6,5.73,No
95,3.4,5.2,5.7,5.93,Yes
45,0.6,3.6,6.6,4.92,No
78,4.0,5.0,3.5,5.99,Yes
99,3.0,2.4,9.0,5.97,Yes
84,5.3,2.8,8.1,5.73,Yes
78,3.1,0.0,6.1,6.59,Yes
42,1.0,0.7,8.8,6.41,No
88,3.8,3.9,7.0,6.19,Yes
94,3.1,1.2,3.9,6.04,No
79,2.7,4.6,5.5,5.06,Yes
83,3.5,3.1,7.1,6.28,No
85,,2.8,5.9,6.44,Yes
80,2.0,2.8,5.9,5.86,Yes
82,,4.5,7.0,5.33,Yes
45,5.4,5.3,7.6,5.69,No
100,2.9,0.2,5.6,5.45,Yes
84,2.7,4.0,8.8,6.45,No
83,1.1,4.3,6.3,4.73,No
75,3.9,3.7,6.5,7.04,Yes
40,1.1,3.6,6.4,4.47,No
35,2.7,3.9,5.0,4.3,No
77,4.0,5.4,5.6,5.15,No
69,7.2,3.6,4.7,6.54,No
81,3.0,1.1,4.9,5.6,Yes
65,4.5,3.5,5.3,6.34,No
64,1.3,2.1,6.0,4.74,No
66,2.1,1.9,5.4,5.84,No
63,2.2,3.1,5.9,4.49,No
54,2.8,3.4,6.6,6.29,No
51,0.8,2.5,5.6,5.36,No
77,2.4,5.7,6.4,6.15,No
79,0.6,3.2,8.4,5.62,No
25,4.7,5.4,5.8,5.65,No
66,2.4,2.5,6.1,5.76,No
66,1.9,6.0,6.9,4.71,No
76,1.5,2.1,7.6,5.47,No
77,2.4,4.6,5.9,3.94,No
80,3.5,5.8,5.5,6.43,No
64,1.8,3.3,7.3,5.06,No
59,3.3,,7.4,5.28,No
44,3.8,3.8,5.7,6.98,No
68,2.8,3.6,6.8,4.02,No
46,1.2,2.5,8.0,5.78,No
59,3.9,2.9,8.4,5.7,No
49,3.8,5.3,7.9,3.82,No
90,4.6,1.8,7.0,6.4,Yes
50,3.5,5.9,6.0,4.95,No
57,1.7,1.8,6.2,4.77,No
78,3.1,4.8,6.3,5.36,No
87,3.1,5.8,6.6,5.12,No
59,0.8,2.4,7.4,4.33,No
92,0.1,4.6,6.2,5.61,No
65,3.9,3.3,6.2,4.83,No
87,2.6,1.1,7.4,5.33,No
70,2.1,3.8,5.0,4.88,No
50,4.2,2.8,7.0,5.52,Yes
56,4.7,4.5,6.6,6.0,No
68,1.7,3.8,6.4,4.9,No
85,5.8,6.0,5.5,6.43,No
78,1.0,3.6,6.0,5.45,No
88,3.5,,7.1,5.75,Yes
59,2.5,4.4,6.5,4.51,No
46,4.9,7.3,7.6,4.53,No
79,3.3,4.7,7.5,5.15,No
76,2.2,2.9,5.1,4.59,No
67,5.5,3.3,3.9,5.65,No
62,2.4,1.3,6.7,5.4,No
63,3.3,2.6,6.1,5.32,No
58,0.2,0.5,6.2,4.72,No
75,0.2,4.3,6.5,4.13,No
79,1.5,1.4,5.5,4.36,No
89,2.7,3.2,6.7,6.23,No
70,5.4,2.5,6.8,7.22,No
74,2.9,3.2,5.9,6.11,No
45,4.5,,6.8,5.79,No
71,2.2,4.0,5.2,4.44,No
79,,2.3,6.1,7.18,No
57,3.9,0.0,6.1,,No
91,2.9,3.2,8.2,4.94,No
57,4.4,4.1,6.8,5.18,Yes
73,2.9,2.4,7.8,6.04,Yes
72,3.1,4.5,6.5,5.37,Yes
56,3.9,3.5,5.7,5.67,No
67,3.7,5.3,6.3,4.49,No
70,0.9,4.6,5.4,4.8,No
71,3.0,3.5,6.3,5.47,No
46,4.4,3.3,,6.7,No
75,3.2,0.7,7.3,7.28,Yes
84,3.4,0.9,7.3,6.69,Yes
83,4.3,1.7,7.5,6.29,No
81,4.0,4.0,6.4,5.25,No
55,1.5,4.3,6.5,4.74,No
80,1.0,2.7,6.4,4.47,No
47,5.3,5.0,7.4,5.56,Yes
67,2.5,6.0,6.3,,No
53,2.2,4.6,5.3,5.11,No
84,2.8,4.1,5.9,4.82,No
71,5.0,2.6,9.3,5.25,Yes
40,2.9,1.6,7.7,5.26,No
64,2.9,2.1,5.8,5.73,No
48,2.1,5.7,4.2,5.44,No
61,1.4,3.3,7.1,5.88,No
64,0.2,5.2,7.4,5.19,Yes
79,3.1,0.1,8.1,7.09,No
83,1.4,2.3,,5.43,Yes
48,2.3,1.8,6.2,6.05,No
65,2.3,3.1,7.6,5.51,No
64,3.7,4.8,7.4,4.29,No
50,0.0,5.4,7.5,2.53,No
65,5.4,2.9,5.0,6.01,No
82,3.4,5.0,8.0,5.51,No
54,3.7,3.6,6.8,3.68,No
82,1.4,2.9,6.4,6.34,No
49,2.7,4.6,5.9,5.34,No
93,3.6,2.7,8.0,6.17,Yes
69,4.0,3.7,4.9,5.51,Yes
58,4.0,2.0,4.3,6.31,No
79,3.4,1.3,4.8,6.21,No
100,2.4,3.3,7.8,4.94,Yes
90,0.9,2.2,6.0,5.72,No
69,2.6,5.5,3.5,6.3,No
89,5.8,5.5,6.0,5.37,No
100,1.0,1.9,7.9,6.25,Yes
64,0.6,3.4,5.1,5.61,No
72,6.0,5.9,6.7,6.01,No
57,3.1,4.1,5.4,5.56,No
64,0.7,3.4,8.8,5.68,No
65,3.1,2.8,5.8,6.15,No
63,2.6,3.9,4.8,5.08,Yes
87,5.4,4.3,6.7,7.44,Yes
41,5.2,3.2,,5.6,No
70,,5.9,5.6,5.37,No
69,4.0,4.7,7.3,4.75,No
62,2.7,5.3,6.4,4.89,No
82,5.8,4.2,5.7,6.85,Yes
81,3.1,3.6,5.6,6.41,No
70,2.0,4.6,5.3,4.89,No
74,5.0,4.7,6.4,,No
69,3.4,2.7,6.2,5.11,Yes
79,2.8,3.1,5.9,5.67,No
93,2.0,2.8,6.2,5.53,No
85,2.5,5.8,5.2,5.74,Yes
100,5.0,5.5,6.7,7.13,Yes
82,3.0,4.4,5.4,5.69,No
42,,6.7,9.6,3.08,No
79,0.3,2.6,6.3,4.0,No
58,2.7,4.4,6.2,5.56,No
89,2.9,2.0,7.4,6.27,No
65,3.5,1.9,7.1,7.4,Yes
50,2.4,1.7,4.6,5.37,No
75,3.6,0.8,7.4,5.53,Yes
65,4.0,3.3,5.4,5.11,Yes
76,2.0,3.3,5.9,5.87,No
75,5.7,5.4,5.7,6.9,No
75,1.6,3.5,6.3,4.45,No
75,0.4,3.4,7.8,5.41,No
83,3.9,6.1,5.4,4.6,No
72,3.2,5.0,5.8,4.42,No
68,3.9,3.5,6.4,4.83,No
66,2.3,2.1,7.0,4.94,No
64,4.8,1.6,6.9,6.31,Yes
65,4.2,3.1,6.4,6.07,Yes
82,7.7,6.2,5.5,6.94,Yes
89,2.4,1.8,6.6,5.19,No
81,2.5,0.5,8.9,6.67,Yes
74,1.9,1.3,5.6,6.18,Yes
71,1.6,3.2,7.9,5.85,No
73,3.4,4.0,6.8,5.75,No
73,1.2,5.4,7.0,4.25,No
61,1.0,5.3,6.2,4.43,No
59,3.2,2.4,4.4,6.36,No
71,5.0,3.1,7.4,5.78,Yes
57,0.4,4.7,4.7,4.13,No
58,3.7,3.0,6.7,5.81,No
59,,2.1,5.3,5.41,Yes
87,0.2,2.5,8.0,4.81,No
92,2.2,5.8,5.7,4.69,No
70,4.5,2.4,6.8,6.36,Yes
70,4.1,1.9,4.4,5.23,Yes
80,0.3,4.0,4.9,3.26,No
56,3.0,3.8,5.4,4.3,No
71,4.9,0.9,6.8,6.95,Yes
99,5.3,4.6,7.4,5.77,No
69,2.8,3.1,6.1,4.96,No
68,2.5,6.0,4.8,4.01,No
68,3.8,2.7,5.8,6.0,Yes
66,4.0,3.9,6.7,6.1,No
76,2.0,4.7,7.5,5.72,No
74,3.1,4.5,7.3,5.95,No
39,2.6,2.6,6.3,4.77,No
78,4.0,1.9,7.8,6.32,No
55,2.3,4.2,8.0,4.38,No
80,1.4,3.3,7.3,6.51,No
70,0.0,5.3,4.2,5.29,No
72,3.5,4.1,3.6,6.88,No
73,1.5,4.3,5.6,5.28,No
61,2.6,2.1,4.9,4.62,No
61,3.0,4.9,8.7,5.47,No
81,2.1,5.2,6.7,6.42,No
62,3.6,3.8,5.6,5.53,Yes
54,6.8,3.1,7.2,6.52,No
77,5.6,3.9,4.6,5.46,Yes
76,1.5,2.1,7.9,6.12,Yes
69,1.9,0.0,8.1,6.32,No
73,1.7,0.0,5.9,6.14,No
71,0.6,1.6,6.3,4.86,No
79,3.3,3.0,5.8,5.62,Yes
82,3.7,5.7,6.9,5.74,No
77,3.3,3.6,5.9,6.95,Yes
83,3.3,4.4,6.7,6.54,Yes
94,0.2,3.4,6.8,4.02,No
76,0.3,2.5,4.9,6.26,No
69,4.0,2.9,8.5,5.57,Yes
46,2.8,2.4,7.6,5.28,No
50,4.3,1.9,6.3,4.93,No
75,1.5,4.6,5.3,5.32,No
66,2.5,3.1,6.8,5.46,No
62,2.2,2.2,8.0,6.1,Yes
78,5.4,3.8,4.3,6.23,No
80,5.4,4.9,5.6,7.58,No
75,1.4,2.2,6.6,5.29,No
64,3.2,5.0,8.3,5.14,No
99,4.2,3.7,6.5,6.35,Yes
68,4.5,4.9,6.2,5.59,No
83,1.8,5.5,6.9,4.68,No
66,3.6,1.6,7.7,6.45,Yes
54,3.2,1.1,6.7,5.34,No
71,2.9,2.5,5.7,6.3,No
100,0.0,2.9,7.5,5.46,No
84,2.2,3.9,7.6,5.63,No
68,2.4,4.0,8.4,5.61,No
78,4.1,6.6,6.8,5.39,No
65,2.7,0.3,6.1,5.46,No
80,4.9,3.8,5.8,,Yes
99,0.8,4.9,5.7,5.22,No
62,5.0,1.8,5.1,5.4,Yes
74,2.0,2.8,6.8,4.82,Yes
75,2.1,5.3,9.2,3.98,No
64,2.5,1.2,9.5,5.09,No
63,0.5,4.2,5.0,4.29,No
72,3.1,5.6,7.0,5.81,No
60,7.3,0.4,,7.49,Yes
85,1.5,2.7,6.1,4.26,No
67,2.3,6.0,6.8,4.94,Yes
68,3.9,4.3,8.6,5.4,Yes
55,2.9,3.9,7.4,4.83,No
57,4.5,4.9,7.4,5.07,No
62,0.6,1.9,5.0,6.39,No
62,1.2,2.9,7.0,5.21,No
54,3.4,3.2,6.5,5.81,No
82,0.0,3.9,8.1,4.77,No
91,0.9,,5.2,6.14,Yes
67,0.1,0.6,4.9,5.08,No
56,3.1,4.2,7.3,3.9,No
57,2.2,2.3,7.7,5.24,No
73,0.8,3.8,7.0,4.98,No
71,3.2,3.6,8.8,5.34,No
46,4.2,2.5,5.5,5.31,No
38,0.9,2.2,6.1,4.6,No
71,2.8,6.7,4.3,6.65,No
81,3.3,5.9,5.9,4.53,No
88,3.9,3.5,5.8,4.25,Yes
60,0.6,5.0,6.9,4.4,No
87,1.4,4.4,7.2,4.36,No
66,2.8,4.6,6.1,5.11,No
52,2.9,3.7,7.9,5.03,No
97,6.4,4.8,6.6,7.11,Yes
45,4.2,5.1,,4.67,Yes
67,2.4,4.9,6.3,4.84,No
60,2.5,0.6,7.6,5.77,No
75,2.5,3.6,4.5,5.34,No
84,1.1,6.4,8.5,4.66,No
42,2.5,4.6,6.2,4.02,No
60,6.0,1.9,8.6,6.74,No
84,0.0,1.0,6.1,5.71,No
57,3.0,3.7,6.0,5.49,No
46,6.1,0.3,7.1,7.04,Yes
63,5.6,4.1,6.7,4.35,No
61,4.3,3.4,,6.74,No
81,3.1,2.4,4.0,5.69,Yes
71,4.3,5.4,7.5,6.0,Yes
59,3.5,3.1,7.0,5.49,No
84,5.5,2.3,7.3,6.66,Yes
70,4.1,5.2,,7.17,Yes
49,1.9,3.9,5.6,4.78,No
60,5.9,2.9,5.9,6.23,No
62,2.7,1.3,4.9,6.07,No
99,1.4,3.3,6.1,5.87,No
67,3.5,2.1,7.6,5.99,No
50,4.3,,6.0,4.16,No
67,2.9,1.3,6.5,5.64,No
80,3.3,5.2,7.1,5.12,No
68,5.5,5.3,5.4,5.62,No
86,2.7,3.2,5.9,4.69,No
81,4.2,4.7,7.5,6.77,No
80,4.8,5.1,4.7,5.82,No
80,1.9,2.4,6.5,5.75,No
89,3.0,4.3,7.3,5.9,No
86,5.2,4.7,7.0,5.28,No
53,4.7,2.4,7.1,6.93,No
53,2.2,5.1,6.1,4.66,Yes
78,2.6,4.3,5.5,6.29,No
56,0.0,5.1,7.2,5.4,No
53,4.6,4.5,7.0,5.99,Yes
83,3.8,5.4,7.2,6.16,Yes
63,0.4,4.0,4.9,4.51,No
80,4.1,2.8,5.2,6.16,Yes
79,3.3,3.2,5.8,5.03,No
70,4.0,2.8,6.1,6.79,No
83,3.9,2.9,6.9,6.99,Yes
77,2.7,4.9,5.4,4.93,No
83,1.0,3.4,6.4,4.52,No
49,,3.8,7.4,4.6,Yes
67,2.2,0.6,6.4,5.32,No
49,0.3,3.9,7.7,3.7,No
65,3.1,3.8,6.3,5.82,No
54,4.0,3.8,7.3,5.17,No
55,1.7,0.8,9.2,5.61,No
70,3.5,2.7,8.1,4.17,No
94,3.9,1.2,4.4,5.88,No
75,3.9,2.5,7.6,6.65,No
73,1.8,3.3,7.7,5.35,Yes
48,6.4,3.6,7.8,6.23,Yes
95,3.0,3.0,5.0,6.74,No
73,1.2,3.1,7.1,5.23,No
86,2.4,3.1,5.7,5.67,Yes
63,0.7,1.6,,4.89,No
79,2.4,2.5,7.2,6.26,Yes
48,4.9,4.7,5.2,6.29,No
74,3.8,5.4,7.0,6.03,No
81,5.4,3.4,5.4,6.68,Yes
95,3.3,4.2,3.7,5.44,Yes
100,4.9,3.0,7.9,6.39,Yes
82,,2.6,6.0,6.32,Yes
52,1.3,2.5,6.4,4.38,No
62,3.6,6.8,9.7,5.24,No
63,4.3,2.1,7.3,6.41,No
88,4.2,4.4,7.6,6.28,No
69,1.2,,6.6,6.06,No
74,5.3,6.9,5.3,4.69,No
100,0.0,4.9,7.2,6.04,No
68,5.5,3.8,7.9,5.68,Yes
54,1.0,6.0,7.2,4.09,No
77,5.4,3.9,8.5,7.08,No
56,2.0,4.7,6.5,4.99,No
58,3.2,5.3,7.4,6.91,Yes
69,2.9,3.3,7.7,5.79,No
100,0.7,3.5,6.7,5.29,No
65,3.1,3.7,5.2,,No
79,1.2,1.9,8.9,5.76,Yes
66,2.1,3.0,6.4,5.08,No
72,6.9,2.8,6.6,5.47,Yes
90,3.3,4.9,6.2,5.77,No
81,2.4,1.8,6.1,5.92,Yes
70,4.2,4.7,7.3,5.9,No
66,3.8,4.1,5.0,6.01,No
92,1.4,1.3,4.6,5.66,No
96,1.3,4.5,6.7,6.09,Yes
71,4.9,4.5,7.0,5.85,No
83,3.4,2.7,5.5,5.54,Yes
86,6.2,3.4,5.4,6.27,No
59,0.1,2.1,5.8,6.18,No
67,4.9,6.1,8.5,6.38,No
81,3.8,,7.2,6.67,No
74,1.4,3.5,5.1,5.27,No
60,3.7,3.8,6.1,5.07,No
61,1.0,4.3,5.5,4.87,No
82,3.7,4.1,3.7,5.89,Yes
56,4.6,3.6,6.6,5.01,No
64,2.7,3.0,7.7,4.75,No
57,2.5,4.0,6.6,4.99,No
77,1.7,4.4,4.9,6.92,No
87,4.6,4.5,8.0,,No
32,3.3,4.4,5.3,5.86,No
54,2.4,3.8,6.6,3.8,No
64,5.1,4.7,4.8,5.35,No
83,4.8,1.6,9.1,6.77,Yes
48,3.0,1.3,6.7,5.36,No
81,3.1,0.8,5.3,5.19,Yes
92,4.6,4.0,6.8,6.66,Yes
71,3.0,6.5,6.1,5.76,No
75,0.9,,8.8,4.14,Yes
69,3.3,3.1,6.0,5.57,No
46,4.0,3.7,5.0,5.71,Yes
62,4.9,2.3,5.4,4.98,No
84,5.5,5.4,4.0,6.44,Yes
82,6.0,3.6,6.5,6.7,No
80,2.5,3.0,,6.24,No
67,3.1,2.8,6.7,5.39,Yes
79,0.5,4.0,6.9,4.6,No
70,2.0,1.5,5.3,5.04,No
44,0.4,2.5,5.7,4.18,No
56,5.2,4.9,9.0,5.65,No
60,3.0,0.4,5.1,6.2,No
51,3.2,1.4,8.5,5.11,Yes
68,4.2,5.0,7.4,4.98,No
81,3.0,5.3,10.0,5.46,No
97,3.2,5.2,7.7,6.61,Yes
60,2.5,3.5,6.6,5.04,No
60,3.5,3.8,7.2,6.03,No
83,4.9,4.8,7.1,5.52,Yes
60,5.8,2.9,7.6,6.27,Yes
86,2.0,3.2,5.9,,Yes
70,4.6,1.6,4.9,5.04,No
65,1.0,2.0,4.6,5.44,No
66,1.0,4.0,5.1,5.07,No
96,2.3,3.3,8.0,5.21,Yes
69,2.2,2.6,6.2,5.13,No
50,2.4,5.4,8.2,4.81,No
97,2.5,2.3,5.0,6.54,Yes
81,3.8,2.9,7.2,4.81,No
73,5.0,3.5,5.5,6.53,No
26,5.7,3.3,8.0,5.21,No
60,4.1,3.1,6.0,5.62,No
68,4.9,1.8,7.7,6.47,Yes
50,1.7,4.2,5.6,5.34,No
62,4.2,3.4,5.6,7.21,No
54,2.1,4.1,8.9,4.69,No
74,4.7,3.7,8.6,5.97,Yes
82,3.6,6.3,4.8,5.79,No
81,3.4,5.2,5.3,5.55,No
81,2.0,1.9,5.4,6.02,No
60,2.1,6.8,4.4,4.05,No
95,0.7,2.9,3.9,5.52,No
74,2.1,2.7,8.7,5.3,Yes
40,1.9,2.7,,2.92,No
78,1.8,2.8,4.4,6.12,No
57,2.4,2.5,4.1,5.0,No
66,6.2,4.2,8.3,6.71,No
73,5.4,4.4,7.6,6.78,Yes
75,5.2,3.2,7.3,6.06,No
85,2.2,2.6,7.7,7.22,Yes
72,3.0,3.7,6.8,6.59,No
89,2.4,3.4,6.1,5.97,Yes
63,1.2,1.0,3.7,5.59,No
86,3.0,4.6,6.0,6.14,Yes
50,3.4,3.2,6.2,4.57,Yes
50,4.7,5.1,6.7,6.08,No
77,3.2,1.8,6.7,5.9,No
51,0.0,3.7,8.8,4.89,No
83,1.7,4.8,8.7,4.78,No
75,2.2,4.9,5.4,3.11,No
85,0.5,3.1,5.5,5.67,No
80,2.2,1.4,6.3,6.15,No
86,4.4,3.8,9.5,4.09,Yes
86,2.2,2.3,,5.95,Yes
73,4.1,2.5,5.0,5.14,No
68,3.1,2.0,7.3,7.24,No
86,4.4,5.4,6.2,7.45,Yes
96,0.8,2.7,6.7,4.29,No
66,3.7,3.6,5.9,5.65,Yes
87,2.0,1.9,6.4,6.31,No
66,4.9,5.0,7.5,6.77,No
64,1.1,3.7,6.5,5.1,No
79,4.6,5.4,6.7,6.57,Yes
82,3.0,2.3,6.4,6.25,Yes
78,3.5,3.5,5.3,5.65,No
72,3.2,2.6,6.5,5.31,Yes
72,0.3,2.7,6.1,4.98,No
50,4.0,4.6,8.3,5.53,Yes
71,2.7,3.7,9.4,6.08,No
90,5.0,2.3,6.0,7.84,Yes
87,3.9,1.0,6.1,5.4,Yes
61,4.3,3.5,7.9,5.99,Yes
79,2.7,3.1,5.7,5.14,No
77,3.8,5.2,7.1,5.96,No
95,4.1,5.4,6.5,7.0,Yes
84,4.6,4.3,5.8,6.11,No
75,4.3,4.3,8.1,4.45,No
80,4.8,2.6,5.9,6.88,No
59,1.9,4.0,5.9,5.27,No
74,2.9,4.7,3.8,5.37,No
100,2.4,3.2,7.0,6.41,No
71,3.6,4.8,5.9,5.05,No
64,2.7,3.1,5.4,6.22,No
89,1.9,3.4,4.4,6.27,No
65,2.2,4.6,6.9,5.1,No
56,2.8,1.4,7.0,6.37,No
93,2.6,2.8,4.9,6.63,No
63,1.6,7.1,6.7,4.12,No
69,3.0,1.2,4.1,6.1,Yes
66,3.2,5.0,8.7,5.23,No
98,2.0,2.5,6.2,5.98,No
39,2.2,2.1,7.1,3.28,No
79,5.1,2.8,6.9,6.69,Yes
51,0.5,1.2,8.2,4.4,No
86,3.2,2.3,6.4,5.28,No
61,5.5,5.2,5.2,5.32,No
66,2.6,5.5,7.0,4.8,No
66,4.3,2.0,8.1,6.06,No
71,0.6,3.2,7.9,4.51,No
55,0.3,4.1,5.4,4.91,No
86,3.0,4.6,5.7,5.42,Yes
60,1.7,5.6,6.7,4.1,No
63,3.9,2.9,7.4,5.1,Yes
54,3.5,3.5,4.4,4.75,No
85,5.7,1.6,6.7,6.75,No
67,4.1,2.7,7.1,5.34,No
93,2.8,2.9,5.8,5.07,No
24,3.8,2.5,6.8,3.39,No
82,2.8,4.3,8.4,5.29,Yes
52,1.0,6.6,7.1,3.63,No
59,4.1,1.8,5.7,5.68,Yes
69,3.8,3.2,7.3,5.08,No
80,1.9,3.3,5.4,5.7,No
100,5.3,5.8,7.9,7.34,No
58,2.0,3.0,7.1,5.49,No
60,5.7,3.7,10.0,6.71,No
60,2.8,3.6,7.6,3.29,No
64,0.5,5.0,7.9,4.9,No
85,5.8,5.1,6.3,6.55,No
71,4.6,2.8,6.1,6.77,Yes
94,4.4,2.7,6.1,7.75,Yes
90,0.0,4.4,5.9,5.66,No
80,0.0,5.5,9.1,5.33,No
64,4.5,1.1,5.3,5.54,No
42,4.6,2.9,6.7,,No
68,0.9,,5.5,5.02,No
58,3.7,0.6,6.8,5.56,No
69,2.9,2.7,6.3,6.15,No
65,1.2,3.6,6.0,4.75,No
64,2.3,2.1,7.3,3.76,No
69,5.8,1.4,7.9,5.98,No
43,1.7,3.9,7.8,5.31,No
62,0.4,4.0,6.7,4.77,No
89,2.3,2.4,5.5,6.57,No
85,0.0,4.2,5.5,5.31,No
69,2.6,0.0,5.6,5.54,Yes
45,0.5,4.3,6.7,4.29,No
65,1.4,5.5,6.9,4.24,No
61,3.4,5.4,6.9,4.82,Yes
72,0.7,3.5,6.7,5.91,No
72,1.5,5.2,6.7,6.02,No
77,5.3,3.2,5.7,5.88,Yes
49,3.2,4.9,4.2,5.27,No
41,3.4,2.0,6.4,5.36,No
63,4.0,3.5,8.1,6.24,No
54,3.0,5.8,7.0,5.69,No
72,4.5,4.1,5.0,6.27,No
70,3.9,4.7,6.8,6.24,No
51,1.4,4.2,4.9,4.43,No
74,3.6,3.2,6.8,5.2,No
80,0.7,5.4,6.7,5.88,No
94,0.0,2.2,5.1,5.03,No
52,5.0,2.4,6.2,5.09,No
66,2.8,4.1,5.5,5.58,No
61,4.7,6.2,7.7,5.25,No
98,3.0,0.9,8.7,7.35,No
43,4.0,1.7,4.5,4.39,No
81,4.8,3.7,6.4,6.91,Yes
63,0.8,4.2,5.3,3.55,No
54,3.6,4.1,5.6,5.32,No
67,4.0,3.9,7.7,4.78,No
73,3.9,2.7,6.6,8.07,No
41,0.7,3.2,7.0,4.12,No
66,2.9,3.7,7.1,5.72,No
65,4.1,6.0,6.2,5.87,No
46,3.9,5.5,4.3,4.3,Yes
82,5.7,6.4,7.2,6.14,No
54,3.9,3.7,3.6,5.06,No
88,1.9,2.3,4.4,5.17,No
61,4.5,2.2,3.9,6.28,No
37,4.5,3.8,4.9,4.19,No
92,1.5,4.3,5.8,6.35,No
51,6.9,6.0,6.8,5.82,Yes
60,6.9,2.0,6.6,5.6,No
59,2.1,2.2,6.1,6.13,No
61,0.7,5.1,5.6,5.66,No
72,1.3,2.0,4.5,4.58,No
87,1.1,3.6,6.1,5.81,No
39,0.8,5.9,6.8,3.69,No
67,2.0,4.8,7.4,5.85,No
85,1.2,3.8,7.6,4.95,No
70,5.5,4.2,8.4,5.61,No
74,0.4,0.6,6.6,5.4,No
85,3.5,5.9,8.3,6.05,No
47,2.5,0.8,5.8,5.87,No
72,,2.7,4.1,5.08,Yes
82,2.8,2.5,7.6,5.19,Yes
76,3.2,3.6,6.6,5.31,No
61,4.9,2.6,6.4,6.15,No
43,2.1,2.3,6.6,5.19,Yes
74,0.6,2.3,5.1,5.97,No
61,2.9,8.0,5.1,4.48,No
78,1.8,3.2,6.3,5.86,Yes
58,3.5,3.8,7.2,5.72,No
90,2.0,4.7,6.2,6.18,No
85,1.8,3.7,,4.48,Yes
51,5.0,1.7,4.4,5.04,No
94,6.2,4.8,5.7,7.22,Yes
49,1.6,3.3,6.8,4.82,Yes
79,3.1,2.5,6.3,4.98,Yes
66,2.3,1.8,6.0,6.33,Yes
68,3.5,3.4,5.0,4.1,Yes
86,2.5,6.5,7.0,4.9,No
75,4.0,3.2,8.7,5.7,Yes
51,1.4,1.2,9.1,5.26,No
62,4.9,3.3,5.9,5.69,No
77,2.8,5.7,5.1,4.73,No
86,5.7,4.6,5.8,5.89,No
82,5.7,2.4,4.7,5.67,Yes
66,3.3,,6.0,4.84,Yes
64,2.4,6.4,6.5,5.22,No
100,2.1,2.2,5.6,7.11,Yes
83,3.6,1.4,4.9,6.59,Yes
67,3.8,3.6,6.4,6.38,No
70,2.4,3.1,8.0,5.45,No
54,1.7,4.7,6.9,5.32,No
64,1.4,5.4,6.1,4.95,No
61,4.7,2.8,7.6,5.77,No
64,1.2,1.2,6.5,6.17,No
86,2.0,3.8,4.8,6.22,Yes
50,3.2,4.0,7.7,4.93,No
67,4.3,7.3,6.4,3.85,No
55,3.4,1.8,4.8,6.24,No
73,1.3,5.6,6.7,6.12,Yes
90,2.3,6.0,4.4,5.22,No
80,1.9,1.4,5.8,5.27,No
73,4.6,2.5,,6.12,Yes
85,4.2,3.8,4.9,5.54,Yes
83,1.2,2.8,5.7,3.69,No
63,2.6,3.9,6.9,6.12,No
44,3.3,4.1,6.3,4.95,No
87,0.8,3.8,8.6,5.0,No
52,4.5,3.6,8.5,6.16,No
52,3.4,4.0,6.7,4.72,No
66,4.1,2.1,8.8,6.25,Yes
61,0.8,4.7,4.8,5.14,No
52,3.0,4.4,5.3,5.18,No
68,2.8,5.0,6.5,4.58,Yes
65,1.6,3.4,7.9,5.06,No
77,2.6,0.9,6.2,6.49,Yes
70,4.4,4.8,6.0,6.6,No
74,1.6,5.3,4.3,4.5,No
67,3.0,1.9,5.7,6.07,Yes
74,5.3,1.3,5.9,6.05,No
63,0.5,2.7,6.9,4.86,No
68,3.0,0.0,5.6,5.71,Yes
57,2.0,3.5,6.5,5.01,No
56,3.8,4.5,6.4,6.35,No
70,2.6,2.8,4.3,,No
97,4.5,2.9,6.0,5.39,No
76,3.7,4.4,7.3,5.54,No
62,3.3,3.2,4.8,5.82,No
47,4.2,3.5,6.5,4.62,No
80,2.7,5.7,8.1,3.74,No
87,2.2,3.5,7.7,6.09,Yes
77,3.3,4.4,7.6,6.25,No
76,2.4,3.5,6.8,5.77,No
48,1.3,3.8,7.0,5.67,No
71,,1.1,5.5,5.97,No
61,1.1,0.0,,4.56,No
79,2.9,2.9,6.7,5.35,No
53,3.0,5.1,6.8,4.43,No
68,0.6,4.1,7.1,5.42,No
81,4.6,3.2,6.7,5.37,No
59,4.7,4.2,7.8,5.06,No
64,2.7,2.8,8.2,6.49,Yes
83,4.3,4.3,,5.27,No
96,2.3,2.3,7.0,4.63,No
80,0.7,2.7,6.5,3.93,No
71,2.8,1.8,4.2,4.49,Yes
60,2.4,1.8,5.1,6.54,No
66,3.4,2.8,7.4,5.06,No
79,4.1,5.7,8.1,5.53,No
62,4.7,3.5,7.4,6.29,No
63,1.5,3.3,5.4,6.0,No
50,6.0,5.6,5.4,5.3,No
100,1.6,1.9,7.4,6.27,No
84,3.0,2.3,7.9,6.29,Yes
64,3.6,2.8,7.1,4.92,No
90,2.7,3.9,7.7,5.58,No
75,,6.4,8.3,4.48,No
56,1.1,6.7,7.4,4.81,No
61,2.5,3.4,6.8,5.8,Yes
54,3.3,2.0,7.1,6.32,Yes
75,1.5,2.5,6.7,6.7,No
100,,2.7,6.3,6.47,Yes
69,3.6,5.5,5.8,6.0,No
60,3.9,4.8,6.5,4.92,No
67,2.9,4.1,6.6,5.74,No
95,2.4,1.3,9.3,,Yes
81,3.7,4.6,7.0,6.34,Yes
72,2.8,0.2,6.6,,No
46,4.9,2.1,6.8,5.31,No
73,1.4,2.8,6.6,5.73,No
59,5.3,4.9,6.8,5.98,No
90,3.9,4.9,6.0,4.88,Yes
55,3.0,3.2,,5.57,No
57,3.3,2.5,7.5,6.61,Yes
78,3.1,3.9,8.3,5.26,No
71,2.9,2.7,6.8,5.24,No
57,4.9,3.4,6.9,4.17,No
53,5.2,3.0,7.7,5.49,Yes
97,3.5,4.2,5.7,6.55,Yes
68,3.8,2.1,8.3,7.3,Yes
71,1.3,2.8,5.1,4.6,Yes
71,2.1,1.5,5.8,4.98,No
42,3.6,2.5,7.9,4.97,No
82,2.9,4.3,7.0,6.23,Yes
60,3.6,3.4,5.2,5.54,No
60,1.1,0.0,8.4,5.44,No
70,3.4,3.3,8.3,5.14,No
38,6.1,3.4,4.8,5.24,No
43,1.7,5.3,7.4,4.85,No
82,3.4,3.9,5.2,6.09,No
79,2.4,6.4,8.0,5.33,No
58,4.3,5.1,8.4,5.58,No
86,3.3,1.9,7.0,6.59,Yes
90,2.3,6.9,6.4,5.61,No
49,1.9,3.0,5.6,5.11,No
75,3.7,2.9,6.8,4.68,No
62,2.4,1.7,5.5,4.91,No
33,6.7,2.0,7.9,5.9,No
50,3.3,0.0,5.1,4.88,No
75,3.7,4.6,5.7,7.06,No
56,0.3,5.0,7.0,5.32,No
86,3.3,4.1,6.7,6.47,No
72,0.6,3.4,7.3,5.6,No
100,2.6,2.6,6.7,5.89,Yes
45,4.3,3.6,8.8,5.81,Yes
95,5.5,3.4,7.2,7.57,Yes
86,4.7,5.0,7.9,6.25,No
67,3.2,3.7,6.3,7.03,No
91,4.9,2.2,5.7,5.54,No
68,5.7,4.1,6.3,7.5,No
93,1.5,2.8,6.3,5.89,No
57,4.7,4.8,6.3,6.44,No
72,1.9,3.6,5.7,5.84,No
68,2.7,6.0,5.1,4.22,No
50,3.6,3.8,5.7,5.08,Yes
56,4.8,6.1,7.3,5.24,No
73,2.7,3.5,6.9,5.1,Yes
67,1.4,4.7,6.4,5.78,Yes
74,0.4,3.4,7.4,4.85,No
57,2.5,2.5,4.4,5.01,Yes
54,5.1,2.0,7.8,5.64,Yes
61,2.2,4.1,8.1,4.2,No
73,4.7,4.4,6.0,5.78,No
66,1.8,2.3,6.0,5.63,No
63,3.1,2.3,5.9,5.27,No
80,3.4,5.6,4.7,4.83,Yes
76,4.2,5.6,6.7,5.76,Yes
76,1.4,4.5,,6.67,No
68,2.5,4.4,6.6,3.91,No
59,4.7,5.1,6.5,5.3,No
51,0.9,5.7,7.4,4.02,No
65,,4.4,5.8,5.64,No
71,1.1,5.2,7.4,5.32,No
83,2.7,2.4,6.3,6.35,No
65,3.1,2.4,7.5,5.6,No
52,2.0,4.9,6.8,5.14,No
49,4.2,2.1,7.5,5.96,No
73,3.2,5.3,6.8,6.19,No
81,,2.2,6.2,5.82,No
50,2.0,4.4,7.2,4.75,No
87,5.0,3.7,6.8,5.55,Yes
52,4.2,2.4,6.8,5.69,No
59,2.7,3.5,5.3,4.72,No
85,1.2,3.5,7.5,5.67,No
62,5.0,4.0,6.8,4.78,No
67,1.5,1.8,5.5,4.14,No
75,3.6,4.1,6.7,5.39,No
87,3.1,4.5,6.6,6.68,No
68,2.9,5.5,8.3,5.07,No
71,1.3,1.5,5.7,,Yes
67,1.5,4.4,6.8,5.95,No
49,5.2,2.8,6.9,5.59,No
89,3.4,5.5,4.8,5.97,Yes
26,4.4,2.9,5.9,5.32,No
74,0.0,3.4,6.5,4.41,No
87,2.3,5.1,3.6,5.39,Yes
89,4.2,2.6,7.4,6.3,Yes
57,2.0,1.5,6.5,5.43,No
75,0.3,0.0,7.1,4.56,No
56,4.0,3.4,7.4,6.01,No
59,0.1,0.1,5.9,4.03,No
87,3.7,1.2,4.4,5.47,Yes
71,3.4,3.0,3.2,5.89,No
73,2.5,4.4,7.7,5.77,No
82,3.1,3.0,7.8,6.85,Yes
86,3.0,1.5,6.3,6.24,Yes
67,4.2,2.8,7.8,6.1,Yes
45,3.7,0.1,7.6,6.04,Yes
65,4.5,3.8,7.5,5.94,No
79,6.0,6.4,7.3,6.37,No
46,1.8,5.5,5.5,5.5,No
62,,1.8,9.1,6.86,No
63,1.7,1.7,5.6,6.17,No
73,4.9,1.5,7.3,6.31,Yes
60,2.7,1.6,5.8,5.72,No
70,2.7,1.9,7.8,5.52,Yes
52,2.9,2.2,6.1,7.21,No
77,1.8,4.3,8.3,5.57,Yes
76,0.0,4.9,7.4,4.38,No
100,3.4,1.9,9.5,7.82,No
54,2.0,1.1,4.4,4.75,No
63,3.1,4.7,6.8,5.11,No
89,6.6,5.0,7.3,6.83,No
46,5.5,5.5,5.0,5.5,No
100,2.6,2.4,8.2,7.35,Yes
62,3.5,1.8,4.8,6.65,No
47,3.9,4.8,5.7,4.35,No
76,4.1,5.9,7.2,5.99,Yes
70,2.0,3.6,3.8,,No
55,2.3,5.6,5.9,3.95,No
60,4.2,2.9,7.8,5.2,No
80,2.3,3.0,5.4,6.0,No
50,4.4,5.6,7.6,4.77,No
79,2.2,3.7,7.4,5.5,No
60,4.8,4.6,5.0,4.74,No
100,2.2,2.0,,5.28,Yes
92,3.7,2.9,6.4,5.72,No
50,4.3,1.2,6.5,5.6,No
63,2.0,3.5,7.0,5.36,No
83,5.8,2.4,5.2,6.67,Yes
25,5.4,4.0,7.0,4.57,No
56,2.9,3.1,7.7,6.29,No
62,4.0,6.3,6.3,4.58,No
47,3.7,4.0,,5.77,No
70,2.8,3.6,5.6,5.85,No
63,0.4,2.4,6.7,4.57,No
57,2.5,3.6,6.3,4.65,No
90,0.9,4.6,5.4,5.32,No
82,2.8,1.2,9.2,6.5,No
82,6.3,5.1,6.4,7.25,No
70,2.1,4.8,5.8,6.23,No
74,0.9,3.9,5.2,5.89,No
95,4.3,5.2,7.8,5.92,No
52,3.3,2.4,8.1,4.94,No
54,5.6,1.1,7.8,5.96,Yes
86,0.3,4.2,6.2,5.19,No
78,2.3,1.1,6.4,5.2,No
61,1.3,1.7,6.8,4.27,No
76,4.0,2.0,4.9,5.28,No
52,,3.4,5.4,6.33,No
76,2.1,3.0,9.0,6.11,No
59,3.7,1.9,7.8,5.84,No
92,5.8,6.6,5.8,5.14,Yes
74,2.4,5.1,5.5,5.91,No
70,5.1,3.7,7.4,5.18,Yes
65,0.0,4.8,8.9,4.91,No
74,3.0,3.3,6.4,5.53,No
82,5.4,6.1,,4.82,No
65,0.6,7.3,8.3,4.56,No
99,4.7,4.5,6.0,5.99,No
67,1.3,0.6,6.8,5.21,No
78,2.3,3.8,6.7,6.56,Yes
75,2.3,3.6,,4.62,No
34,2.4,3.9,7.2,4.65,No
85,4.1,5.2,4.8,6.59,No
100,1.6,2.6,6.1,3.95,No
76,7.9,3.3,3.5,7.58,Yes
75,2.8,3.7,6.3,5.97,No
73,4.6,2.8,8.0,6.81,Yes
54,4.4,4.5,6.8,5.4,No
70,2.6,1.9,4.9,4.52,No
73,3.2,4.1,8.1,6.23,No
82,2.4,,5.2,6.09,No
76,3.6,,5.8,5.39,Yes
78,1.1,3.4,8.1,5.32,No
64,3.9,5.3,6.6,4.22,No
87,3.8,1.3,7.9,7.62,No
91,4.0,3.9,6.5,5.53,Yes
74,3.3,7.9,7.8,4.39,No
75,1.1,,6.5,5.51,No
60,1.8,4.4,6.4,5.42,No
79,3.8,4.8,8.6,6.62,Yes
69,2.5,3.8,7.3,5.53,Yes
63,1.5,3.5,5.7,5.09,No
65,4.7,4.5,5.5,,No
72,2.2,4.3,8.5,5.74,No
71,2.3,5.4,5.7,5.29,No
91,2.8,3.5,7.0,6.78,No
61,3.6,3.7,7.5,5.36,Yes
77,3.2,5.5,5.4,6.11,No
54,4.9,2.6,,5.67,No
54,3.5,3.6,6.7,4.77,No
41,3.7,5.1,6.1,4.02,No
86,1.8,2.2,8.3,5.62,Yes
84,0.8,3.6,6.8,5.38,Yes
29,3.5,0.6,4.3,5.17,No
72,5.6,2.8,6.9,6.68,Yes
63,4.3,2.3,6.7,5.07,No
74,4.8,2.7,7.9,7.08,Yes
71,3.2,5.9,5.2,5.25,No
66,4.4,0.5,9.0,6.78,Yes
54,4.3,4.8,5.9,4.79,No
60,2.5,2.9,7.7,4.51,No
60,2.5,4.1,7.1,5.19,No
64,2.2,2.3,8.3,4.91,Yes
82,2.2,4.9,5.5,6.22,No
96,0.4,2.8,6.6,6.89,No
58,1.8,1.5,6.5,4.66,No
80,1.9,3.3,6.1,,No
40,2.7,3.1,4.4,4.04,No
44,5.3,2.4,7.9,5.77,No
72,3.5,3.5,6.6,6.01,No
81,4.7,2.1,8.4,7.83,No
77,0.1,2.9,4.0,5.39,No
62,4.7,4.6,6.2,4.86,No
89,3.9,4.6,6.1,5.26,Yes
61,4.1,3.6,5.8,5.41,No
64,2.7,3.2,6.3,5.42,No
74,6.2,5.7,6.8,5.44,Yes
76,3.9,5.4,6.0,6.78,Yes
53,1.3,3.5,6.7,,No
53,2.5,0.0,5.8,5.62,No
82,4.5,4.7,8.1,6.9,No
63,3.4,3.2,6.8,4.85,No
80,3.3,2.8,7.0,5.8,Yes
51,4.5,2.9,4.9,4.85,No
64,3.3,5.6,7.2,5.9,No
86,5.3,4.2,7.5,6.82,No
87,5.7,3.9,7.7,6.69,Yes
61,2.3,2.9,4.7,4.99,No
38,5.1,5.4,7.4,4.61,No
80,1.1,3.3,7.2,5.71,No
73,2.9,6.2,,5.6,Yes
74,3.0,3.7,6.6,6.17,No
52,4.0,5.4,6.5,5.69,No
68,2.5,2.2,5.9,5.35,No
71,3.0,3.1,5.1,5.68,No
93,4.8,6.6,5.2,5.9,No
88,5.7,5.9,6.2,6.74,Yes
86,4.8,5.7,6.6,6.52,No
73,5.2,3.8,9.1,6.33,Yes
56,1.6,5.2,7.3,4.32,No
66,0.6,,6.5,4.67,No
51,4.8,,6.2,4.86,No
68,1.8,3.4,6.2,5.29,No
57,2.2,5.8,6.9,5.09,No
69,3.6,2.9,5.7,5.59,No
68,3.7,1.4,6.7,6.51,No
55,3.9,2.7,4.5,4.88,No
78,2.3,3.3,6.7,5.79,No
50,2.6,4.2,5.3,3.81,No
100,4.0,4.1,4.8,4.89,Yes
88,1.8,2.2,7.1,5.92,Yes
52,2.4,1.7,6.1,4.87,No
74,,3.8,6.2,6.36,Yes
67,4.3,0.5,5.1,5.77,Yes
67,2.4,5.0,6.6,5.7,No
63,0.5,3.4,6.8,4.8,Yes
83,2.2,1.5,8.2,5.11,No
58,3.9,3.5,7.5,6.11,No
86,3.2,4.4,6.8,5.21,No
93,3.2,4.1,6.8,5.9,No
57,7.3,5.6,7.8,6.77,Yes
82,4.4,4.4,6.0,6.07,Yes
80,4.8,3.9,6.0,6.73,Yes
41,3.7,3.2,4.9,5.82,No
95,4.9,2.4,5.1,5.68,Yes
62,4.2,3.1,7.4,5.99,No
71,6.1,5.4,6.7,,No
91,0.9,2.6,3.8,6.07,No
81,1.9,7.4,7.4,3.86,No
66,1.0,2.3,5.6,,No
82,2.4,5.4,6.9,5.82,No
87,3.2,6.0,6.7,6.1,No
70,5.1,1.2,7.5,6.48,No
59,6.3,5.3,5.0,5.56,No
75,3.2,3.0,5.2,5.05,No
57,3.2,1.2,8.4,5.93,Yes
85,3.5,1.2,8.5,6.63,Yes
56,2.9,4.9,7.3,4.52,No
59,2.0,5.5,5.1,3.4,No
85,3.0,3.5,5.9,6.23,No
70,2.1,6.2,5.9,4.43,No
76,2.7,0.9,5.6,5.55,Yes
80,3.2,3.8,6.0,6.3,No
59,3.2,4.5,7.0,4.83,No
62,3.1,,8.8,5.48,Yes
92,2.3,0.8,5.5,5.41,No
79,4.1,4.4,6.5,5.13,No
64,4.6,3.4,7.9,7.05,No
74,1.4,4.4,6.6,6.27,No
67,3.0,1.7,8.9,3.65,No
83,3.5,5.7,7.4,5.92,Yes
72,3.4,4.3,7.3,5.79,Yes
68,,4.0,7.4,5.23,Yes
53,0.4,4.9,7.5,3.62,No
79,5.6,4.9,7.1,6.36,Yes
64,2.9,4.8,7.2,6.24,No
84,2.9,4.1,6.4,6.24,No
43,4.2,3.8,7.8,5.03,No
62,0.7,2.9,7.3,4.07,No
79,2.7,2.5,6.2,5.86,No
69,2.4,3.4,7.8,5.37,Yes
60,4.8,4.9,6.2,6.11,No
87,3.1,5.0,4.5,6.53,No
84,1.8,0.0,6.9,5.94,No
58,3.1,4.8,6.8,3.59,No
67,3.0,1.0,5.8,4.71,Yes
55,1.6,3.1,7.0,4.29,No
66,2.8,4.9,4.8,5.73,No
66,4.8,2.8,8.4,5.83,No
63,3.8,2.9,5.3,4.61,No
80,5.1,2.8,8.2,6.11,Yes
80,3.6,3.8,8.4,7.1,Yes
87,3.4,1.9,8.9,5.29,No
75,0.2,4.3,6.7,,No
45,4.1,5.2,5.4,3.98,No
70,0.9,6.3,7.3,2.4,No
81,5.4,2.9,6.3,6.58,No
71,3.1,5.6,6.5,5.07,No
82,3.5,3.4,8.2,6.08,Yes
86,2.5,3.0,6.6,5.94,No
48,1.1,3.8,6.3,4.46,No
80,3.7,3.6,6.0,7.84,Yes
75,0.5,4.0,6.6,5.91,No
94,2.4,1.1,5.9,7.22,No
60,2.2,3.7,6.2,6.05,No
87,2.0,2.6,7.1,6.47,No
68,4.8,6.3,5.0,5.33,No
73,2.9,2.3,5.8,4.82,No
70,2.2,2.6,6.6,4.93,No
95,1.2,2.7,8.6,5.75,Yes
56,3.9,3.1,7.0,6.26,No
74,4.6,4.5,7.5,6.58,Yes
87,3.2,2.4,6.6,6.57,Yes
100,3.8,4.5,7.0,5.89,Yes
55,4.7,2.0,6.5,5.44,No
85,3.2,4.8,6.6,4.85,No
66,5.3,5.2,4.7,4.95,Yes
83,5.7,1.4,6.0,5.84,No
60,3.7,2.9,7.0,5.83,No
89,1.2,4.7,7.8,5.2,No
64,4.2,2.3,7.2,6.48,Yes
84,3.5,4.3,5.3,6.56,No
69,1.0,2.4,7.1,4.7,No
49,2.5,4.5,7.0,6.51,No
73,3.6,4.0,7.1,5.71,Yes
54,3.1,4.9,6.7,4.99,No
65,2.0,3.9,4.3,6.18,No
100,2.0,4.8,4.8,5.41,No
74,1.8,4.0,5.5,5.91,No
71,2.9,3.9,5.3,5.11,No
51,2.9,6.5,7.1,3.98,No
41,6.3,3.0,4.0,6.44,No
57,2.5,,8.4,5.81,No
61,0.0,2.8,8.7,3.39,No
55,1.7,3.0,7.0,5.18,No
59,2.0,3.1,6.4,4.2,No
47,3.3,3.8,5.2,4.01,No
64,2.1,3.3,5.7,5.64,Yes
42,5.8,4.5,6.9,5.44,No
72,2.9,3.3,6.7,6.66,No
54,2.1,4.6,7.9,4.94,No
66,2.3,4.8,6.0,,No
75,2.7,3.4,5.9,5.8,No
53,4.2,1.0,8.2,6.0,No
51,2.5,4.2,5.7,4.81,No
73,3.4,4.1,6.1,5.79,No
55,3.3,2.6,7.6,3.73,No
59,1.1,2.0,8.0,6.59,No
61,3.6,3.1,6.2,4.41,No
87,3.7,3.1,4.6,6.34,Yes
95,3.8,3.6,9.5,6.87,Yes
55,2.5,3.5,5.4,5.4,No
54,2.7,3.4,7.0,5.95,No
47,2.2,0.1,7.4,6.26,No
78,4.2,5.0,6.2,5.53,No
78,1.1,1.9,5.5,5.77,No
87,3.2,2.8,5.2,7.03,No
100,6.5,1.7,7.5,5.44,No
68,3.2,6.9,,4.37,Yes
50,5.3,4.0,6.6,5.73,No
84,2.4,3.1,6.4,5.93,Yes
56,3.4,1.7,7.0,4.86,No
48,1.9,4.2,6.2,4.38,No
92,0.7,3.2,7.5,4.6,No
33,2.0,3.6,6.5,4.59,No
86,2.0,5.0,6.3,5.05,No
75,2.0,1.2,4.7,5.64,No
62,3.8,4.6,6.9,5.47,No
78,2.5,1.8,7.0,5.45,Yes
77,2.1,4.6,6.5,6.35,Yes
58,2.4,4.2,6.9,4.09,No
63,2.3,0.0,6.0,6.7,Yes
100,2.5,3.6,4.0,5.01,No
82,5.2,,6.1,5.44,Yes
100,4.5,5.1,5.7,6.47,Yes
66,0.0,3.9,6.8,5.99,No
59,2.3,1.8,5.2,4.67,No
76,4.2,2.7,7.8,6.07,Yes
61,3.2,5.4,7.0,5.18,No
72,2.1,3.0,7.3,5.71,No
56,0.5,2.2,6.3,3.9,No
68,4.2,5.8,6.7,4.48,No
50,3.5,3.9,7.0,5.44,Yes
67,0.0,3.4,5.6,4.66,Yes
77,0.0,2.2,7.0,6.48,No
74,3.7,1.9,5.1,7.01,No
77,4.3,5.3,8.3,5.27,Yes
58,2.9,2.6,6.0,5.41,No
66,5.8,2.9,6.7,6.65,No
53,,4.3,5.8,4.71,No
79,2.6,5.0,5.2,5.77,No
100,3.8,3.1,8.1,7.5,Yes
67,1.1,2.2,6.8,5.03,No
62,,1.0,3.7,6.03,No
34,1.1,6.6,4.7,3.86,No
60,4.2,4.7,6.3,6.59,No
81,4.4,4.5,7.2,6.63,No
74,3.9,0.9,6.5,5.45,Yes
83,3.3,2.8,6.9,6.99,Yes
95,,3.9,5.1,5.96,No
63,5.3,2.8,8.8,6.67,Yes
55,0.0,2.1,6.2,4.25,No
80,3.1,1.6,6.9,6.36,No
71,2.1,3.5,5.1,4.33,No
54,2.5,3.0,6.4,5.19,No
50,2.1,2.9,8.2,5.9,No
83,3.0,2.7,7.0,5.03,Yes
72,5.1,4.0,5.0,5.46,No
50,3.0,1.3,7.6,5.45,No
72,3.0,4.8,5.3,5.68,No
53,2.2,1.8,3.5,5.24,No
80,1.9,4.4,6.6,5.02,No
84,3.9,0.0,4.2,6.27,Yes
84,3.2,3.7,6.8,5.28,No
75,3.9,,3.8,6.87,No
73,4.8,5.0,5.7,6.89,Yes
67,2.0,2.7,8.1,5.34,No
57,,4.3,7.6,6.69,No
87,3.3,3.6,7.4,4.68,No
79,2.9,2.3,7.3,5.63,No
57,3.6,2.5,8.0,6.1,No
46,3.9,3.2,4.6,4.68,Yes
61,3.8,5.2,9.2,5.08,No
90,5.5,4.2,6.6,6.72,No
77,1.9,2.5,5.2,5.79,No
73,0.2,3.6,5.9,6.01,No
89,1.7,1.4,5.6,6.09,Yes
39,2.6,2.5,8.2,4.74,No
68,1.0,3.5,7.6,4.39,No
88,2.3,1.7,7.7,6.59,Yes
54,1.2,2.9,7.9,5.35,No
56,0.7,5.7,7.8,4.08,No
66,4.0,2.3,6.5,5.97,No
61,4.5,5.3,7.4,5.86,No
64,2.3,2.1,7.9,6.04,No
72,4.7,0.7,7.4,5.93,Yes
61,4.4,4.3,6.5,5.96,No
65,1.5,0.8,6.8,5.27,No
57,3.0,3.7,7.3,6.16,No
67,2.0,2.4,4.7,5.2,No
72,,5.6,5.4,5.71,No
71,2.5,4.9,6.3,6.78,No
60,5.7,4.3,8.7,5.58,Yes
58,0.8,3.7,5.9,,No
64,1.6,4.2,9.3,5.98,No
63,3.3,5.3,4.9,4.83,No
53,3.2,1.7,6.6,5.34,No
55,1.7,1.7,8.7,6.06,No
77,2.0,3.7,6.8,4.19,No
34,2.5,3.6,5.8,5.12,No
78,1.6,6.0,7.2,4.83,Yes
75,2.1,4.6,5.4,4.71,No
83,,2.1,6.9,5.93,No
68,2.4,3.2,4.2,5.12,No
87,1.9,3.7,6.3,6.49,No
83,3.5,0.7,6.1,5.34,No
100,1.3,3.0,6.6,6.21,No
100,3.4,2.4,7.5,5.99,Yes
57,2.7,2.3,,5.61,No
100,0.8,1.6,6.2,7.0,Yes
92,1.3,3.1,7.2,4.42,Yes
66,0.0,6.4,8.9,4.28,No
50,4.3,1.4,4.7,5.26,No
62,2.6,2.3,5.8,5.86,No
64,3.5,5.2,8.5,6.25,No
78,4.2,5.3,5.2,6.56,No
56,1.5,0.9,4.8,4.51,No
69,2.2,2.9,4.9,5.07,No
80,2.2,4.1,5.8,5.36,Yes
55,4.5,4.0,6.6,5.61,No
68,3.8,3.0,4.7,6.5,No
57,2.3,5.1,7.5,4.03,No
96,5.3,4.5,8.1,6.82,Yes
59,0.4,2.8,6.5,3.79,No
74,4.0,1.4,5.7,5.66,Yes
53,1.9,5.2,7.6,5.47,No
57,1.6,7.6,6.3,3.85,No
64,5.6,2.7,5.9,6.0,Yes
50,6.4,5.9,6.3,4.23,No
72,6.0,3.9,5.3,6.3,Yes
47,2.3,3.9,5.9,4.66,No
70,2.5,6.5,7.6,5.81,No
71,3.9,6.0,7.6,4.39,No
72,4.4,1.9,7.0,6.08,No
82,0.8,3.9,7.9,5.07,No
85,4.2,4.8,7.3,5.29,Yes
56,1.4,2.7,7.9,5.16,No
75,2.6,4.8,6.3,5.76,No
70,3.0,1.6,8.0,5.02,Yes
84,2.8,3.1,7.8,4.37,No
62,1.6,5.9,7.6,5.28,No
44,2.4,4.2,6.2,4.56,No
66,3.4,4.7,5.3,5.11,Yes
69,3.2,3.7,6.1,6.12,No
87,4.1,3.2,5.5,6.44,Yes
82,0.7,5.1,4.5,6.05,No
51,4.0,6.3,6.1,4.84,No
87,5.1,4.9,6.7,7.17,Yes
56,4.5,3.1,6.7,5.62,No
57,0.0,6.2,9.1,3.26,No
72,3.2,4.7,5.4,6.61,No
72,3.1,2.0,4.6,5.98,No
67,1.9,3.7,7.5,5.1,No
67,4.6,3.7,8.4,6.12,No
50,3.9,4.1,7.3,5.76,No
68,3.4,1.6,6.9,7.34,Yes
88,1.6,2.9,6.9,4.8,No
68,3.1,3.7,5.1,5.56,No
96,4.8,2.4,7.9,6.43,Yes
69,5.5,3.0,7.1,5.62,Yes
57,2.4,5.9,5.3,3.88,No
56,2.2,2.6,5.0,,No
86,3.6,4.4,7.0,5.78,No
74,1.3,4.6,5.5,5.59,No
48,0.0,2.4,6.5,4.56,No
72,2.5,2.8,7.0,6.64,Yes
78,3.8,4.1,5.5,5.85,Yes
50,1.8,4.4,7.2,4.03,Yes
66,3.9,2.3,6.6,6.71,No
57,2.4,4.9,6.7,5.13,No
63,3.7,4.9,5.7,5.71,Yes
55,3.8,3.7,6.0,5.61,No
40,4.5,2.7,8.8,5.63,No
49,1.8,4.6,8.2,4.04,No
84,1.7,3.3,4.8,4.55,No
61,1.4,4.3,7.4,5.24,No
97,3.5,5.9,5.5,4.7,No
54,4.9,4.3,6.2,4.57,No
73,4.6,2.6,4.9,6.33,Yes
73,1.4,1.3,6.1,5.82,No
69,3.3,3.9,6.1,5.34,No
87,4.7,4.0,5.3,6.71,Yes
50,3.6,1.8,5.5,6.14,Yes
86,0.9,1.2,6.1,5.63,Yes
64,5.7,3.4,7.2,5.63,No
76,4.8,2.4,6.0,6.22,No
67,2.9,5.8,7.0,5.36,No
92,2.8,2.6,4.2,4.83,Yes
56,3.2,2.3,5.8,4.51,No
47,5.0,3.5,5.8,5.58,Yes
80,2.2,2.7,6.7,6.01,No
72,5.3,2.2,7.0,6.37,Yes
75,2.6,4.5,5.5,5.03,No
88,4.8,4.5,7.4,5.18,No
73,2.8,4.6,7.3,6.03,No
65,3.8,4.6,7.1,5.76,Yes
69,2.2,6.2,5.8,5.67,No
99,2.6,1.5,5.0,,Yes
74,3.4,2.9,7.4,5.58,No
81,3.6,2.7,6.7,5.64,Yes
58,0.3,3.7,6.6,5.27,No
82,2.1,0.5,6.0,6.07,Yes
64,4.4,3.8,6.2,5.66,No
43,1.8,3.2,5.2,4.93,No
73,4.7,4.5,8.3,5.98,No
71,2.1,6.9,6.7,5.39,No
75,3.2,3.6,6.9,5.74,Yes
66,2.5,3.0,3.2,5.07,No
85,5.1,3.4,5.6,4.7,Yes
74,6.0,3.6,6.7,5.3,No
65,1.9,3.5,6.2,4.55,No
86,3.2,3.5,5.8,5.06,No
75,1.5,4.3,6.5,5.43,No
72,1.6,4.9,5.6,5.43,Yes
62,4.6,3.4,6.4,6.27,No
99,2.9,3.6,5.8,6.08,No
55,3.1,4.7,7.7,4.42,No
64,3.5,4.8,5.8,5.16,No
64,2.0,5.0,6.3,5.24,No
67,0.9,6.4,5.9,4.55,No
78,1.4,7.2,6.5,5.02,No
76,2.1,7.4,9.5,4.72,No
78,5.1,3.4,8.8,5.68,Yes
68,3.5,4.3,7.8,6.52,No
87,3.0,3.3,7.2,5.76,No
58,0.9,3.0,6.2,4.2,No
57,0.9,4.9,6.7,5.05,No
51,2.0,3.0,6.6,4.46,No
63,2.6,4.7,7.1,5.74,No
71,1.9,3.0,5.6,6.42,No
61,1.8,1.6,5.6,5.31,Yes
62,2.2,3.2,5.7,5.15,Yes
86,2.0,4.6,5.4,5.56,No
59,2.7,2.8,5.9,4.65,No
65,3.3,4.1,7.3,5.03,No
75,4.1,1.9,6.5,6.02,No
44,1.4,2.1,6.6,4.99,No
52,2.9,5.2,7.5,3.71,No
81,6.0,2.6,5.5,6.48,No
42,2.5,5.0,7.3,4.82,No
47,3.0,3.0,8.3,5.2,No
45,1.7,3.2,6.9,4.94,No
64,4.0,4.9,5.2,5.44,No
50,2.0,7.2,5.7,5.34,No
57,6.0,2.9,5.3,5.5,No
87,2.2,6.6,5.4,5.22,No
66,2.5,3.2,6.2,4.92,No
73,3.4,3.3,6.4,4.42,Yes
75,6.8,8.0,5.0,4.91,No
85,1.1,3.4,6.5,5.15,No
62,4.6,3.5,6.5,4.62,No
68,3.5,4.6,6.5,4.61,No
66,0.0,3.8,8.0,4.76,No
54,2.6,4.4,,4.33,No
67,3.1,3.1,4.5,5.3,No
74,3.1,3.4,,5.5,No
82,5.0,3.8,7.7,5.98,Yes
56,1.7,2.7,4.2,4.35,No
86,1.0,6.1,6.3,5.89,No
64,0.4,3.4,6.5,4.98,No
88,4.6,4.5,5.7,6.76,No
69,4.5,5.1,4.6,5.8,No
74,3.0,4.3,8.5,4.72,No
64,1.8,1.7,6.2,5.04,No
93,2.9,5.1,5.4,6.13,No
56,7.4,4.0,7.8,5.0,Yes
85,2.9,3.9,4.9,,No
53,3.6,2.1,5.6,5.55,Yes
59,0.2,4.4,4.6,4.49,No
95,3.7,1.9,5.2,5.9,No
79,4.1,1.4,5.5,6.2,No
74,2.1,3.6,6.9,5.05,No
73,2.7,4.1,7.6,5.97,No
86,3.8,2.4,,5.71,No
75,2.6,2.8,6.1,4.5,No
70,4.7,5.2,7.8,5.66,Yes
76,1.0,5.3,4.9,5.79,No
67,3.2,4.2,8.2,6.33,No
64,3.8,4.9,6.4,5.66,No
59,3.2,4.9,7.6,5.58,No
54,1.4,1.9,7.0,5.67,No
76,,3.8,6.6,4.7,Yes
67,0.9,3.3,7.7,4.46,No
45,1.7,4.0,6.0,4.14,No
64,3.0,0.6,7.7,5.71,No
74,3.8,3.8,6.2,6.11,No
59,1.7,4.6,10.0,3.84,Yes
74,0.5,2.5,5.0,4.56,No
36,3.6,3.9,7.1,4.3,No
93,0.3,5.5,6.9,3.66,No
74,3.5,1.3,7.6,5.45,Yes
41,,3.0,5.5,5.19,Yes
20,5.4,3.5,6.0,4.97,No
73,3.9,1.1,5.3,5.31,Yes
55,2.2,4.1,7.0,4.89,Yes
74,3.3,2.2,8.2,5.65,Yes
82,4.4,0.9,6.4,,No
58,3.5,3.6,7.5,5.38,No
81,,7.5,10.0,5.14,No
83,4.9,1.9,6.5,6.2,Yes
76,1.4,4.6,3.7,4.33,No
89,0.7,3.0,6.7,5.41,No
56,0.0,5.5,7.8,4.8,No
49,5.2,3.5,5.3,6.05,No
45,1.8,1.1,5.7,4.04,No
70,2.5,,5.4,4.73,No
76,3.2,3.8,7.2,5.76,No
79,1.9,2.6,5.7,5.22,Yes
69,4.8,5.0,8.4,5.48,No
74,4.7,3.9,7.6,4.21,No
74,3.9,3.7,8.8,4.91,No
76,2.9,0.5,7.0,6.65,Yes
77,2.1,1.4,,5.33,No
83,1.4,4.0,,4.32,No
51,3.3,2.7,5.6,5.66,No
59,2.2,5.4,7.6,5.05,No
77,3.8,1.2,7.5,6.0,Yes
45,1.5,2.7,5.4,3.69,No
67,0.9,3.6,4.2,5.18,No
85,4.4,3.6,6.6,6.55,No
92,2.8,4.8,6.8,6.49,No
79,3.9,5.2,5.3,6.19,No
75,4.5,3.3,7.0,5.59,Yes
84,2.3,2.9,6.8,5.41,No
76,0.3,2.6,7.0,4.23,No
79,5.9,5.2,5.7,5.65,No
98,5.7,4.7,6.9,6.2,Yes
70,3.5,2.0,7.2,6.42,Yes
66,2.6,3.4,8.0,4.9,No
89,2.1,3.5,4.5,6.17,No
68,3.6,3.5,10.0,5.41,No
77,4.0,,,5.38,Yes
81,2.9,3.0,6.9,6.05,Yes
53,1.8,5.0,7.0,3.26,No
69,4.5,2.1,4.6,6.29,Yes
62,2.0,3.1,6.2,4.47,No
64,4.5,2.9,7.7,5.88,No
82,2.5,3.2,6.1,4.51,No
52,5.5,5.0,5.8,6.17,No
65,1.4,5.0,6.5,5.19,No
74,5.5,5.2,6.9,4.69,No
68,2.9,1.9,5.8,6.03,No
75,3.1,2.3,6.7,5.88,No
78,2.0,1.8,7.0,6.11,Yes
79,1.9,4.4,5.6,4.65,No
86,1.4,4.7,5.3,5.7,No
100,1.7,2.9,6.7,6.72,Yes
83,3.7,3.9,6.5,6.47,No
69,5.5,2.9,5.7,5.64,No
76,4.4,2.4,6.8,6.08,Yes
65,2.9,3.6,7.2,,No
86,2.7,2.1,5.5,6.06,No
74,5.8,0.3,6.2,6.1,Yes
94,3.5,4.1,6.7,5.1,No
64,2.3,2.2,8.0,5.54,No
65,4.2,3.2,6.9,6.1,No
66,3.4,1.8,7.2,4.11,No
62,4.0,4.8,5.4,5.76,No
78,5.5,4.6,8.6,7.31,No
73,1.4,4.6,5.3,4.71,No
75,1.3,1.4,7.3,4.89,No
40,4.0,6.6,6.6,4.76,No
55,3.7,3.9,6.0,6.57,No
68,1.5,4.1,5.9,6.01,No
71,5.5,1.3,7.2,6.24,No
94,3.7,3.7,5.4,7.86,No
55,2.0,3.5,6.1,5.09,No
53,2.7,1.3,5.0,4.94,No
54,0.0,2.5,6.1,4.71,No
71,3.5,,7.2,5.24,No
80,1.2,2.4,6.6,6.99,No
61,2.5,3.3,5.1,6.03,No
72,2.9,2.6,6.4,6.27,No
52,5.9,4.2,9.1,6.01,Yes
50,5.1,4.8,4.9,5.93,No
63,0.0,4.8,6.7,4.15,No
82,1.7,3.6,7.7,5.23,No
59,3.5,5.2,5.0,5.17,No
67,3.0,2.2,5.9,5.58,No
56,4.8,3.2,7.9,5.76,Yes
53,1.5,3.1,5.4,4.64,Yes
76,2.7,5.3,7.3,4.47,No
61,1.8,0.5,7.3,5.58,No
49,3.3,1.3,5.6,5.93,No
48,2.4,1.2,6.5,5.65,No
85,4.1,3.3,9.2,7.78,Yes
44,2.2,3.0,5.9,5.39,No
86,1.9,0.9,8.1,5.69,Yes
79,6.7,4.6,7.3,5.07,Yes
63,5.0,4.7,,5.41,No
80,4.7,3.7,6.8,6.72,No
66,2.1,1.5,7.7,4.81,No
76,1.4,7.5,5.7,3.65,No
41,0.0,4.7,6.5,4.63,No
72,3.4,5.2,3.7,4.77,No
64,4.0,2.0,9.0,6.74,No
62,1.7,2.1,6.3,6.0,No
83,3.6,1.7,7.3,7.68,No
100,0.3,2.8,7.4,5.47,No
89,7.6,2.9,6.8,7.29,Yes
87,1.5,3.1,5.9,4.98,No
57,1.6,4.9,,5.08,No
80,1.8,4.7,4.8,4.85,No
64,4.5,4.7,5.5,4.36,No
62,4.1,5.4,7.0,4.81,Yes
100,3.3,3.9,7.5,6.5,No
39,6.7,6.4,,4.82,Yes
77,3.5,3.7,6.6,,No
76,3.6,4.2,6.4,6.43,No
82,4.0,2.1,5.6,6.33,Yes
82,2.3,2.3,7.3,6.13,No
77,0.5,4.0,7.5,5.68,No
76,2.5,3.4,3.3,4.98,No
58,0.4,5.7,8.0,4.91,No
70,4.4,2.0,5.7,7.15,Yes
82,3.5,1.6,7.7,6.15,No
59,1.7,3.9,7.0,4.28,Yes
75,2.4,2.7,6.8,4.9,No
82,3.7,3.4,6.1,6.7,Yes
65,3.9,4.1,4.9,5.76,No
93,3.3,4.1,4.8,4.41,No
78,0.6,2.7,4.1,5.47,No
46,0.4,2.8,6.7,4.73,No
71,2.4,5.0,6.2,4.51,No
58,4.0,3.6,7.6,5.13,No
54,2.4,4.3,6.9,4.21,No
55,4.5,3.4,6.6,5.42,No
98,5.5,3.2,5.6,7.21,Yes
58,2.1,2.4,7.2,6.42,No
67,0.7,4.4,5.3,4.14,No
74,4.5,4.0,6.4,6.69,No
59,7.1,2.0,8.3,5.79,No
57,3.0,4.8,7.1,6.0,No
60,,1.2,5.0,5.23,No
61,4.9,5.1,6.1,4.68,No
77,3.7,2.4,5.3,6.2,Yes
57,3.2,3.9,7.2,4.98,Yes
93,2.7,3.4,6.7,5.85,No
66,3.0,2.0,7.9,5.06,Yes
94,1.6,3.0,8.2,4.27,Yes
69,6.4,5.6,5.6,7.66,Yes
47,2.0,4.7,7.1,4.69,No
60,0.0,5.4,5.4,4.04,No
78,2.9,2.3,7.5,6.11,No
54,3.7,2.4,7.1,5.42,No
69,5.5,3.1,6.9,6.63,No
75,2.3,3.4,6.2,4.35,No
75,1.0,2.2,6.5,5.53,No
78,4.8,3.5,4.5,6.29,No
73,1.9,4.0,7.8,5.7,No
54,3.9,5.2,3.9,4.97,No
65,1.4,3.6,8.1,5.02,No
70,1.6,4.1,5.0,4.69,No
76,2.4,2.3,7.8,6.54,No
59,1.1,1.1,6.0,4.33,Yes
69,0.6,5.2,6.4,4.23,No
98,2.1,3.7,6.1,6.09,No
83,3.1,4.9,5.3,7.72,Yes
83,6.7,2.9,5.5,6.73,No
69,3.4,1.8,9.0,6.94,No
72,3.1,1.4,5.1,5.86,No
70,3.2,2.2,7.1,7.29,No
77,3.7,2.1,5.7,6.68,No
51,3.0,4.3,7.6,5.48,Yes
58,4.7,3.3,6.5,6.74,Yes
48,,4.9,7.3,4.74,No
81,2.8,3.1,7.0,4.74,No
80,1.6,5.6,5.6,6.31,Yes
60,3.7,4.4,6.0,5.05,No
59,4.8,3.4,6.3,6.7,Yes
81,4.2,,5.9,5.32,Yes
80,2.3,5.8,5.3,5.6,No
94,3.0,2.9,8.0,5.8,No
57,5.6,,7.1,4.97,Yes
68,4.5,4.7,6.1,5.59,No
71,3.8,5.5,5.2,4.89,Yes
78,2.0,2.1,6.3,5.0,Yes
84,3.7,7.2,4.7,5.43,No
68,5.7,,7.0,5.82,No
73,3.2,4.3,6.0,4.75,Yes
65,0.0,1.4,5.9,4.83,No
48,5.9,4.7,7.9,5.18,No
57,4.4,4.8,5.8,4.78,No
62,1.8,1.5,8.5,4.45,No
78,2.8,3.3,5.3,5.3,Yes
38,2.7,5.3,5.4,4.71,No
78,2.4,0.2,6.1,6.0,Yes
78,2.9,4.1,6.5,5.81,Yes
63,4.2,3.9,5.5,6.39,No
98,5.5,1.8,8.3,7.43,Yes
73,2.0,4.3,6.9,6.72,No
73,4.3,3.6,5.3,6.31,No
67,1.8,3.5,5.9,5.48,No
42,4.8,4.1,6.9,5.95,No
60,3.5,3.3,6.2,5.94,No
58,2.9,3.2,5.5,4.3,Yes
79,2.6,2.9,7.7,6.48,Yes
62,4.7,3.8,8.7,5.57,Yes
74,1.0,2.4,6.4,4.51,No
45,4.7,6.6,7.0,5.35,Yes
90,2.2,2.1,8.0,6.5,Yes
80,4.2,4.3,5.6,6.55,Yes
69,3.2,2.0,8.6,6.05,Yes
62,1.3,8.0,5.1,4.9,No
82,2.5,2.4,7.0,5.91,No
62,1.7,6.3,5.6,5.13,Yes
62,1.0,2.6,5.1,5.0,No
66,,4.7,5.7,5.51,No
91,0.5,3.5,6.0,5.98,No
60,1.9,4.0,5.8,5.69,No
80,3.6,4.1,7.7,5.31,No
58,1.5,4.6,6.5,5.77,No
38,4.8,4.4,7.3,5.8,No
75,6.1,3.3,7.3,6.56,No
57,5.4,3.7,6.3,6.29,Yes
65,3.7,3.7,5.0,6.75,No
82,2.8,3.5,7.5,4.8,Yes
56,3.2,3.3,5.5,4.26,No
63,5.5,4.2,8.3,6.81,No
79,1.1,3.0,7.7,4.36,No
63,0.3,5.0,6.5,5.76,No
71,2.7,5.5,3.6,4.79,No
67,3.4,3.1,6.9,5.29,No
67,4.5,4.3,,6.84,No
66,4.4,3.0,6.3,5.77,No
76,5.3,2.5,5.7,5.91,Yes
41,3.0,2.6,6.5,5.73,No
65,2.9,2.4,7.1,3.9,No
58,3.2,1.2,7.6,5.01,No
80,1.3,6.9,6.2,5.65,No
87,5.1,3.4,5.5,4.76,No
69,2.5,4.0,8.7,4.4,No
67,2.5,2.7,4.5,5.85,No
77,3.4,3.0,7.7,6.26,No
71,1.8,1.7,7.3,5.83,Yes
67,2.7,4.7,7.6,4.61,No
73,3.8,2.8,5.7,5.86,No
64,5.1,6.4,5.3,5.8,No
80,3.4,2.8,6.7,6.44,Yes
96,5.7,4.1,5.5,7.53,Yes
67,2.6,2.0,5.3,5.64,No
76,0.4,3.5,5.8,6.1,No
40,0.8,0.9,6.5,4.39,No
43,3.7,1.8,,6.54,No
73,2.6,5.5,5.2,5.88,No
64,4.6,5.7,8.7,6.29,Yes
59,3.3,3.7,3.1,4.77,No
76,3.1,3.6,7.4,4.71,No
65,1.4,4.9,7.8,6.34,No
76,0.0,3.9,8.0,5.45,No
71,2.3,,6.2,5.72,No
81,1.3,4.7,6.0,6.53,No
68,0.7,4.4,8.7,5.61,No
69,3.3,5.6,4.2,,No
65,4.2,5.2,5.8,5.3,No
62,3.6,0.8,5.3,4.3,No
76,3.6,2.1,7.6,5.89,Yes
55,1.8,7.7,6.5,3.87,No
85,1.1,3.0,4.7,5.42,No
55,1.5,3.5,5.5,5.27,Yes
65,4.6,3.4,6.0,5.54,Yes
63,2.7,3.0,7.2,5.33,No
78,5.8,6.6,4.8,6.26,No
88,4.6,3.8,8.6,6.41,Yes
74,5.7,2.1,6.8,5.79,Yes
93,3.0,3.1,7.2,6.17,No
59,3.3,5.0,6.9,4.62,No
65,0.9,2.4,7.4,,No
49,3.0,4.6,4.1,4.82,No
53,4.3,2.7,8.3,6.12,No
83,6.9,3.3,8.1,5.93,Yes
66,2.1,5.6,7.1,5.26,Yes
62,1.3,4.8,8.8,5.43,No
56,4.6,4.5,5.3,4.78,No
80,1.6,2.1,5.4,6.34,No
63,2.3,5.2,6.3,3.7,No
52,5.9,2.1,5.6,5.22,No
70,2.4,3.3,6.6,5.72,No
77,4.3,3.9,7.9,5.84,Yes
67,5.2,5.6,6.9,5.83,No
62,2.1,4.1,6.9,5.35,No
70,2.7,4.0,5.2,4.65,Yes
49,2.8,2.5,6.4,4.89,No
79,3.3,5.3,6.3,5.11,Yes
75,1.5,3.8,6.1,6.1,No
85,2.4,1.0,7.8,6.16,No
57,,,7.0,3.49,No
46,1.4,2.3,5.3,4.78,No
47,3.8,1.4,6.5,5.02,No
55,4.3,2.9,7.6,6.19,No
51,4.1,,6.9,5.48,Yes
77,5.5,7.1,6.9,5.41,No
62,4.6,3.9,5.5,5.04,No
66,2.3,4.6,7.6,4.78,No
60,4.2,2.9,5.1,,No
67,1.2,5.7,6.4,,No
79,1.6,2.7,6.8,6.15,No
93,3.4,4.9,7.2,5.65,No
83,1.5,7.1,6.5,6.27,No
70,0.4,5.2,6.4,4.5,No
65,3.5,4.1,4.8,4.99,No
88,4.5,2.7,6.2,6.69,No
55,4.6,3.1,7.6,6.51,No
69,5.1,1.0,7.2,5.94,No
52,4.4,4.1,6.4,4.74,No
87,2.2,4.0,7.5,4.56,Yes
90,2.9,1.8,7.1,5.73,Yes
50,2.5,4.0,9.1,4.02,No
49,2.8,3.3,6.0,4.61,No
62,3.7,1.7,6.3,5.52,Yes
78,2.4,2.7,5.9,5.26,Yes
57,1.8,1.8,6.6,5.16,No
58,3.1,3.2,5.7,5.37,No
79,5.9,3.7,6.6,5.04,No
73,4.5,2.2,7.4,5.98,Yes
68,1.4,1.1,8.4,5.6,No
70,1.9,4.6,7.1,5.49,No
73,4.4,2.0,8.5,4.83,No
82,3.2,4.5,5.6,5.4,No
82,1.8,3.4,8.1,6.83,No
61,4.4,,6.4,6.89,No
68,2.6,3.2,4.0,4.57,No
60,3.2,5.5,3.9,3.76,No
76,2.4,7.1,6.6,5.52,No
54,1.1,4.2,4.7,3.47,No
52,2.1,0.6,6.5,4.69,Yes
62,3.7,5.0,6.7,6.27,No
38,,2.6,6.6,4.85,Yes
20,2.0,0.0,5.8,3.07,No
75,1.1,3.1,9.4,5.21,No
76,3.1,5.4,6.8,5.19,No
54,3.2,5.0,7.3,5.8,No
67,1.6,3.0,7.6,5.37,No
91,3.1,6.3,4.7,7.56,No
67,3.2,2.3,7.5,5.68,No
88,3.3,6.5,7.4,6.35,No
59,3.2,2.7,5.9,6.14,No
71,2.0,2.9,7.1,6.62,No
76,,0.7,7.1,4.81,Yes
61,2.9,3.0,7.4,6.45,No
64,3.3,4.2,8.1,4.97,No
66,4.1,3.2,7.2,5.97,No
56,4.3,1.1,5.7,4.76,Yes
72,3.8,3.9,5.9,4.22,No
87,3.6,3.5,6.4,6.7,No
86,4.8,3.6,5.6,6.48,Yes
98,1.8,4.6,5.3,5.0,No
62,1.3,3.5,6.5,4.05,No
61,4.9,3.8,4.7,5.75,No
78,4.6,5.7,5.7,5.63,Yes
90,4.3,2.5,6.7,6.78,No
85,2.6,4.8,7.7,5.05,No
79,5.4,3.7,6.4,6.18,Yes
57,1.8,2.6,4.9,6.51,No
58,2.1,5.6,6.4,5.55,Yes
77,1.2,2.5,5.8,4.24,Yes
75,2.2,4.4,6.6,4.91,No
67,3.1,1.9,7.6,5.74,No
76,2.3,1.7,6.4,4.85,No
71,3.9,4.9,6.7,6.32,Yes
81,3.5,0.3,7.4,6.87,Yes
61,3.9,1.5,7.6,7.04,No
48,4.7,5.7,5.8,5.15,No
50,4.8,6.9,7.1,5.57,Yes
59,3.1,5.4,6.4,5.75,No
61,3.3,1.8,6.0,6.56,No
69,2.0,4.3,3.9,5.3,No
57,6.1,1.3,8.2,6.01,No
53,1.1,3.1,9.9,3.98,No
46,1.6,2.5,5.7,5.51,No
72,2.3,5.6,7.1,5.64,Yes
69,0.0,3.4,6.0,4.88,No
72,2.6,0.0,7.4,7.09,No
62,3.1,4.3,6.6,3.91,Yes
96,1.9,3.0,8.2,6.25,No
52,3.1,2.9,6.9,5.93,No
70,0.9,5.6,4.0,4.44,No
36,1.5,3.6,3.7,4.06,No
76,3.8,1.4,6.2,5.92,Yes
58,3.7,2.7,3.7,5.59,Yes
49,3.3,2.7,6.7,5.28,No
76,4.1,3.3,6.7,6.29,No
51,2.9,2.3,5.3,5.46,No
57,3.8,3.6,7.2,5.81,No
84,2.3,4.2,6.8,5.32,No
72,,4.4,6.7,5.54,No
64,3.1,3.9,7.8,5.54,No
72,4.5,3.7,6.9,5.09,No
63,2.8,4.1,5.3,5.35,No
79,2.0,5.6,6.1,5.34,No
67,3.7,0.9,5.7,5.92,No
55,0.7,2.7,3.7,5.34,Yes
47,3.8,3.9,7.7,5.48,No
86,1.2,3.2,8.0,5.23,No
48,3.5,2.3,7.1,5.68,No
81,4.8,0.4,5.6,6.36,Yes
56,1.5,4.9,5.6,4.56,No
60,5.6,4.5,7.0,5.23,No
88,4.4,1.7,5.9,6.6,Yes
59,4.0,6.3,7.8,5.14,No
65,2.4,3.7,8.8,5.75,No
87,4.5,2.6,6.1,5.39,No
79,3.1,1.6,8.4,6.82,Yes
79,3.4,2.4,7.7,6.91,No
57,5.5,3.1,6.1,4.12,No
56,3.5,3.5,5.7,5.18,No
78,3.3,3.9,7.1,6.04,No
69,3.0,4.0,6.4,5.5,Yes
69,2.0,4.5,6.7,5.22,No
51,3.7,2.8,8.5,5.03,No
59,2.7,4.2,5.7,5.06,No
44,5.0,2.3,5.5,4.98,No
71,4.9,3.8,6.8,6.11,No
76,2.5,2.9,6.2,6.38,No
83,2.8,4.2,6.7,6.37,No
48,1.3,2.5,6.5,5.38,No
80,0.0,1.9,5.3,4.68,No
68,3.7,3.2,5.7,5.96,No
85,2.2,2.9,6.3,5.07,No
42,4.0,3.6,6.0,4.01,No
93,1.7,2.3,6.3,6.65,Yes
66,2.6,2.0,6.7,6.66,Yes
72,2.8,2.0,6.4,5.75,No
57,2.8,1.4,5.3,4.53,No
55,0.2,5.6,6.3,3.43,No
77,4.2,3.0,8.0,,No
64,2.8,4.2,9.2,5.25,No
94,1.1,6.4,8.2,5.19,No
65,4.8,1.1,4.6,5.9,Yes
82,4.9,3.0,5.2,5.08,No
66,3.3,5.8,4.8,3.62,No
27,2.8,3.1,8.0,2.83,No
63,2.6,5.3,7.9,5.43,No
81,,0.0,6.9,6.33,Yes
72,2.9,3.2,9.1,6.08,Yes
62,0.0,0.3,6.1,6.12,No
73,4.6,3.7,6.7,5.86,Yes
89,1.9,3.6,6.8,6.18,Yes
85,0.7,1.7,4.9,4.66,No
48,1.2,3.5,5.1,4.93,No
70,2.9,4.6,6.3,5.66,No
72,3.6,4.7,4.4,5.49,No
53,2.4,4.7,5.7,4.24,No
58,2.1,6.1,8.0,4.81,No
55,1.6,5.2,6.2,4.92,Yes
56,4.3,2.3,8.1,5.96,Yes
46,3.9,3.5,7.4,4.91,No
67,3.4,4.0,7.1,5.48,No
80,1.2,2.8,8.6,6.9,No
60,2.3,2.6,6.2,4.87,No
94,2.3,4.6,6.3,6.4,No
89,5.6,1.5,6.0,7.64,Yes
65,3.1,2.5,6.2,,No
66,2.2,5.3,4.1,5.58,No
88,5.6,2.9,6.0,7.36,Yes
59,4.2,3.8,9.1,5.23,No
73,4.2,4.4,5.9,4.73,No
83,5.0,4.9,7.3,5.56,No
62,,2.7,6.1,5.7,Yes
68,2.3,3.8,5.4,6.39,No
51,2.7,1.9,7.1,4.57,No
52,3.6,3.6,4.8,5.98,No
92,3.2,1.6,8.4,6.37,No
75,0.3,3.2,7.1,5.5,No
80,0.9,3.9,5.9,4.63,No
75,3.0,1.8,6.9,4.85,No
71,0.4,4.9,5.8,4.73,No
62,1.0,2.4,6.2,4.64,No
96,2.3,2.3,7.7,6.1,No
50,3.1,1.7,7.2,6.2,Yes
52,3.9,4.3,8.1,5.81,No
60,4.3,5.3,7.4,5.72,Yes
75,3.4,3.1,7.0,5.34,Yes
72,4.5,1.3,4.9,6.37,No
57,1.9,1.7,5.6,4.24,No
64,1.5,3.0,6.1,6.02,No
63,2.7,2.6,3.3,5.32,No
73,4.0,1.2,6.1,5.3,Yes
62,4.2,3.9,6.6,3.66,No
94,4.9,2.9,7.2,7.12,No
65,3.8,4.6,4.6,5.22,No
65,5.9,3.8,5.5,6.11,Yes
80,4.2,3.6,6.2,6.13,Yes
77,2.9,3.1,8.8,5.18,No
87,4.5,3.6,8.1,6.82,Yes
84,5.3,5.7,5.8,6.13,Yes
66,0.9,0.6,7.4,4.98,No
87,2.4,3.9,5.2,5.49,No
63,1.5,3.2,4.8,4.74,No
53,2.8,2.3,5.7,7.02,No
69,2.2,4.4,6.5,5.37,No
75,3.8,2.8,6.6,4.8,No
73,4.9,1.4,8.3,6.27,Yes
76,4.9,2.0,4.8,4.82,No
58,4.3,4.2,8.0,5.1,No
79,3.5,3.8,8.6,5.84,No
90,1.6,1.2,8.3,6.78,No
58,4.8,0.8,8.5,6.7,Yes
83,5.0,2.9,5.9,6.2,Yes
75,0.0,0.0,7.6,4.96,No
80,6.2,,8.2,6.49,No
58,0.7,3.2,6.9,4.81,Yes
72,1.7,4.7,6.3,5.04,Yes
70,3.9,4.7,4.9,6.35,No
69,,2.0,9.2,4.67,No
73,3.0,3.8,5.2,6.62,No
78,1.3,3.7,8.2,4.41,Yes
91,4.0,3.3,5.6,6.6,Yes
85,2.7,1.7,7.8,6.24,No
83,2.4,4.7,5.5,5.7,No
89,4.1,2.6,6.6,6.0,No
73,2.4,2.2,7.2,5.83,No
56,4.5,4.9,7.2,4.82,Yes
72,1.9,2.7,4.7,5.91,No
76,1.7,3.1,5.4,6.28,No
82,3.2,4.1,5.9,6.53,No
78,3.6,3.8,7.2,5.48,No
67,2.9,1.5,7.8,4.81,No
88,2.2,1.3,5.5,7.13,Yes
74,1.4,4.0,6.1,4.22,Yes
66,3.3,3.7,3.9,,No
43,3.2,3.2,6.0,4.92,No
76,2.6,1.4,7.7,5.24,No
52,5.6,3.5,7.0,5.58,Yes
54,2.0,3.9,5.3,4.34,No
76,6.1,0.0,6.8,6.65,Yes
77,2.6,2.8,5.2,5.85,No
53,4.7,3.6,5.6,5.81,No
64,3.5,3.6,8.3,3.97,No
69,4.9,6.4,6.5,5.34,No
82,6.2,5.0,6.4,6.6,Yes
61,3.4,4.1,7.2,5.57,No
81,1.8,4.9,7.2,5.94,No
57,0.7,3.7,6.9,3.72,No
51,2.3,4.3,7.6,5.28,No
86,4.8,5.3,3.9,5.93,Yes
91,5.0,1.1,6.8,7.06,Yes
87,4.8,6.4,7.7,5.78,Yes
80,2.8,3.2,7.0,5.86,Yes
71,4.6,5.0,5.0,4.97,Yes
78,3.8,4.2,6.8,5.76,Yes
77,1.8,4.1,7.1,5.44,No
96,2.4,5.3,6.2,4.35,No
59,5.8,3.8,7.7,6.01,Yes
61,0.9,5.1,5.5,3.07,No
56,4.6,3.9,6.3,4.53,No
90,1.5,2.1,7.9,6.93,No
70,3.2,1.8,5.9,5.51,Yes
59,5.4,4.2,6.0,5.78,Yes
41,3.7,2.4,5.3,4.48,No
57,3.0,4.3,5.8,4.8,No
73,2.7,2.1,6.0,4.07,Yes
43,5.1,5.3,6.4,5.68,No
56,4.1,5.8,7.1,5.16,No
70,4.8,4.5,8.1,6.65,No
66,4.6,3.3,6.6,6.45,Yes
52,4.4,,7.4,5.01,Yes
57,3.5,4.1,6.2,5.49,No
66,2.0,6.4,6.5,5.81,No
75,3.7,3.9,5.9,4.55,No
78,2.6,4.8,6.1,5.34,No
68,0.5,2.3,6.5,4.49,Yes
89,5.5,3.5,6.3,7.69,Yes
62,1.4,5.9,6.1,4.21,No
54,2.4,6.2,4.9,3.52,No
42,1.6,1.9,6.9,5.61,No
79,1.8,3.5,6.2,4.96,No
68,1.5,5.2,6.2,5.52,No
48,2.3,5.3,6.6,5.03,No
73,3.3,3.3,7.4,5.06,No
83,3.5,3.5,5.4,6.05,No
73,4.2,2.7,6.2,5.08,No
60,2.4,1.2,3.1,4.72,No
53,0.0,3.2,7.1,3.79,No
73,4.6,4.2,8.3,6.25,No
70,4.4,1.2,7.6,5.85,No
100,2.1,7.6,5.3,4.78,No
55,4.2,3.5,5.9,5.97,No
75,3.3,6.1,6.7,4.92,No
61,3.4,4.5,3.3,6.25,No
59,3.5,5.4,5.9,3.61,No
53,1.5,1.8,6.5,5.54,No
85,2.1,4.7,5.8,6.24,No
85,3.6,2.6,7.8,6.44,No
82,2.9,3.6,5.4,6.95,Yes
63,3.0,4.5,5.7,4.97,No
77,4.6,3.8,8.6,7.14,Yes
88,0.0,2.9,8.4,5.55,No
35,4.8,3.7,8.7,5.27,Yes
77,3.1,4.8,5.6,4.24,No
83,2.9,3.2,6.2,5.33,No
80,,4.1,,5.56,No
57,2.4,3.4,5.6,4.75,No
57,1.4,1.8,,4.22,No
74,4.0,5.9,6.0,6.21,Yes
70,5.5,4.7,8.0,5.25,No
82,4.6,2.9,6.6,6.18,Yes
82,4.6,2.2,6.4,6.47,Yes
62,0.7,2.7,5.4,5.75,No
46,4.2,4.3,7.4,4.29,No
50,2.3,3.7,5.4,5.62,No
54,2.1,4.9,7.0,,No
62,2.9,1.9,6.6,5.23,No
74,5.1,3.9,7.0,6.07,Yes
65,1.6,3.2,8.2,6.88,No
52,2.4,2.7,,4.66,No
78,0.9,5.8,6.5,5.2,No
65,0.3,2.9,7.0,4.59,No
60,2.5,3.5,8.0,5.07,No
58,4.7,0.7,5.3,4.42,No
74,4.8,5.6,7.2,5.41,Yes
66,3.3,2.2,7.7,7.08,No
61,3.1,1.1,7.5,6.01,Yes
52,2.0,4.9,7.8,4.93,No
61,0.5,5.2,7.0,5.24,No
73,0.9,4.5,5.9,4.72,No
78,4.9,0.9,4.9,7.33,No
83,0.9,4.1,8.4,6.19,No
60,0.4,0.0,7.6,5.02,No
48,1.8,1.6,7.0,5.57,No
78,0.0,3.0,6.0,6.08,No
72,4.6,5.1,7.5,4.75,No
49,2.9,3.9,6.2,4.63,No
80,2.3,5.5,6.0,4.97,No
27,3.6,2.6,7.0,4.12,No
55,,1.8,9.4,5.74,No
94,3.1,3.4,4.2,5.22,No
100,3.0,2.9,6.4,6.81,Yes
83,1.0,3.8,6.2,4.71,No
65,2.0,,5.9,5.58,No
75,4.0,,7.6,6.49,No
39,2.9,3.8,8.3,5.88,No
63,4.8,3.9,7.6,5.69,No
45,4.3,3.0,5.6,4.11,No
86,0.0,3.9,7.3,5.29,No
81,3.7,6.3,7.3,4.11,No
79,3.0,2.9,6.2,6.36,No
82,0.1,3.3,6.5,5.75,No
61,0.0,5.2,8.3,4.5,No
69,1.9,6.4,4.2,4.58,No
59,2.4,2.0,8.7,5.67,No
70,4.1,2.1,5.8,5.27,Yes
68,1.3,2.1,6.4,4.87,No
75,5.5,0.6,6.4,6.16,No
53,4.0,3.6,5.9,5.47,No
70,2.7,6.1,5.6,5.76,No
69,3.5,4.9,6.6,5.18,No
72,5.8,3.4,4.5,5.42,Yes
56,2.6,5.3,6.2,5.02,No
60,2.7,6.4,7.4,5.77,No
57,3.7,3.6,6.5,6.05,No
99,1.2,3.5,6.1,5.84,Yes
87,2.9,2.5,6.8,6.69,No
68,2.0,4.8,8.1,4.36,No
76,4.2,5.9,7.8,5.12,No
93,2.9,5.1,4.7,5.35,No
94,4.2,2.0,7.5,6.24,Yes
75,2.6,4.7,6.7,5.36,No
57,0.8,2.3,5.5,6.49,No
88,5.3,0.3,6.3,,Yes
73,1.6,3.6,6.3,5.36,No
64,3.1,5.3,5.7,5.46,No
80,3.4,2.6,7.7,6.72,Yes
60,4.3,2.6,8.5,5.84,No
46,5.2,4.6,5.8,4.83,No
89,2.5,3.6,5.4,5.52,Yes
76,1.6,3.3,6.5,5.26,No
82,0.0,2.4,7.8,4.8,No
42,,,4.1,4.9,No
76,0.0,3.1,6.6,,No
74,1.4,2.8,7.3,5.12,No
64,2.8,4.0,6.0,6.2,No
64,5.1,1.6,7.1,5.68,No
62,2.7,3.2,6.4,4.09,No
93,,3.9,7.4,6.48,Yes
82,3.0,4.3,8.0,6.02,No
66,2.9,4.0,6.8,5.59,No
60,4.4,1.8,7.5,5.72,Yes
69,3.4,1.0,4.3,5.45,No
69,2.3,3.2,5.2,5.7,No
54,4.8,1.5,6.4,4.95,No
86,2.1,6.6,5.1,4.92,No
66,1.4,0.9,6.0,5.08,No
71,1.2,4.3,6.9,4.58,No
82,2.4,2.7,6.4,4.3,No
93,3.1,6.0,7.2,5.63,No
71,3.4,4.1,7.8,6.69,No
48,2.6,5.3,7.2,5.46,No
78,,2.4,6.6,5.55,Yes
72,3.4,1.7,5.8,5.41,No
62,4.5,2.1,8.2,,Yes
75,0.0,1.4,6.6,5.06,No
60,0.0,3.4,4.3,4.21,No
46,4.4,1.6,7.6,6.37,Yes
71,2.3,3.3,7.2,5.39,Yes
55,4.2,2.9,6.6,5.1,No
65,0.9,5.7,6.9,4.87,No
78,2.9,2.9,5.5,5.09,No
38,1.0,4.1,6.0,4.52,No
64,3.5,4.2,5.9,3.95,No
55,2.4,3.9,8.2,5.58,No
47,0.7,2.6,5.9,4.23,No
70,3.8,3.6,5.3,5.56,No
62,,5.3,7.0,4.74,No
79,2.5,4.6,4.6,5.71,No
76,,,6.1,4.84,No
78,4.4,2.4,7.3,5.6,Yes
41,3.5,5.4,6.2,4.53,No
71,,3.1,5.7,5.83,No
72,1.1,5.1,4.9,6.14,No
51,5.9,5.4,5.6,6.05,No
67,2.9,1.1,6.5,4.65,No
73,5.5,3.7,6.4,6.39,No
70,2.1,1.8,7.7,5.8,No
79,2.4,3.1,6.1,5.49,Yes
76,2.2,5.3,3.8,5.83,Yes
79,3.2,1.6,7.7,5.75,Yes
49,2.9,3.6,8.4,3.84,No
59,4.0,4.1,4.4,5.36,Yes
63,2.6,6.0,7.3,5.93,Yes
67,3.5,1.3,8.6,6.53,No
45,3.8,3.9,5.8,4.54,No
67,0.8,3.1,7.0,6.49,Yes
80,1.3,4.5,7.1,,No
49,1.1,3.3,6.2,4.66,No
47,4.0,3.9,8.5,4.55,No
88,4.7,3.7,5.4,6.28,No
75,2.3,4.9,9.7,5.59,No
98,3.8,5.0,9.4,4.86,Yes
71,2.3,2.7,6.8,5.15,No
68,4.0,1.2,10.0,7.16,Yes
58,,4.1,6.1,6.42,Yes
100,5.3,2.9,5.0,6.78,Yes
87,5.0,2.7,7.6,6.99,Yes
77,5.7,4.3,7.5,6.11,Yes
74,3.8,8.0,6.3,5.52,No
52,4.7,2.4,8.5,6.34,Yes
70,2.2,2.8,5.8,4.44,Yes
53,4.1,2.0,8.4,3.87,No
65,1.6,2.8,6.9,6.55,No
71,5.3,0.0,6.9,7.42,Yes
72,1.6,3.9,6.3,5.37,No
54,2.9,1.0,7.5,5.1,Yes
77,2.4,3.0,5.7,5.94,No
68,3.1,3.8,5.6,4.15,No
81,3.8,2.2,6.5,6.56,Yes
78,0.5,5.4,6.5,4.69,No
88,3.0,3.2,5.9,5.95,No
58,5.0,2.3,6.4,5.23,No
99,2.9,3.4,5.0,5.68,No
53,4.1,6.5,7.1,4.22,No
64,0.1,2.7,3.7,4.91,No
72,1.6,1.2,7.0,6.54,Yes
78,5.5,3.6,6.1,5.77,No
65,1.8,3.8,6.5,5.61,No
68,2.3,4.4,6.2,5.04,No
99,2.6,0.2,5.1,6.25,No
60,2.4,7.0,5.8,4.43,No
54,0.0,2.4,5.8,3.9,No
50,4.1,6.9,5.9,5.04,No
60,3.6,2.1,7.6,5.85,No
20,4.3,1.2,6.8,4.84,No
69,3.4,4.4,5.1,6.11,No
95,2.1,2.4,6.1,6.59,Yes
69,3.6,4.4,7.4,6.38,No
88,2.1,4.7,5.5,7.03,No
64,3.6,1.3,9.1,5.81,No
96,4.7,3.2,7.1,6.36,Yes
76,4.5,4.4,7.2,5.69,Yes
69,,5.4,6.6,6.12,No
55,1.0,2.2,6.9,5.54,No
72,3.5,2.6,5.6,6.37,Yes
96,3.1,3.9,6.3,5.78,Yes
41,2.0,2.2,6.3,4.32,No
68,4.6,2.8,7.8,6.7,No
64,3.3,1.8,8.3,5.64,Yes
49,4.1,2.6,8.4,5.78,No
58,0.0,4.8,6.4,3.76,No
82,0.0,4.9,6.1,3.92,No
61,4.0,2.0,6.7,6.6,No
86,4.0,7.6,5.1,6.03,Yes
65,1.6,4.8,8.4,4.83,No
68,4.7,2.9,8.9,6.8,No
83,4.8,2.5,3.5,6.9,Yes
68,2.9,4.0,5.8,5.12,No
74,4.3,3.4,4.1,6.66,Yes
62,4.1,2.6,5.7,6.05,Yes
65,4.7,2.2,6.6,7.2,No
81,3.3,2.8,4.2,5.58,No
58,3.7,5.1,7.6,5.51,No
53,3.8,5.0,4.6,4.27,No
65,1.9,6.2,9.0,6.2,No
69,1.0,4.9,6.2,3.99,No
55,1.9,4.3,7.7,5.61,Yes
91,4.2,4.6,5.6,5.11,Yes
72,2.2,2.9,,6.92,Yes
57,0.6,4.0,8.5,4.13,No
77,0.0,3.6,5.7,4.84,No
84,3.0,3.2,6.6,6.54,No
53,4.5,2.3,7.1,6.22,No
77,1.9,3.2,5.2,4.22,No
62,2.8,3.3,4.4,5.08,No
77,1.9,2.9,6.3,5.6,No
100,2.4,4.8,6.5,5.57,Yes
58,2.3,3.0,7.6,5.57,No
74,1.5,2.0,8.0,4.82,No
39,4.8,2.1,4.8,6.12,No
99,3.7,3.0,5.5,5.67,Yes
38,1.2,2.1,5.8,4.26,No
72,2.0,3.6,4.4,4.55,No
85,2.5,4.5,7.7,,Yes
68,3.1,2.2,7.9,4.99,No
64,3.3,5.0,8.6,4.92,No
68,2.4,1.5,4.9,4.31,No
65,2.7,3.7,5.5,6.43,Yes
45,3.4,1.3,6.4,6.32,No
33,2.2,5.7,8.2,3.96,No
86,4.9,3.9,5.4,6.15,No
57,4.4,5.0,6.7,5.11,No
69,2.7,4.6,6.3,4.4,No
51,4.8,6.4,5.9,5.83,No
65,3.7,3.3,6.8,5.89,No
82,3.6,4.7,6.1,5.86,No
62,5.2,3.0,6.1,5.83,Yes
89,4.3,2.2,7.1,7.28,Yes
72,4.5,3.8,6.8,6.25,No
70,1.2,5.5,7.3,6.53,No
74,2.9,3.0,6.0,6.17,No
73,1.9,2.5,6.3,4.67,No
78,0.9,2.7,5.4,5.42,No
67,0.5,1.8,6.9,5.2,No
56,4.1,2.9,6.9,5.46,Yes
89,3.3,1.9,6.0,5.72,Yes
84,0.8,3.9,7.4,5.4,No
75,3.0,4.4,5.2,5.91,No
84,2.2,5.9,7.2,5.12,No
51,1.4,4.3,7.9,5.07,No
54,4.1,3.0,6.5,4.31,No
78,2.6,1.9,5.4,4.9,No
50,4.4,3.8,6.2,4.52,No
96,2.2,2.1,6.2,7.02,Yes
59,0.0,5.2,6.1,4.69,No
47,3.1,2.8,5.6,4.44,No
58,3.4,5.6,7.2,3.91,No
56,2.7,3.8,6.2,4.55,No
71,3.4,2.5,7.0,6.68,Yes
74,2.3,4.0,7.6,6.22,No
56,2.7,3.3,6.1,4.52,No
70,3.1,2.8,7.7,6.06,No
57,4.3,5.1,4.4,5.9,No
85,2.7,3.6,6.2,5.05,No
54,1.8,2.8,4.1,5.07,No
92,2.2,5.5,4.1,4.43,No
68,2.8,5.1,3.5,4.67,No
80,1.0,2.1,8.2,6.85,No
52,1.6,2.9,5.5,4.08,No
66,2.9,2.6,5.4,5.19,No
99,5.5,7.8,6.0,6.76,No
62,4.1,3.5,4.6,3.71,No
75,2.8,3.6,7.3,6.92,Yes
63,1.6,2.8,7.1,5.98,No
63,0.8,1.8,6.5,4.36,No
88,4.6,5.4,6.2,5.59,Yes
90,4.2,3.7,5.8,7.06,Yes
41,3.8,5.6,6.6,4.11,No
61,2.7,3.4,6.0,4.69,No
54,1.8,3.0,4.5,4.22,No
74,1.1,1.9,7.2,6.5,No
76,,2.8,6.6,7.08,No
58,0.9,3.5,4.0,5.3,No
61,3.5,4.5,5.3,5.11,No
72,3.0,4.3,5.1,5.89,No
65,2.9,3.9,4.7,5.02,No
84,2.9,3.4,7.0,5.0,No
59,3.1,4.6,7.1,4.07,No
78,4.9,4.3,6.2,5.39,No
66,3.0,5.1,6.5,4.48,No
86,2.8,4.3,8.6,4.4,No
75,3.1,6.8,5.9,6.09,No
49,2.5,2.9,8.6,4.58,No
54,1.2,3.9,5.9,6.08,No
54,3.8,7.5,5.8,5.02,No
66,0.1,3.0,6.5,4.0,No
65,2.5,5.8,7.9,4.86,No
71,2.0,3.2,7.0,4.71,No
91,0.8,3.4,6.0,5.59,No
78,4.7,3.4,6.3,5.5,No
66,2.7,3.3,6.0,5.54,No
60,3.6,5.1,7.9,5.59,No
84,3.8,4.7,5.9,6.76,No
80,3.0,2.2,7.2,6.6,Yes
98,5.4,3.8,7.8,7.16,Yes
82,3.7,5.2,6.8,5.03,Yes
67,3.5,0.8,7.9,5.52,No
84,4.4,3.7,8.0,6.89,Yes
96,3.0,3.9,5.0,5.9,No
62,2.9,4.8,7.6,4.97,No
58,4.3,4.1,8.7,6.37,No
54,2.4,3.9,7.7,4.07,No
68,2.2,3.0,8.7,5.28,No
62,1.4,3.9,6.4,5.43,No
68,1.8,3.9,6.4,4.97,No
66,3.2,6.0,4.5,7.07,No
77,6.0,2.3,6.3,7.46,No
83,1.9,1.9,6.4,6.27,Yes
74,3.2,2.6,8.4,5.28,No
73,3.6,3.0,6.9,5.17,No
72,2.0,3.8,7.6,6.18,No
57,3.9,5.2,4.9,4.53,No
79,1.3,3.8,7.1,4.89,No
73,1.5,2.7,7.0,4.41,No
35,2.7,1.5,6.8,4.83,No
75,1.2,3.5,7.5,6.16,No
68,0.8,5.5,5.9,5.27,No
78,0.3,2.9,7.1,4.68,No
78,2.4,3.6,6.4,5.18,No
89,6.2,5.2,8.2,6.08,Yes
59,4.6,1.1,5.9,5.98,Yes
46,0.3,3.3,7.2,4.7,No
91,1.2,4.3,7.6,5.74,No
85,2.3,3.0,5.2,4.19,No
59,3.2,3.7,6.1,4.87,Yes
63,3.2,4.0,5.8,4.57,Yes
71,2.6,4.1,8.1,5.23,No
70,2.3,5.8,5.0,4.81,No
56,0.6,3.2,5.9,4.57,No
81,1.7,4.0,5.9,5.26,No
72,2.0,3.5,5.0,4.39,No
49,0.0,6.3,7.2,4.45,No
70,1.6,3.8,5.0,4.37,No
79,5.0,4.4,7.0,6.38,No
61,2.5,4.4,,4.13,No
66,3.5,2.6,5.3,5.34,No
72,5.5,4.1,5.1,6.34,No
41,5.2,5.1,8.3,6.07,No
67,1.2,0.0,8.3,6.38,No
74,3.5,2.3,5.6,5.2,No
71,4.3,5.8,5.3,5.74,No
90,1.8,0.4,5.8,5.44,No
80,3.7,5.8,6.9,4.94,No
63,2.9,2.9,5.6,6.06,Yes
68,3.8,3.8,5.6,5.37,No
75,3.3,4.7,7.3,4.49,No
30,4.4,4.3,5.3,4.34,No
46,1.7,3.5,6.9,5.69,No
69,3.4,3.0,6.1,4.47,No
97,5.5,,7.5,7.53,Yes
66,3.8,1.1,9.8,5.56,No
85,4.1,4.7,4.9,5.05,Yes
48,1.4,4.6,5.8,4.27,No
62,0.0,2.3,6.0,4.66,No
58,2.9,3.2,6.0,4.65,No
74,,1.2,6.7,6.96,No
83,2.4,4.6,7.2,6.2,No
66,2.5,3.0,6.0,6.41,No
64,1.7,2.4,,6.15,No
90,2.1,4.8,6.1,5.91,No
100,2.6,3.7,5.0,6.58,Yes
63,4.6,4.5,5.2,6.31,Yes
68,5.1,2.4,7.0,7.42,Yes
73,1.9,1.1,8.7,5.42,Yes
75,1.0,2.4,6.4,5.3,No
73,2.1,3.3,6.0,5.34,No
39,3.0,3.6,5.7,3.79,No
76,3.6,2.4,8.8,6.36,No
99,1.5,2.6,6.4,6.38,No
45,6.8,5.0,4.8,6.58,Yes
45,2.5,3.1,6.9,4.38,No
50,3.1,6.6,6.6,3.83,No
79,3.6,3.0,8.1,6.34,No
43,1.4,3.7,6.2,4.83,Yes
87,4.6,4.5,6.1,6.61,Yes
54,5.6,2.9,5.1,6.68,Yes
82,1.7,0.2,5.6,5.65,No
61,4.2,5.6,5.0,5.05,No
59,2.5,3.3,6.3,5.16,No
77,2.3,3.0,7.4,5.7,Yes
78,2.8,3.3,5.3,5.09,No
58,3.0,4.8,8.5,5.42,No
73,3.5,4.1,8.4,4.88,No
79,4.1,1.8,8.0,6.89,Yes
41,2.6,3.5,5.9,4.97,No
68,2.9,3.5,5.1,5.09,No
68,5.1,2.3,6.5,6.28,Yes
42,1.7,1.7,8.1,5.42,No
69,3.6,2.1,8.5,7.02,Yes
69,1.3,2.7,8.1,5.82,No
82,4.1,2.2,8.8,6.79,Yes
77,2.8,4.6,7.8,4.34,No
91,2.4,5.9,5.6,4.85,No
75,0.8,3.7,8.3,5.51,No
55,3.2,3.1,5.1,5.22,No
63,2.9,1.7,8.1,6.47,Yes
85,3.8,2.6,5.9,6.91,No
82,1.5,4.2,6.9,5.99,No
81,5.1,5.2,5.3,4.95,No
82,2.1,2.1,6.9,6.3,No
74,1.6,5.1,7.6,4.84,Yes
72,4.1,2.2,6.9,5.87,No
67,2.3,4.9,7.3,5.33,Yes
85,5.4,1.9,7.2,7.43,Yes
74,0.8,4.5,6.4,4.33,No
39,2.7,2.5,6.8,4.17,No
75,5.1,6.7,5.1,5.7,No
83,3.1,4.0,7.5,5.38,No
57,1.7,1.8,6.8,4.47,No
61,3.1,3.4,6.1,6.3,No
70,2.9,4.1,5.2,7.34,No
91,4.6,3.1,6.3,7.05,No
65,5.6,3.8,4.7,6.31,Yes
65,2.7,1.7,6.3,5.35,No
77,2.6,3.2,7.8,6.11,Yes
73,2.4,1.2,6.9,6.85,Yes
60,3.4,3.1,5.2,5.99,Yes
70,,6.5,7.0,5.54,No
70,3.5,3.9,6.5,5.09,No
88,1.0,1.8,6.3,6.29,Yes
55,1.4,3.0,5.6,4.04,No
71,4.9,2.8,6.1,5.86,Yes
78,1.1,6.1,6.2,5.42,No
86,2.3,1.9,6.2,6.87,Yes
61,5.8,2.9,6.7,6.07,Yes
97,3.2,1.9,8.7,6.8,Yes
44,3.2,5.4,8.0,5.2,No
47,2.4,0.8,6.7,5.68,No
73,3.6,2.0,7.5,5.42,Yes
45,4.4,3.8,5.8,5.27,No
60,3.6,5.3,5.1,5.42,No
77,2.7,5.0,8.8,6.0,Yes
91,2.5,,6.4,6.5,No
74,3.0,3.9,7.3,6.88,No
75,3.6,3.7,6.4,6.76,No
80,0.0,5.4,7.7,4.44,Yes
46,3.6,5.5,9.3,4.04,No
79,4.3,3.0,5.7,5.91,Yes
70,2.6,3.0,,5.12,No
58,2.0,1.4,6.1,5.08,No
55,1.7,3.9,6.5,5.26,Yes
68,0.0,3.9,5.1,3.77,No
82,3.0,1.7,6.3,6.16,Yes
86,3.4,4.3,5.9,6.77,Yes
68,4.2,2.0,8.0,7.96,No
85,6.8,3.2,5.9,9.08,Yes
53,3.1,5.2,6.5,4.9,No
63,4.6,5.5,7.7,6.27,No
95,0.6,1.9,7.5,6.64,Yes
87,2.3,2.6,8.1,6.31,Yes
57,4.5,,7.7,5.34,No
81,3.2,4.4,7.0,6.11,Yes
61,4.7,4.5,6.4,5.64,No
65,4.6,0.0,6.3,6.43,Yes
69,5.6,1.7,6.6,5.92,Yes
49,4.1,4.3,5.4,5.44,No
74,2.8,5.8,6.0,5.53,No
90,4.3,2.6,7.0,5.43,No
67,1.5,3.5,4.7,4.53,No
61,6.2,1.8,4.4,5.97,Yes
61,2.3,5.9,4.0,4.33,No
37,3.0,1.9,4.9,5.44,No
33,3.5,4.8,6.1,3.9,No
97,4.0,,6.3,6.74,Yes
63,4.9,0.0,5.4,5.06,Yes
56,1.8,4.1,5.4,5.41,No
56,1.2,3.4,5.2,4.79,No
69,1.7,4.4,6.8,5.54,No
66,3.3,3.8,6.1,5.76,Yes
75,4.0,1.9,6.7,5.71,Yes
50,3.9,3.1,6.1,5.64,No
76,3.5,5.2,6.0,6.17,Yes
78,3.5,4.6,6.7,6.68,No
65,4.6,4.3,6.8,5.66,No
82,4.3,6.6,8.0,6.08,Yes
89,0.9,4.3,7.3,4.76,No
65,3.7,4.9,8.4,4.82,No
69,3.9,1.2,5.5,5.82,Yes
74,,5.0,5.2,4.62,Yes
79,4.2,4.1,5.9,5.73,No
81,2.9,4.6,7.3,5.88,Yes
80,4.1,3.8,5.7,5.6,No
80,1.1,4.8,7.9,4.95,No
72,1.4,3.9,5.0,5.99,No
81,4.5,3.8,5.2,6.38,Yes
81,4.2,6.2,6.6,6.19,Yes
68,0.0,4.0,8.8,5.11,No
89,2.7,6.0,7.2,5.08,No
48,0.0,4.4,7.2,3.68,No
72,6.0,5.6,5.4,5.85,Yes
76,2.2,3.7,6.1,5.24,No
69,2.6,2.6,6.9,,No
97,1.9,2.7,4.4,6.18,No
68,2.5,3.1,6.2,5.79,Yes
90,2.1,0.5,8.2,7.24,Yes
62,4.8,2.2,8.0,7.09,No
67,2.7,5.1,9.1,4.88,No
73,2.2,4.9,6.1,5.39,No
68,3.6,4.1,4.8,5.66,No
52,0.1,6.5,6.0,4.24,No
75,2.1,2.5,6.7,4.99,No
71,2.7,4.2,7.5,5.04,No
61,1.3,4.6,6.8,5.22,No
37,3.8,3.2,7.1,5.23,No
46,2.9,2.9,6.0,3.83,No
47,3.9,3.4,6.1,4.88,No
69,3.8,2.8,5.6,6.56,No
86,5.2,6.8,4.9,5.82,No
58,1.5,3.4,6.0,4.11,No
79,4.4,4.3,6.9,5.63,No
54,2.2,2.9,7.2,5.39,No
66,,6.4,7.0,5.53,No
65,3.7,3.6,6.7,4.32,No
70,4.6,1.6,6.0,5.41,No
66,3.1,2.2,8.3,5.32,No
70,4.4,4.9,6.7,5.42,No
82,5.2,3.8,6.3,6.36,No
77,2.5,5.0,7.4,5.02,No
73,2.6,5.1,8.4,5.5,Yes
72,1.8,3.1,7.5,5.46,Yes
58,2.2,3.5,7.5,3.69,No
63,3.4,3.0,6.1,4.44,No
71,2.8,4.2,8.5,6.24,No
72,2.7,1.4,8.2,6.4,No
52,3.5,3.3,6.7,6.59,No
37,2.7,2.9,6.5,5.71,No
69,0.9,3.7,7.4,4.38,No
55,1.7,3.0,6.6,5.5,No
90,3.6,4.2,8.8,5.23,Yes
80,3.4,5.4,8.2,5.26,No
78,1.7,5.6,6.0,5.61,Yes
49,2.0,3.1,6.3,5.81,No
83,2.0,5.1,5.1,5.59,No
60,2.5,0.0,8.5,6.2,Yes
81,4.3,4.4,7.3,6.31,Yes
82,5.4,1.5,4.8,6.9,Yes
46,3.4,5.1,6.0,4.76,No
55,5.3,5.4,4.8,5.57,No
91,2.5,4.6,6.8,6.14,No
47,3.5,3.0,5.9,6.47,No
78,2.7,2.1,6.1,6.41,No
54,4.0,3.6,8.1,5.33,No
87,4.3,3.3,6.9,5.92,Yes
66,2.2,3.6,6.8,5.22,No
68,4.6,3.9,6.1,5.83,No
87,2.2,5.2,6.5,6.29,No
95,1.3,2.5,7.1,6.85,No
68,4.6,1.8,8.4,5.11,No
77,3.5,3.5,6.8,7.24,No
69,3.2,3.4,6.0,,No
96,3.5,3.8,6.8,5.63,Yes
92,2.5,4.0,6.6,6.6,No
71,3.9,3.6,9.9,5.76,No
79,1.1,2.3,6.2,4.57,No
86,5.9,3.9,6.7,6.23,Yes
60,1.7,5.8,7.4,4.23,No
67,1.3,3.5,6.8,4.9,Yes
85,4.0,3.9,7.8,6.79,Yes
50,1.6,5.4,6.7,3.73,No
79,4.4,2.2,6.1,7.66,Yes
78,4.1,3.4,7.1,7.35,Yes
59,1.3,5.2,6.9,5.55,No
86,2.8,4.7,7.4,5.34,No
76,5.3,4.7,6.0,6.56,No
60,2.3,0.1,7.3,6.22,Yes
48,1.9,2.5,8.2,4.9,No
63,2.8,1.4,4.5,5.48,No
56,3.8,5.7,6.6,5.51,No
62,2.3,4.3,5.6,5.58,Yes
63,1.9,3.5,7.6,4.61,No
87,4.0,2.4,6.6,6.41,Yes
50,5.9,3.0,5.8,4.25,No
54,3.0,6.8,5.9,4.3,No
63,2.1,3.6,8.6,4.47,No
100,2.6,,6.3,6.72,No
46,0.7,1.8,6.6,6.08,No
39,2.9,6.3,7.0,6.27,No
89,3.8,3.5,5.4,5.57,No
62,2.1,3.0,7.7,4.51,No
57,0.6,1.5,5.1,6.43,No
75,4.4,2.2,7.4,5.81,Yes
80,0.7,5.3,5.7,5.68,No
82,2.7,1.2,6.5,5.93,No
78,5.3,1.7,7.8,6.92,No
59,3.6,3.0,5.7,5.32,No
79,0.1,4.3,,5.93,No
76,1.2,3.7,5.9,6.35,No
90,1.8,2.8,7.0,6.01,No
92,1.3,2.7,5.2,5.63,No
56,0.9,2.6,5.9,5.45,No
95,1.4,3.4,6.9,5.68,No
63,3.9,2.3,8.9,4.52,No
48,4.3,3.9,6.8,5.27,Yes
94,0.5,5.4,6.3,5.3,No
82,6.2,5.2,6.2,6.42,Yes
40,4.4,1.2,8.9,6.09,Yes
62,5.7,2.0,7.6,6.15,Yes
59,1.3,4.3,5.2,5.67,No
61,1.1,3.8,4.1,3.75,No
97,4.3,3.9,5.1,6.81,No
66,3.7,5.8,6.7,6.09,No
62,3.6,6.9,6.6,5.05,No
85,2.5,4.7,6.8,,Yes
62,2.7,1.3,8.6,5.07,No
100,4.3,3.3,6.7,6.58,No
73,2.0,5.6,6.7,3.33,No
84,0.7,,6.3,5.1,No
99,3.5,3.2,6.9,6.47,No
57,5.1,4.3,7.3,5.34,No
81,0.8,4.6,6.6,5.59,No
61,3.0,4.9,5.1,4.96,No
73,0.0,5.2,5.3,4.35,No
41,4.7,0.0,7.2,5.52,No
62,1.7,4.6,5.5,5.55,No
90,3.0,3.4,6.2,6.65,No
82,3.1,3.8,4.3,4.39,No
65,3.1,2.1,7.6,5.62,No
71,3.8,2.3,5.8,4.26,Yes
81,5.3,3.2,4.0,6.54,No
81,2.5,4.4,7.3,5.18,No
76,2.7,1.4,4.8,6.25,No
85,1.3,3.6,5.1,,No
67,0.3,6.0,7.5,4.45,No
48,2.1,6.8,5.8,4.8,No
55,3.6,3.7,8.7,5.09,No
63,2.6,3.0,4.8,5.78,No
40,5.0,3.0,8.5,5.98,Yes
53,3.0,4.5,5.3,4.61,No
55,5.1,4.5,6.1,5.43,No
50,3.2,3.1,5.3,5.56,No
45,2.2,2.4,7.8,5.62,No
95,1.0,1.8,8.3,6.32,No
83,0.0,3.3,6.0,5.99,No
65,2.0,5.3,6.2,5.0,No
72,4.0,2.4,4.7,6.09,No
63,2.3,2.8,7.9,4.81,Yes
63,1.6,3.3,5.3,4.21,No
83,2.8,2.3,5.0,6.44,No
73,2.9,6.6,6.5,4.67,No
54,2.3,4.3,5.9,4.7,No
87,3.8,4.7,5.6,5.55,Yes
76,,1.8,6.3,5.96,No
83,5.3,3.2,5.7,6.11,Yes
72,2.2,4.6,6.7,5.19,No
71,1.9,4.0,8.0,5.1,No
68,2.5,7.7,3.6,3.19,No
77,4.2,4.6,6.9,5.59,Yes
52,3.8,2.6,8.1,4.85,No
78,2.2,3.6,6.9,6.3,No
46,1.5,4.1,8.0,3.92,No
60,1.0,5.1,7.3,5.75,No
91,1.2,0.0,6.9,6.74,Yes
53,,2.2,4.8,5.31,Yes
61,,4.0,4.7,5.03,No
62,1.8,0.0,5.1,3.69,No
57,4.1,5.3,7.7,6.52,No
66,3.0,3.7,6.2,5.51,No
72,4.5,3.3,6.8,5.37,Yes
91,4.9,1.4,6.9,6.8,Yes
85,4.7,6.0,6.2,4.62,No
78,2.3,1.6,6.4,6.67,No
67,0.0,5.2,7.8,4.67,No
59,0.6,6.9,6.0,5.12,No
78,3.1,6.2,6.8,5.9,No
76,4.6,3.9,5.7,5.12,No
77,1.6,3.2,6.4,6.05,No
64,3.6,4.9,7.9,5.18,No
72,2.4,3.4,6.5,5.56,No
73,5.4,4.0,5.8,5.89,No
61,2.2,1.7,7.8,5.4,No
86,4.2,4.9,8.1,7.4,Yes
46,2.8,2.5,9.5,5.13,No
60,3.4,5.6,6.8,6.44,No
56,2.2,1.6,5.4,4.79,No
64,3.5,2.8,5.7,5.44,Yes
61,0.0,3.2,6.1,5.61,No
61,1.0,2.6,7.2,6.26,No
82,1.5,2.7,5.4,4.71,No
73,3.9,3.7,7.2,5.7,Yes
57,2.5,2.6,5.2,4.39,No
77,0.0,2.4,6.2,4.84,No
76,3.0,3.2,5.4,5.66,No
41,0.7,,5.8,4.56,No
62,4.3,5.4,8.0,4.84,No
79,3.8,2.6,4.7,5.81,Yes
75,0.8,3.9,7.4,4.61,No
78,3.6,4.1,6.7,5.74,No
57,5.4,5.7,6.6,6.14,No
75,1.0,6.6,7.3,5.3,Yes
43,3.1,0.1,6.5,7.05,Yes
66,3.4,0.7,5.3,5.72,No
95,2.1,3.4,9.9,6.69,Yes
83,3.5,1.8,5.4,6.52,No
72,2.2,2.2,8.1,5.66,No
61,0.9,1.3,5.1,4.14,No
88,3.9,3.9,9.4,6.6,No
69,2.2,3.0,5.1,4.3,No
64,1.1,5.2,5.8,3.03,No
90,3.7,3.2,,6.15,No
70,,3.7,5.8,,Yes
75,5.3,5.9,6.9,5.08,Yes
48,3.7,3.9,6.1,4.72,No
62,2.4,3.7,8.1,4.83,No
80,4.0,1.7,6.5,6.4,No
69,1.5,3.7,7.0,4.53,No
68,5.2,2.6,6.5,5.78,No
53,2.1,3.6,,5.11,No
83,0.5,1.3,9.0,5.64,No
64,2.1,3.1,6.9,5.94,No
73,2.2,1.8,6.4,5.69,No
90,4.4,6.0,5.0,6.11,No
95,1.4,5.0,7.4,5.57,No
58,2.3,3.6,6.3,3.63,No
65,3.1,3.6,7.2,6.11,No
78,3.0,3.5,6.5,4.64,No
59,5.4,,7.9,7.04,No
84,3.9,2.7,8.5,5.84,Yes
79,1.8,8.0,6.1,5.17,No
79,4.0,3.2,6.8,6.66,Yes
66,2.5,,5.1,6.22,Yes
71,5.6,3.8,5.8,5.65,No
77,,3.7,5.8,6.21,Yes
72,4.1,2.8,6.3,6.09,Yes
47,4.6,2.1,5.2,4.95,No
90,2.5,1.1,6.2,6.05,Yes
72,2.8,2.6,6.0,5.69,No
70,2.4,4.2,9.3,6.03,No
88,3.9,4.9,5.7,6.42,No
68,6.7,6.3,8.8,5.61,Yes
54,3.9,6.2,5.5,4.41,No
65,3.5,1.7,6.8,5.66,No
88,1.8,1.5,6.7,5.97,No
55,4.6,2.3,7.9,5.18,No
41,3.3,3.8,7.8,5.58,No
61,6.5,2.3,8.7,,No
76,5.6,3.3,6.8,8.3,No
87,3.2,3.2,7.7,5.83,Yes
73,3.5,4.1,5.7,6.5,No
64,3.0,3.6,5.7,7.16,No
48,1.5,4.7,7.4,4.66,Yes
62,4.2,3.1,7.1,6.39,No
41,2.7,4.9,8.2,3.81,No
86,6.2,0.7,6.4,6.03,Yes
53,3.1,2.9,6.6,4.58,No
58,1.1,4.1,5.0,4.88,No
51,3.7,3.3,8.0,4.77,No
67,4.3,0.9,6.4,6.89,Yes
74,3.8,1.7,4.4,6.74,No
86,3.5,2.2,8.5,6.47,Yes
68,2.8,,8.0,5.79,Yes
59,3.4,3.5,,5.97,No
84,3.3,1.8,6.6,6.34,Yes
75,1.3,5.0,9.0,4.6,No
69,6.0,,7.9,7.84,Yes
63,3.5,2.0,6.7,,No
56,3.0,5.0,5.9,6.3,No
79,5.5,3.3,7.7,6.19,No
69,0.9,2.1,6.6,,No
47,6.4,4.3,6.4,5.61,No
66,1.8,2.1,6.4,5.1,No
83,5.2,4.2,9.9,5.53,No
100,1.5,2.9,7.5,7.51,No
66,1.7,0.6,5.1,6.37,Yes
81,3.9,2.8,5.6,6.87,No
63,3.3,6.8,7.5,3.96,No
71,1.6,6.1,4.8,5.13,No
74,1.7,4.7,7.0,6.33,No
91,2.4,6.0,5.4,5.27,No
86,4.6,3.6,5.7,5.81,Yes
79,3.4,4.2,6.7,5.76,No
57,3.8,3.4,6.2,5.4,No
77,2.2,2.2,4.4,5.52,No
92,3.7,2.0,6.3,6.83,No
78,0.9,4.6,7.3,4.75,No
80,1.7,1.2,7.0,6.22,No
72,4.4,2.7,8.1,5.2,No
65,3.5,4.8,5.2,5.9,No
78,,6.1,7.2,5.34,No
66,4.0,5.0,6.3,6.71,No
46,1.1,2.2,6.2,5.47,No
90,4.2,3.7,7.0,6.51,No
80,1.0,2.4,5.9,5.19,Yes
40,4.0,3.5,5.7,4.7,No
33,2.6,5.1,5.6,4.58,No
67,2.0,1.8,6.6,,Yes
79,3.0,3.2,6.6,6.1,Yes
60,1.2,0.0,6.0,5.13,No
56,2.5,2.9,7.6,5.84,No
67,0.0,3.6,6.3,4.22,No
67,4.6,2.1,9.0,5.73,Yes
66,3.4,0.7,8.3,5.74,Yes
52,,2.4,3.8,3.57,Yes
72,3.7,1.4,5.3,5.76,No
70,1.3,7.4,6.0,4.34,No
47,2.6,3.2,8.2,5.07,No
77,3.9,5.0,3.1,5.95,Yes
64,1.7,1.9,4.5,4.85,No
58,4.8,2.1,7.3,6.75,Yes
72,2.7,1.5,7.8,6.55,Yes
65,0.3,3.9,5.6,4.61,No
64,3.4,2.2,6.3,5.68,No
57,2.5,3.6,6.0,4.77,No
74,6.0,3.4,8.4,6.94,Yes
87,2.6,4.1,8.3,4.48,No
68,4.3,2.5,4.5,5.87,Yes
59,2.4,2.9,5.9,5.95,No
83,0.6,6.6,6.0,3.64,No
71,3.4,1.6,7.3,6.07,Yes
49,3.5,3.6,8.9,6.35,No
73,4.4,3.6,6.1,5.83,No
59,0.4,2.8,7.4,4.89,No
81,3.7,1.2,5.1,6.63,Yes
40,3.6,2.1,6.5,4.63,No
68,3.5,2.7,7.5,5.22,No
86,0.0,2.8,6.8,4.61,No
64,4.5,2.0,7.1,6.41,Yes
67,1.4,,8.4,5.82,No
59,4.4,3.8,9.4,5.94,No
67,5.6,1.4,7.1,6.59,Yes
48,4.2,3.3,8.1,5.57,Yes
51,3.4,3.4,8.4,6.22,No
50,2.7,3.2,9.2,4.92,No
91,3.2,5.1,5.8,5.12,Yes
47,1.5,5.2,3.4,4.43,No
57,3.6,4.2,7.3,5.18,No
46,2.7,4.8,8.1,4.57,No
92,1.3,4.2,6.6,4.8,No
62,1.6,4.1,6.8,3.8,No
48,2.9,1.9,7.4,5.55,No
58,1.0,3.4,6.0,4.93,No
55,3.1,5.6,4.9,5.14,No
83,4.9,2.9,4.1,6.18,No
66,3.3,3.3,4.4,4.93,No
52,2.7,5.1,6.2,5.08,No
91,1.8,3.4,6.6,7.1,No
78,3.6,3.3,6.0,5.92,No
56,0.8,3.5,4.8,4.29,No
75,2.8,3.0,6.1,6.72,Yes
46,3.2,3.9,6.1,4.84,Yes
43,2.0,2.8,7.7,5.89,No
52,3.4,2.6,6.9,5.2,No
81,5.9,4.4,6.4,5.55,Yes
92,3.8,2.2,6.5,5.81,Yes
53,4.8,5.7,5.1,5.16,No
70,4.3,1.1,6.9,6.15,No
95,5.2,0.3,7.6,7.05,Yes
81,2.3,2.9,6.7,4.82,No
61,0.0,3.9,5.5,5.15,No
83,2.5,1.3,7.5,5.59,Yes
83,1.6,3.9,7.2,5.1,No
57,2.2,3.5,7.6,5.49,No
33,1.9,5.0,6.7,3.55,No
57,3.7,3.4,7.2,6.26,No
66,5.1,3.3,6.5,6.45,No
52,4.8,4.1,7.0,4.77,No
64,2.9,4.0,6.0,4.41,No
95,0.2,3.3,6.5,4.89,No
76,1.8,1.5,6.4,4.97,No
52,0.8,4.0,7.3,5.18,Yes
52,2.9,5.0,6.1,6.02,Yes
83,4.1,1.2,7.7,6.13,Yes
67,6.2,1.9,5.1,6.03,Yes
76,3.1,2.4,3.8,5.82,No
75,0.0,4.6,5.0,4.65,No
69,0.7,3.9,6.4,5.76,No
100,2.7,1.8,7.6,7.07,Yes
63,5.8,3.6,5.5,5.48,Yes
50,4.6,,5.0,5.49,No
72,0.4,2.8,5.5,5.97,Yes
69,0.7,2.4,7.4,4.18,No
75,0.0,,6.1,4.23,No
63,4.0,1.2,6.3,5.58,No
63,2.0,4.3,7.6,5.33,No
89,2.0,6.9,6.1,5.91,No
84,4.5,3.3,7.7,6.17,Yes
66,1.5,4.1,6.4,6.12,No
75,1.6,3.9,5.5,5.26,No
76,3.3,4.1,7.3,5.88,No
69,2.7,2.0,7.2,5.58,Yes
50,4.4,3.1,,5.76,No
34,1.4,2.9,9.1,3.25,No
80,3.4,4.4,7.5,5.86,Yes
64,2.3,3.6,5.1,5.64,No
90,2.7,4.9,6.8,5.17,Yes
49,2.7,3.9,7.3,4.46,No
76,2.2,5.2,6.9,5.67,No
52,4.3,4.7,5.6,4.41,No
72,3.2,3.4,5.5,5.72,Yes
60,1.1,1.2,5.0,5.33,Yes
40,,4.4,6.9,5.54,No
80,2.4,5.1,5.8,5.01,No
76,2.3,3.6,5.6,5.28,No
77,4.0,3.3,5.9,5.87,No
89,2.6,3.2,5.4,6.08,Yes
81,3.2,3.3,6.9,,Yes
64,3.9,3.4,6.4,4.1,No
100,3.0,5.0,7.2,6.2,No
78,0.0,2.9,5.8,5.03,No
55,4.5,4.3,6.7,3.4,No
65,0.1,4.2,6.7,4.31,No
60,1.3,3.8,7.0,5.17,No
98,2.4,5.3,6.6,5.86,No
84,2.9,1.6,5.1,4.87,No
74,0.5,1.5,7.1,5.91,No
64,3.3,2.3,7.3,4.39,No
99,4.4,2.8,6.6,6.76,Yes
88,2.6,4.2,6.1,5.82,Yes
63,2.5,3.0,8.0,5.39,No
71,4.8,2.7,7.1,6.12,Yes
78,2.3,5.6,7.0,4.37,No
58,0.0,3.1,6.7,4.63,No
58,3.4,3.9,6.0,6.51,No
100,2.2,3.2,7.4,6.42,No
69,2.0,6.2,6.1,5.37,Yes
65,5.4,4.1,7.3,6.42,Yes
82,1.5,4.5,5.0,6.87,No
54,2.0,2.8,7.4,4.34,No
70,1.5,5.9,6.7,5.02,No
89,4.0,4.5,6.9,5.07,Yes
46,4.4,2.1,8.2,5.82,No
60,4.0,3.7,6.4,5.84,No
66,3.3,6.0,6.6,5.45,No
58,3.5,5.7,6.2,4.69,No
87,3.8,0.1,7.8,6.89,No
88,4.7,3.1,5.5,6.07,Yes
76,6.2,3.2,6.2,7.28,Yes
68,3.7,3.3,7.3,4.98,No
93,2.0,1.7,8.1,4.74,Yes
63,0.0,3.6,7.2,4.78,No
72,4.5,2.5,6.0,5.59,No
73,4.8,5.4,6.2,5.96,No
63,2.2,3.0,6.4,5.75,No
67,3.2,0.8,7.0,6.46,Yes
53,4.1,5.2,5.5,6.27,No
87,0.7,1.9,6.1,5.53,No
40,0.0,4.8,6.3,4.68,No
71,2.3,1.3,8.0,5.99,No
59,1.8,1.6,7.6,4.81,No
67,5.2,0.9,5.9,6.08,Yes
40,3.1,3.6,7.0,4.18,No
86,4.3,5.8,7.4,6.34,Yes
64,0.0,1.0,4.4,4.54,No
78,2.7,2.1,5.7,5.39,No
70,2.3,5.3,9.9,6.09,No
66,3.3,5.7,7.4,5.2,No
76,4.2,,8.4,5.1,Yes
52,2.5,2.6,7.0,5.47,No
70,4.5,4.2,6.7,5.42,No
48,2.9,3.4,5.9,4.17,No
54,2.0,4.5,8.7,4.72,No
61,2.6,3.4,7.1,5.04,No
58,0.0,2.6,7.2,4.12,No
72,4.7,1.9,8.4,6.65,Yes
49,2.9,2.2,6.0,5.36,No
79,3.8,3.8,,5.13,No
100,4.8,2.0,7.7,7.08,Yes
85,0.3,4.9,5.9,5.83,Yes
76,0.0,2.0,5.0,5.75,No
61,5.2,3.2,7.3,5.03,No
72,1.6,0.0,7.2,5.22,No
78,3.0,3.5,5.8,,No
86,2.3,4.1,6.6,5.0,Yes
95,3.1,4.6,6.6,6.12,Yes
60,4.6,3.7,6.1,6.91,No
46,1.3,3.6,6.7,5.41,No
77,5.6,3.5,8.4,6.9,Yes
67,2.5,2.5,6.5,4.98,Yes
55,5.5,3.9,9.2,7.85,Yes
61,0.0,6.1,6.6,4.96,No
54,1.8,4.8,5.7,5.41,No
72,1.2,4.1,9.0,4.49,No
99,1.1,3.4,5.5,4.36,No
71,4.9,3.6,4.1,6.69,No
64,1.5,5.1,7.5,4.46,No
86,4.5,4.8,9.5,5.81,Yes
74,4.1,4.9,6.0,7.01,No
78,4.7,6.1,6.7,5.32,No
99,0.4,,5.6,5.46,No
43,4.0,6.1,6.4,4.59,No
49,4.9,7.6,5.5,5.74,No
65,4.5,1.1,7.6,6.66,Yes
90,2.9,3.6,8.0,6.25,No
66,0.4,2.3,5.0,5.84,No
82,3.1,3.4,8.0,6.3,No
49,3.9,6.3,5.5,5.42,No
82,2.3,5.8,6.9,5.38,No
71,2.9,4.0,7.6,6.48,No
58,4.5,,6.3,5.9,No
89,3.3,2.6,5.1,6.33,Yes
82,5.2,5.4,5.4,5.99,No
71,3.3,2.7,7.6,6.43,No
67,2.7,4.5,7.8,5.56,No
46,4.4,2.6,4.6,6.04,No
63,4.1,2.5,8.3,6.4,No
48,2.8,5.1,5.6,4.7,Yes
70,4.9,3.0,5.9,6.7,Yes
75,1.1,3.9,7.0,5.53,No
78,2.6,2.9,3.9,5.61,No
71,6.5,4.0,6.8,7.52,No
93,5.1,3.6,6.4,5.13,Yes
48,4.4,3.8,7.2,4.98,No
70,1.6,4.0,6.4,4.5,No
88,0.1,5.7,7.8,5.19,No
79,2.6,2.6,5.5,4.82,No
61,3.7,7.5,7.2,4.77,No
80,4.8,2.9,6.2,5.29,No
62,1.3,2.5,4.5,5.26,No
71,3.3,3.2,5.7,5.48,No
79,2.6,4.4,6.7,5.29,No
48,3.2,2.0,6.4,5.21,No
85,,5.2,5.8,5.63,Yes
82,2.6,3.3,5.5,3.92,No
43,2.1,0.0,6.6,4.87,No
20,2.7,5.0,8.3,3.33,No
38,3.8,3.0,6.3,5.63,No
70,3.8,2.7,5.0,6.35,No
97,1.4,4.6,9.8,5.99,No
82,1.2,3.3,3.8,3.85,No
87,4.5,2.3,8.7,6.57,No
83,1.0,2.7,6.7,4.82,No
76,2.0,1.6,6.2,5.45,No
37,2.7,3.7,6.0,5.56,No
88,3.1,4.7,6.2,5.43,No
61,2.9,,6.3,4.37,No
53,4.0,1.2,8.7,3.96,No
64,5.3,3.9,5.1,,No
82,2.9,2.9,6.3,4.79,No
70,1.6,4.2,6.4,5.24,No
72,3.4,,6.5,5.16,No
69,2.6,1.7,8.7,4.77,No
90,2.3,2.9,6.3,6.49,No
44,4.1,4.0,5.4,5.36,No
70,1.2,3.1,8.9,5.23,No
79,2.2,0.8,5.8,3.98,No
73,2.7,3.0,6.6,5.46,No
91,4.2,4.5,5.7,7.47,No
73,3.9,4.8,6.1,5.95,No
64,4.5,4.9,7.3,6.43,No
60,2.0,3.4,6.8,5.95,No
45,5.6,2.6,5.9,5.72,No
60,2.5,4.1,6.7,3.83,No
51,3.9,3.3,8.3,5.46,No
68,3.3,1.5,,6.66,No
41,1.9,2.0,7.3,4.43,No
71,2.5,4.4,5.0,5.43,Yes
63,3.9,3.1,5.5,6.03,Yes
87,3.8,2.0,6.7,5.44,No
78,3.5,2.3,6.0,6.41,Yes
87,4.7,4.1,8.5,6.35,Yes
70,4.9,0.7,7.5,6.6,Yes
83,2.7,3.4,7.6,6.29,No
70,1.8,4.2,8.9,5.23,No
57,1.3,4.9,5.6,5.03,No
62,3.7,3.5,5.4,5.08,Yes
78,5.1,0.7,6.9,7.44,No
77,3.3,4.3,6.7,5.49,Yes
73,2.7,4.1,6.7,5.59,Yes
71,4.5,5.7,6.0,5.55,No
73,1.7,5.8,5.5,4.9,No
57,2.9,3.6,6.3,5.59,No
72,1.4,2.1,5.8,5.06,No
65,4.0,4.3,7.8,6.3,No
67,1.3,5.0,6.5,5.77,No
41,4.5,3.6,7.8,5.8,Yes
75,2.4,3.2,5.4,6.42,No
49,5.9,6.0,6.6,5.85,No
50,0.0,2.2,5.7,4.21,No
76,3.4,2.8,6.2,5.26,No
45,3.6,4.2,7.7,5.54,No
81,2.3,3.1,8.3,6.53,Yes
58,6.1,4.0,8.1,5.18,No
78,5.4,5.0,5.4,5.67,No
49,4.0,1.8,7.4,6.17,Yes
62,2.3,2.7,5.5,,No
81,2.3,5.9,7.4,5.78,No
66,1.6,3.9,5.1,4.95,No
55,3.8,3.4,6.9,6.5,No
76,0.4,2.8,5.4,4.92,No
31,3.1,4.7,7.7,5.67,No
86,3.2,2.2,5.3,4.81,Yes
53,1.4,4.9,7.0,4.02,No
92,3.7,2.8,7.3,6.81,Yes
80,2.4,2.2,5.8,5.88,No
65,3.0,1.7,6.0,5.58,No
76,2.9,3.4,6.9,4.72,No
42,2.2,3.5,7.6,4.6,No
58,2.6,2.1,8.5,6.73,No
62,3.8,2.4,7.6,4.75,No
75,4.7,0.5,7.8,5.79,No
69,4.2,2.9,7.1,5.17,No
65,4.5,7.2,6.3,5.23,No
62,0.8,0.3,7.1,5.01,No
67,1.7,4.0,6.5,5.68,No
69,1.5,4.1,7.1,5.19,No
80,1.3,2.9,3.7,4.96,No
75,2.4,3.7,8.3,5.61,No
76,1.2,2.4,8.9,5.0,No
92,2.5,2.5,5.0,5.55,No
77,2.0,4.4,7.6,6.48,No
71,,0.0,7.8,4.63,Yes
81,2.8,2.8,6.7,6.4,No
67,5.6,4.0,4.1,5.71,Yes
70,5.3,3.1,6.2,5.39,No
89,2.7,5.2,5.7,6.09,Yes
72,2.8,3.7,8.3,5.69,No
80,4.2,3.8,6.5,5.85,No
88,0.8,4.0,6.9,6.31,No
96,4.2,2.1,7.5,5.64,Yes
43,5.3,4.2,6.3,4.79,No
45,1.8,6.1,5.7,4.37,No
53,3.2,0.6,7.5,5.19,No
44,2.2,2.0,6.8,5.49,No
100,4.5,4.1,6.2,7.13,Yes
87,5.5,3.1,5.9,7.39,No
61,1.0,3.4,3.8,4.7,No
71,3.1,3.8,8.1,5.91,Yes
57,3.5,1.6,7.7,5.08,Yes
51,4.1,2.3,8.9,6.1,No
36,2.0,3.9,8.1,4.81,No
43,2.2,2.6,7.7,6.41,Yes
81,5.3,1.4,7.0,6.41,No
61,0.7,2.7,5.7,3.96,No
56,3.2,3.8,7.3,3.21,No
97,2.2,6.0,6.5,5.58,Yes
75,2.5,3.0,8.2,5.94,No
88,5.6,3.7,6.6,6.49,No
59,3.0,1.8,6.5,4.66,No
86,5.2,0.4,5.5,6.7,Yes
78,5.1,1.8,8.1,6.59,Yes
48,4.7,3.3,5.5,4.91,No
70,0.8,4.5,7.3,4.82,No
40,3.0,2.4,8.1,5.7,No
66,4.8,3.4,6.6,4.8,No
58,4.8,4.1,6.9,5.71,No
76,3.2,0.1,4.8,6.76,No
64,3.4,4.7,4.9,5.51,Yes
88,1.6,2.2,5.1,4.93,No
66,0.0,4.5,7.5,4.98,No
72,1.8,4.4,5.3,5.09,No
76,5.6,5.3,7.6,5.8,No
64,1.2,3.9,5.0,4.1,No
88,3.4,4.1,6.4,4.79,No
83,4.1,5.4,5.8,5.4,No
75,2.0,2.1,6.1,5.6,No
62,2.4,3.8,8.1,5.64,No
52,2.5,3.5,3.9,5.8,No
70,3.0,,8.3,4.35,No
68,3.8,2.7,7.1,5.84,No
57,3.9,4.9,5.1,4.91,No
65,1.5,3.5,7.5,5.13,No
51,5.1,2.5,5.8,5.27,No
94,2.9,5.3,6.2,5.26,No
84,0.0,3.0,8.2,5.47,No
50,1.3,2.4,5.0,5.71,No
73,2.5,2.2,6.4,5.7,No
40,1.9,5.0,7.4,5.1,No
65,1.3,4.0,5.6,4.45,No
66,2.8,2.2,4.2,5.1,No
58,5.0,3.8,5.4,5.4,No
57,3.9,3.6,7.1,5.3,No
73,1.6,4.7,3.9,3.49,No
62,5.7,5.3,4.1,5.03,No
78,4.3,2.4,7.0,5.45,No
89,1.4,1.8,5.2,6.26,No
75,1.6,5.1,7.7,5.43,Yes
90,2.8,3.6,7.1,6.37,Yes
58,3.7,4.2,6.1,4.88,No
69,4.6,3.0,7.4,6.07,Yes
86,0.8,3.0,6.6,5.16,No
66,,1.8,6.4,6.19,Yes
74,,5.0,6.8,4.97,No
54,3.4,3.6,6.1,5.87,No
95,2.2,4.7,6.9,5.05,No
58,3.5,4.3,4.9,5.73,No
72,4.0,2.9,9.2,6.25,No
59,0.5,4.7,7.8,6.36,No
51,3.0,4.2,7.0,5.42,No
76,0.0,4.3,7.9,4.91,No
96,0.8,1.3,7.9,7.19,No
58,0.9,0.4,6.5,6.31,No
54,1.5,1.0,5.5,5.35,No
61,3.6,6.3,5.0,6.57,No
64,2.2,2.7,7.5,6.26,No
76,4.3,1.9,8.2,7.16,Yes
41,3.2,5.8,5.9,5.67,No
86,3.3,4.2,6.9,5.2,Yes
90,4.5,2.2,7.9,6.73,Yes
75,1.3,0.9,7.4,6.09,No
53,3.3,3.6,7.2,5.82,No
86,3.1,2.6,9.3,5.78,No
62,2.8,4.5,6.1,4.61,No
72,4.9,5.3,6.4,5.85,No
69,3.7,4.8,,4.04,No
51,2.1,2.8,5.2,4.11,No
99,1.8,3.4,6.8,5.7,Yes
50,2.8,5.0,5.1,4.11,No
70,4.6,2.6,3.8,7.21,No
72,3.9,3.2,5.9,6.64,No
70,3.4,6.6,6.2,4.96,No
73,1.9,2.1,7.9,4.39,No
70,2.4,4.6,4.6,5.7,No
75,0.0,3.6,4.9,5.38,No
55,4.2,3.3,5.7,5.98,No
52,3.8,3.4,6.0,3.84,No
86,7.0,0.8,4.9,6.66,No
77,3.4,4.4,6.6,5.93,Yes
67,4.7,2.3,6.9,6.26,No
89,3.7,3.6,4.7,7.34,Yes
77,3.0,2.6,7.2,5.96,No
80,3.7,3.0,7.3,5.23,Yes
92,3.7,2.5,5.0,6.42,No
72,3.0,3.1,8.0,5.38,Yes
64,3.8,1.5,7.6,6.03,Yes
63,5.2,6.7,5.7,4.64,Yes
38,3.2,3.1,5.5,4.99,No
54,4.7,6.1,4.6,5.68,No
81,4.8,2.9,4.8,6.1,No
57,3.6,3.1,5.9,6.58,Yes
63,4.4,2.0,,4.94,No
80,0.1,4.8,7.0,3.76,No
72,2.4,2.1,7.5,5.41,Yes
72,2.9,2.0,5.2,5.72,Yes
90,3.2,3.6,6.5,5.63,Yes
81,4.2,3.5,7.1,5.87,Yes
38,2.0,2.4,7.4,5.61,Yes
94,1.0,4.1,5.8,4.96,No
65,3.0,0.3,7.1,5.75,Yes
79,1.2,2.6,7.1,5.01,No
72,2.2,1.4,8.3,4.71,No
57,1.1,3.2,6.4,5.58,No
76,5.2,,6.3,5.62,Yes
60,3.3,0.4,5.6,6.06,No
64,2.2,4.1,5.3,5.79,No
80,1.7,2.8,6.0,5.01,No
58,2.2,2.5,5.0,5.12,No
40,5.3,4.7,5.9,5.42,No
57,0.8,0.5,4.9,5.75,No
88,2.6,2.1,4.9,5.44,No
84,3.3,1.7,5.4,6.69,No
77,1.5,0.9,7.0,4.8,No
75,1.6,4.1,7.2,,No
99,1.4,3.4,,5.47,Yes
88,3.1,4.2,6.6,,No
58,3.8,4.4,7.2,4.89,No
76,4.5,5.0,6.0,5.28,No
79,2.4,4.0,6.7,5.45,Yes
59,3.7,2.8,5.3,5.67,No
76,4.5,4.2,7.0,7.16,No
58,3.5,3.1,6.3,5.25,No
69,3.1,4.9,6.8,5.03,No
67,2.1,5.0,6.1,4.25,No
88,1.8,2.2,8.1,5.18,Yes
84,5.1,1.1,8.0,6.71,No
56,2.6,2.3,8.0,5.98,No
100,2.9,5.5,4.5,5.52,No
79,6.8,6.7,6.9,5.49,No
48,2.6,0.9,8.5,5.94,No
55,2.5,5.0,6.6,4.31,No
50,3.3,2.3,6.9,5.33,No
62,0.7,2.7,6.8,4.02,No
96,2.2,,9.1,5.43,No
69,2.0,4.1,7.3,4.86,No
74,1.9,5.1,7.7,5.59,No
99,5.0,2.9,6.4,6.96,Yes
56,1.8,5.2,7.3,5.52,Yes
75,2.0,,6.1,4.06,Yes
86,2.8,3.5,8.7,4.55,No
56,1.8,4.3,5.4,4.82,No
82,2.5,3.0,5.1,7.29,Yes
73,2.4,6.5,5.0,4.29,No
49,2.5,2.2,6.9,5.5,No
83,1.0,4.6,8.8,4.83,No
75,4.0,2.8,6.6,4.69,No
71,3.5,4.7,9.4,5.15,No
75,2.5,3.8,8.2,6.02,No
94,3.3,4.7,7.2,4.99,No
70,2.3,2.1,5.1,5.01,No
58,2.9,3.6,7.5,5.22,No
50,,3.1,,6.02,No
58,3.7,2.4,7.8,5.31,No
56,1.4,2.9,7.8,5.17,No
60,2.7,3.0,5.5,5.55,No
67,3.5,3.6,7.0,5.2,No
81,5.7,2.9,8.5,7.16,Yes
55,,1.9,7.4,5.75,No
56,0.0,4.8,5.0,4.06,Yes
67,2.0,3.3,7.0,5.94,No
69,2.6,2.9,6.6,7.23,Yes
81,2.5,3.3,6.1,5.52,No
73,0.4,3.6,7.2,5.51,No
76,4.2,1.2,5.9,7.0,Yes
72,3.5,0.0,7.0,6.2,Yes
49,2.0,6.0,6.0,4.59,No
46,2.1,3.3,5.8,5.5,No
37,3.1,3.7,5.4,5.01,No
51,4.3,4.9,6.2,5.69,No
65,3.6,2.1,6.8,6.15,No
73,2.0,1.9,7.0,5.28,No
33,2.6,4.0,6.1,3.57,No
57,3.8,4.0,7.4,5.18,No
61,3.4,3.1,9.2,5.23,No
61,1.3,3.7,7.9,5.86,Yes
61,1.7,4.4,,5.12,No
48,4.5,0.2,6.5,4.45,No
66,4.4,2.9,7.7,4.53,No
55,3.8,3.3,6.6,6.05,No
88,4.1,0.0,7.3,5.64,Yes
86,0.8,2.9,6.1,4.86,No
56,0.2,,8.4,4.22,No
58,2.1,1.0,6.6,5.66,No
96,4.2,6.8,6.7,6.49,No
48,2.7,3.4,7.8,4.43,No
70,2.5,6.6,6.2,5.07,No
91,,1.1,6.4,,Yes
56,3.3,1.8,7.4,5.4,No
45,2.7,1.0,6.0,5.22,No
61,2.3,4.4,6.0,6.22,No
65,3.9,4.3,6.1,5.08,No
72,3.6,4.3,6.4,6.78,Yes
71,3.1,1.6,5.8,5.23,No
75,1.4,5.9,6.2,4.62,No
30,3.7,6.0,7.4,4.02,No
70,1.9,5.6,8.6,4.91,No
58,1.7,2.0,6.7,5.32,No
89,2.8,5.8,6.2,6.0,No
80,3.7,4.7,5.5,7.15,Yes
84,3.6,3.3,7.1,6.94,No
84,7.1,2.0,6.8,6.57,No
71,3.7,3.3,5.4,6.87,No
62,2.4,5.3,6.3,5.77,No
67,2.0,,6.1,4.81,No
83,2.6,2.5,5.7,4.55,Yes
65,2.5,3.6,6.2,4.57,No
71,5.4,1.7,7.5,5.86,Yes
68,1.6,3.6,4.2,5.33,No
65,2.4,0.9,7.1,5.48,No
88,5.5,2.7,6.3,6.34,No
61,4.4,5.6,7.6,6.09,No
53,2.1,6.4,4.9,5.37,No
80,5.8,2.9,3.8,6.36,Yes
67,0.2,4.4,7.3,4.97,No
61,2.7,8.0,,,No
62,2.8,6.8,5.6,6.07,No
64,3.8,2.9,5.9,5.79,No
58,1.8,1.7,6.3,5.4,No
93,2.0,3.5,5.5,5.91,Yes
86,2.4,6.9,7.9,6.24,No
50,2.5,1.9,5.7,5.31,No
60,6.3,0.4,6.9,6.38,Yes
64,5.3,4.5,8.3,6.7,No
34,1.2,3.8,6.6,3.77,No
59,2.8,3.8,6.3,4.39,No
76,0.0,3.5,7.5,4.8,No
66,2.2,3.3,5.4,6.04,No
89,2.6,1.7,6.7,6.08,No
75,1.8,4.2,7.5,5.91,No
91,1.3,3.6,8.9,5.49,No
79,2.5,6.7,9.8,5.57,No
67,1.2,3.1,4.8,4.17,No
54,3.4,3.7,5.4,4.64,No
52,3.2,1.1,7.3,5.22,No
74,0.2,1.7,6.3,6.27,Yes
83,3.5,,5.6,5.88,No
72,1.4,6.7,5.8,4.96,Yes
76,3.0,3.9,8.2,4.91,Yes
80,1.2,3.1,7.6,5.11,No
63,4.8,0.9,7.4,5.94,No
77,3.2,3.7,6.4,3.82,No
78,3.7,5.5,5.9,6.51,No
53,0.7,2.5,7.1,4.82,Yes
72,2.8,2.5,6.7,4.93,Yes
76,4.1,1.9,5.1,,Yes
75,7.0,5.0,7.0,7.42,Yes
74,4.4,3.6,7.8,5.66,No
81,5.0,3.0,,7.61,No
100,4.0,4.5,6.9,5.86,No
72,1.3,2.5,8.0,6.61,No
93,2.8,1.7,6.8,6.64,No
44,5.4,3.9,7.2,5.07,No
72,2.9,3.2,4.8,6.19,No
46,4.7,3.6,6.8,,No
62,2.2,5.7,5.7,4.47,No
95,2.4,4.4,7.7,5.04,No
82,0.7,1.7,5.7,5.92,Yes
71,5.5,3.4,6.1,6.99,Yes
87,1.4,2.9,6.4,5.84,No
73,2.8,3.0,5.7,6.42,Yes
64,2.4,1.7,6.1,5.17,Yes
44,2.6,3.0,5.5,4.83,No
76,1.1,2.4,5.9,5.11,Yes
55,1.4,,7.6,5.35,No
69,2.0,3.5,7.7,,No
68,4.3,3.0,6.9,6.24,Yes
64,3.6,1.0,8.5,5.83,No
74,1.6,2.7,7.0,5.62,No
97,6.7,2.6,7.0,6.55,Yes
72,2.1,4.5,7.1,4.84,No
68,0.9,4.0,5.5,4.91,No
66,1.6,4.5,,,No
70,3.5,3.9,5.9,5.06,No
85,1.7,3.6,5.9,4.87,No
20,4.4,3.4,6.8,5.7,No
66,0.1,5.2,8.1,4.43,No
35,4.0,5.7,6.0,5.59,Yes
62,1.7,4.1,5.6,5.05,No
70,4.7,4.4,5.2,5.98,No
85,1.3,1.8,7.0,5.53,Yes
81,3.5,3.1,6.5,6.72,No
90,4.5,3.3,8.8,7.06,Yes
64,1.7,2.7,5.8,5.89,Yes
56,2.2,6.2,8.1,4.28,No
61,1.8,3.8,4.0,6.38,No
79,4.0,3.2,4.6,5.32,No
90,4.2,1.5,7.7,6.39,Yes
76,0.0,4.5,6.5,3.45,No
62,3.2,4.3,6.2,5.3,No
49,,2.4,5.9,4.87,No
66,2.9,2.7,7.5,5.42,Yes
80,4.7,2.6,7.6,7.08,No
51,3.4,3.9,8.7,5.19,No
99,1.5,2.9,7.1,6.9,Yes
66,2.9,1.9,7.6,6.76,Yes
85,5.7,6.3,4.9,5.33,No
53,3.6,3.8,5.2,6.03,No
63,1.2,1.6,7.1,4.3,No
89,1.7,1.6,7.5,5.6,No
52,3.4,4.6,8.1,4.39,No
78,1.7,1.9,4.7,5.35,Yes
56,1.4,2.5,6.0,4.29,No
56,3.4,1.6,6.0,6.31,No
68,4.6,2.4,5.6,6.0,No
60,1.8,4.6,4.4,5.34,No
74,1.4,3.5,7.1,4.73,No
66,2.2,2.5,4.3,6.21,No
58,3.0,1.1,7.2,6.82,No
67,4.1,1.7,7.5,6.06,Yes
92,4.2,2.7,7.5,7.29,Yes
55,2.1,3.5,7.0,4.16,No
53,3.3,4.2,7.0,5.24,No
55,0.4,1.7,4.7,5.08,No
55,2.5,4.1,5.4,3.84,No
56,1.6,3.9,6.1,4.77,No
50,0.8,3.8,4.7,5.89,No
83,4.7,0.5,5.0,6.67,No
72,1.1,3.7,5.8,5.33,No
69,4.5,3.0,6.5,6.0,No
100,6.1,3.2,7.4,7.03,Yes
78,1.4,6.1,4.5,4.85,Yes
100,,,6.9,5.2,No
89,,6.5,5.5,6.13,No
51,4.8,0.0,6.7,7.35,Yes
49,4.0,3.0,7.8,4.71,No
62,3.1,4.3,6.0,5.51,Yes
64,3.0,1.8,,5.89,No
89,1.7,3.9,7.6,5.79,No
63,4.4,2.4,6.8,5.86,Yes
68,4.0,3.9,7.0,4.11,No
52,4.5,3.3,4.1,6.0,No
79,2.7,3.2,6.7,6.03,Yes
86,3.5,5.7,4.7,6.56,Yes
81,4.1,,7.4,6.57,No
71,1.2,2.6,6.4,5.63,No
85,4.9,4.5,5.1,6.29,No
78,4.0,3.7,7.1,5.96,Yes
81,1.0,2.3,7.5,5.08,No
58,1.1,3.0,5.8,4.56,No
65,3.4,4.8,7.1,5.01,No
79,6.4,2.1,3.7,5.87,Yes
63,2.9,2.9,6.7,4.93,No
100,4.3,4.8,7.3,6.0,Yes
76,2.6,,6.7,5.13,No
78,3.1,,7.9,5.56,No
85,4.5,2.4,4.8,6.16,Yes
74,4.8,4.3,7.2,6.12,No
77,1.9,0.9,7.2,6.76,No
61,2.7,1.9,5.5,4.77,No
64,1.7,5.5,8.5,5.28,No
69,3.5,5.4,8.8,4.14,No
53,3.3,2.4,8.0,5.46,No
94,1.6,1.5,5.2,5.4,No
52,3.0,1.5,7.4,5.44,No
53,4.6,2.5,6.6,5.77,No
70,3.4,3.7,6.5,5.89,No
76,1.6,2.2,6.7,5.6,Yes
59,3.5,2.9,5.9,5.47,No
62,2.3,3.0,5.8,5.71,Yes
65,3.3,4.7,7.3,5.38,Yes
70,0.5,2.2,5.5,4.16,No
79,4.0,3.4,7.6,6.45,No
58,4.4,6.7,6.9,4.2,No
63,1.0,3.4,3.8,4.19,No
75,,3.3,6.4,6.64,Yes
87,1.8,3.0,6.7,5.15,Yes
83,4.2,3.6,6.8,5.18,Yes
75,3.7,3.5,5.3,5.21,No
39,4.8,4.1,5.3,5.76,No
56,5.0,5.8,8.4,6.04,No
58,2.5,2.8,5.5,6.23,No
85,3.2,2.9,5.6,7.33,No
54,5.7,5.9,7.0,5.33,No
46,0.0,2.8,4.2,4.32,No
75,1.1,3.1,5.9,5.3,No
77,4.5,3.6,7.0,6.27,Yes
58,1.6,2.7,6.0,4.84,No
63,5.4,3.8,4.3,6.05,No
93,1.7,1.7,7.1,5.98,Yes
49,3.9,0.8,5.7,6.71,Yes
54,3.4,1.4,6.4,5.44,No
79,2.8,5.2,6.0,6.58,No
71,3.6,6.5,5.2,4.44,No
68,3.4,1.1,6.7,6.95,Yes
46,3.8,3.6,5.8,5.23,No
55,5.3,4.6,6.8,6.85,Yes
65,4.1,2.1,7.6,5.88,No
98,4.7,,6.7,5.25,Yes
62,2.6,4.5,6.8,4.7,No
47,0.8,3.6,5.1,4.43,No
63,1.6,4.9,5.9,5.36,No
59,5.5,3.4,7.2,5.33,No
78,5.9,5.1,7.5,6.64,Yes
30,1.3,3.9,5.3,,No
59,1.8,4.5,6.2,5.31,No
91,2.5,5.9,4.0,6.31,No
79,3.0,3.0,8.1,6.14,Yes
70,5.0,2.5,6.0,6.06,Yes
61,4.5,3.7,4.4,5.11,No
80,1.3,,6.5,6.04,No
79,1.2,0.6,6.4,5.21,No
53,0.9,0.9,8.7,5.45,No
86,1.7,4.8,8.3,4.26,No
100,1.0,2.6,7.3,5.97,No
63,4.2,1.0,6.8,5.7,Yes
54,1.1,2.6,5.8,4.15,No
82,3.4,2.2,7.4,7.48,Yes
83,1.0,1.9,6.4,6.6,No
66,7.4,2.8,6.9,6.93,Yes
51,3.7,5.1,7.1,4.71,No
76,4.3,4.2,7.2,5.74,Yes
26,2.5,,6.9,4.46,No
72,4.1,4.0,6.0,6.32,No
22,2.4,4.5,7.5,3.44,No
63,5.6,4.1,7.4,5.62,Yes
88,1.4,4.1,7.0,6.93,No
100,3.0,3.0,7.1,6.56,No
85,,6.3,7.9,5.92,No
72,1.0,3.3,5.5,4.37,No
77,4.5,4.1,6.5,5.32,No
73,1.6,2.5,7.6,5.04,No
54,0.6,4.5,4.6,4.06,No
76,4.0,5.0,8.3,6.65,No
64,0.7,4.2,7.1,5.2,No
81,4.0,4.9,6.7,6.45,No
87,4.6,5.0,7.7,6.83,No
63,1.4,4.9,5.3,4.98,No
68,4.1,3.4,8.8,6.49,Yes
73,1.4,4.4,6.3,5.56,No
73,2.4,3.1,6.0,4.12,No
100,3.0,3.6,5.8,6.27,Yes
65,1.1,2.8,10.0,6.61,No
41,1.2,1.4,8.9,3.79,No
66,4.7,4.6,7.7,6.06,Yes
98,0.0,2.4,6.8,4.71,No
76,2.5,4.4,4.7,6.46,No
71,3.4,4.8,7.6,4.92,No
51,3.8,3.2,4.3,5.53,No
67,5.1,5.3,5.2,5.21,No
92,4.2,2.9,7.1,6.02,No
86,3.4,2.9,6.4,5.15,Yes
91,2.8,2.9,6.9,5.88,Yes
51,2.4,3.1,5.5,5.6,No
81,2.5,3.1,7.4,6.6,No
39,2.6,3.2,5.6,3.19,No
68,3.6,7.3,4.3,5.49,No
74,2.3,2.2,8.4,6.8,Yes
87,4.2,5.4,4.7,6.75,Yes
83,3.3,3.3,7.1,4.84,Yes
88,1.4,3.0,6.8,5.31,No
91,3.0,4.5,6.0,,Yes
68,2.9,4.3,5.2,6.48,No
50,2.6,2.4,7.5,4.93,No
78,3.6,5.9,7.8,4.43,No
82,0.6,2.0,6.9,5.95,Yes
61,2.4,4.0,7.2,4.91,No
71,2.8,2.2,6.9,6.6,No
80,2.2,2.3,5.8,4.61,No
93,3.4,5.0,6.6,4.82,Yes
48,2.4,3.2,6.0,4.77,No
88,2.4,4.6,7.7,5.65,No
69,2.9,2.4,7.1,5.82,No
67,1.7,1.0,8.5,5.74,No
88,1.2,4.3,8.0,6.77,No
61,5.9,4.2,6.2,6.06,Yes
78,2.3,2.8,6.1,5.33,No
59,2.8,4.1,3.9,5.67,No
66,4.7,2.9,5.2,4.5,No
92,3.5,5.8,7.3,6.5,Yes
76,1.9,5.2,6.1,5.43,No
89,0.2,2.7,5.2,4.26,Yes
39,0.7,3.4,6.3,5.03,No
89,1.5,6.1,5.3,4.69,No
54,2.3,4.2,6.5,5.36,No
60,3.9,3.9,4.7,5.39,No
63,1.6,4.4,5.5,5.27,No
75,1.6,5.7,7.9,5.23,No
75,4.6,2.6,7.8,6.8,Yes
79,5.6,5.0,7.1,4.08,No
75,3.7,3.5,6.3,4.79,No
75,2.8,5.0,4.5,6.42,No
65,2.7,2.7,4.8,6.11,No
73,1.5,5.0,7.2,4.44,No
76,4.5,2.0,7.2,6.56,No
48,3.1,1.1,7.7,3.49,No
77,1.5,4.3,5.2,5.93,No
73,2.1,4.9,6.1,5.44,No
85,4.4,3.8,6.6,6.16,No
92,1.8,6.3,5.9,5.03,No
93,2.0,3.1,7.6,5.29,Yes
21,6.9,5.4,5.6,4.33,No
57,1.7,2.1,6.9,6.29,No
54,3.4,3.8,7.4,6.11,No
70,2.5,5.1,6.5,,Yes
60,6.8,5.6,5.9,6.32,Yes
84,4.8,2.6,6.4,6.57,No
59,3.4,1.5,7.9,6.13,No
73,1.7,,6.9,4.56,No
58,1.6,4.7,5.3,4.51,No
72,5.5,1.4,5.1,6.35,Yes
31,0.9,4.7,7.8,4.99,No
60,3.8,7.0,7.2,5.11,Yes
43,3.8,1.1,5.5,4.98,Yes
86,6.3,0.0,6.3,7.18,Yes
71,0.7,1.0,5.9,5.16,No
68,3.8,5.8,8.4,4.61,No
64,3.8,2.7,6.2,6.34,No
67,3.7,2.4,6.9,5.81,No
85,3.4,2.5,8.7,6.85,No
70,5.2,4.2,6.1,4.82,Yes
64,3.1,5.2,5.6,4.36,No
43,2.0,5.2,5.6,4.07,No
61,0.7,5.0,5.5,4.59,No
68,2.7,3.2,7.2,6.65,Yes
75,2.3,3.4,6.1,6.26,Yes
77,4.4,1.9,5.8,5.04,Yes
80,1.0,5.6,6.8,5.98,Yes
67,6.3,4.3,6.8,5.11,No
56,3.0,3.7,7.9,5.72,No
67,4.6,1.8,6.4,6.25,No
55,4.4,0.1,6.1,5.18,No
42,1.6,1.7,7.5,5.73,No
76,2.9,4.3,9.8,6.66,No
40,4.9,2.5,6.7,6.65,Yes
53,4.2,5.8,6.2,5.3,No
69,3.4,1.6,8.3,6.25,No
94,3.8,3.5,5.5,5.09,No
59,2.1,4.0,6.5,4.34,No
38,0.5,0.3,5.4,3.94,No
67,5.1,5.0,6.5,4.78,Yes
68,2.1,3.0,7.4,4.8,No
55,1.3,0.0,5.1,4.51,No
66,5.6,3.0,8.2,5.64,No
58,3.4,5.1,6.5,5.48,No
75,0.0,2.0,5.4,3.7,No
58,1.2,1.1,6.2,3.86,No
58,3.2,1.1,5.9,4.39,No
81,2.1,2.9,6.1,5.53,No
66,3.6,4.7,3.3,4.54,Yes
61,2.6,4.0,4.1,5.02,No
92,2.4,0.4,5.4,6.7,No
75,3.6,2.5,6.0,5.02,No
44,1.0,4.5,8.7,4.38,No
51,0.9,1.8,6.2,4.68,No
68,4.1,2.8,,6.27,No
83,3.2,1.1,5.1,6.29,Yes
37,4.9,3.3,6.8,5.2,No
51,1.3,3.8,5.6,4.94,No
90,3.1,6.1,8.1,4.64,No
57,1.5,3.6,6.1,6.22,Yes
57,3.0,3.9,6.1,4.95,No
48,5.0,3.7,7.1,5.58,No
78,4.1,2.8,6.4,6.7,Yes
44,2.1,3.6,3.4,3.91,No
68,3.1,6.1,6.5,4.99,No
76,2.7,2.9,7.1,3.95,No
71,1.7,1.7,6.5,5.41,Yes
73,2.0,4.3,7.0,6.87,No
60,1.8,1.7,7.5,5.35,No
86,4.5,4.8,6.7,6.46,Yes
76,2.6,1.5,8.4,6.05,No
48,2.6,,7.6,5.28,No
62,2.3,3.9,5.4,5.11,No
98,5.9,2.7,7.3,7.35,Yes
75,0.8,4.3,6.3,4.63,No
80,2.1,4.2,5.7,5.58,No
52,2.9,4.2,7.5,4.9,No
85,2.8,3.5,6.4,5.23,Yes
38,4.1,3.1,5.8,4.51,No
74,6.8,5.6,6.9,5.01,Yes
65,0.3,3.1,8.0,4.55,No
65,1.3,2.9,5.6,3.98,No
85,3.0,4.1,8.9,6.62,Yes
53,3.6,4.0,5.7,5.68,No
73,1.3,1.9,6.2,5.45,Yes
73,3.4,5.9,7.3,4.68,No
73,1.9,1.5,,4.96,No
91,3.7,1.5,7.9,6.22,Yes
69,3.0,6.2,5.9,5.07,No
76,3.5,3.4,6.7,6.11,No
85,3.8,3.8,7.4,6.0,Yes
58,4.0,2.6,6.6,6.46,Yes
67,0.8,3.1,6.3,4.34,No
50,3.3,5.2,5.5,5.64,No
78,4.5,4.4,5.7,6.25,No
71,3.6,4.3,4.7,5.21,No
81,1.9,1.7,3.0,5.06,No
68,3.0,3.2,8.3,7.35,Yes
61,2.8,4.5,6.2,6.14,No
75,,0.6,6.2,6.8,Yes
91,2.6,2.2,8.5,4.95,Yes
78,2.7,4.7,5.6,5.54,No
48,3.9,1.8,5.5,5.42,No
72,0.6,2.6,6.7,5.5,No
100,2.3,5.1,5.7,5.08,No
60,1.8,4.2,4.6,,No
62,4.2,4.6,5.8,6.58,No
40,2.5,4.2,4.2,4.08,No
68,,4.2,8.0,5.68,No
63,2.5,3.6,6.2,4.39,No
77,2.2,1.6,,6.85,No
70,4.9,2.9,6.7,6.25,No
72,2.8,3.1,7.8,6.03,Yes
78,4.3,1.2,7.4,6.03,Yes
42,2.5,2.7,7.8,4.88,No
87,5.1,2.9,5.9,6.77,No
76,4.7,5.6,7.2,5.75,No
84,2.9,0.8,6.2,6.37,Yes
76,4.0,3.6,7.6,5.46,No
75,3.3,4.0,6.1,5.95,No
67,3.0,4.6,7.3,4.08,No
62,2.5,5.1,6.2,5.73,No
83,3.1,1.7,6.4,6.26,Yes
76,3.0,2.8,6.2,6.08,Yes
64,1.9,4.5,6.4,4.95,No
89,3.6,2.9,5.8,6.78,No
67,1.2,3.7,7.5,5.73,No
76,3.3,5.2,6.3,4.22,No
52,,4.9,5.7,5.44,Yes
63,5.1,4.3,7.5,3.31,No
53,4.1,5.3,6.0,4.47,No
53,3.5,2.3,7.0,5.56,No
67,3.9,3.2,5.2,4.93,No
61,3.9,3.6,7.6,4.68,Yes
84,4.0,2.1,5.3,7.06,Yes
60,0.6,5.4,7.0,4.64,No
77,2.2,4.4,7.4,4.49,No
58,2.1,4.2,6.6,5.02,No
69,1.9,1.4,5.5,4.89,No
53,5.4,1.8,5.1,5.3,No
79,3.0,1.9,6.4,7.12,Yes
92,4.5,0.0,7.4,7.04,Yes
52,2.8,3.7,5.9,5.11,No
78,1.9,0.0,4.8,6.85,Yes
93,3.1,3.1,7.9,6.07,No
57,2.4,5.6,5.8,5.01,No
91,,3.8,5.6,6.23,No
70,0.6,2.5,6.3,4.71,No
68,4.2,3.2,7.6,4.63,No
65,3.1,4.9,6.8,5.43,No
65,2.8,3.9,6.5,6.01,No
51,2.8,2.1,7.5,6.52,Yes
61,3.6,3.6,6.5,5.88,Yes
100,2.8,3.4,6.3,6.62,Yes
48,4.4,1.6,,5.01,No
72,0.3,5.0,6.4,3.78,No
68,2.2,0.0,5.7,5.61,No
67,1.7,3.6,7.5,5.76,No
58,0.8,3.2,7.9,5.24,No
44,3.4,2.4,6.8,6.04,No
74,5.1,,7.2,6.65,No
60,3.6,7.0,7.1,6.03,No
71,2.5,2.5,4.4,6.23,No
58,4.2,2.8,6.3,4.29,Yes
77,3.8,3.9,6.3,6.95,No
69,1.6,2.8,6.2,6.23,No
72,2.1,2.3,7.8,6.12,No
77,5.8,2.4,6.1,6.57,No
70,5.0,3.0,6.7,5.74,No
58,3.6,5.1,5.2,4.99,No
82,4.3,3.6,7.4,5.35,No
97,4.8,5.9,5.6,6.06,No
75,4.9,5.3,8.3,6.73,No
28,4.4,5.2,8.3,4.9,No
57,1.9,3.9,6.8,5.07,No
66,3.3,3.8,7.2,5.83,No
64,4.4,4.5,6.2,6.01,No
46,3.3,4.9,6.1,4.95,Yes
58,2.9,1.6,4.9,7.48,No
69,2.3,4.3,4.7,4.57,No
73,0.8,2.9,5.3,5.03,No
69,2.1,3.2,8.0,4.89,No
56,1.2,4.0,6.1,3.91,No
51,3.4,1.0,7.7,5.29,No
62,2.2,5.9,6.5,4.96,No
62,3.0,3.0,6.5,5.4,Yes
76,3.4,2.6,6.2,6.57,Yes
51,3.5,4.3,6.9,5.63,No
72,2.3,4.1,6.5,4.41,No
68,2.4,1.7,6.3,6.58,No
63,3.1,5.8,7.2,5.26,No
75,3.1,1.8,6.5,5.56,Yes
63,4.2,3.2,5.8,5.33,No
85,3.1,1.0,5.8,6.6,Yes
80,1.4,6.8,7.2,5.21,Yes
59,2.3,4.3,3.4,,No
93,1.9,2.9,4.9,5.04,No
40,2.4,3.4,7.6,5.82,No
93,3.8,1.8,7.4,7.25,No
90,4.0,4.8,5.9,6.65,No
53,3.3,1.2,7.4,6.63,Yes
65,1.0,4.5,6.5,4.3,No
53,2.0,2.0,6.0,5.71,Yes
62,2.4,5.6,6.7,5.76,No
90,3.9,2.5,5.9,7.55,No
67,0.8,3.6,5.9,5.17,No
39,1.4,6.0,5.6,3.74,No
80,3.8,4.1,6.8,5.57,No
73,3.6,4.4,6.6,6.19,No
52,5.2,3.4,6.1,5.94,No
93,5.9,2.9,6.6,5.6,No
80,1.6,4.0,5.7,4.97,No
65,1.2,3.6,6.0,6.39,No
73,1.7,4.4,6.4,4.87,No
88,6.6,5.6,7.9,6.2,No
78,2.1,3.1,5.9,4.98,No
47,4.9,2.7,6.3,5.45,Yes
58,4.9,2.2,7.0,6.16,No
40,0.1,3.9,6.9,4.16,No
66,3.4,4.8,6.1,4.14,No
40,3.2,3.0,5.6,4.85,No
71,4.4,4.1,6.8,6.63,Yes
82,5.0,2.7,7.9,5.51,No
67,4.4,4.2,7.0,4.45,No
50,3.3,2.5,4.1,5.67,No
69,4.1,4.2,7.3,4.78,No
73,0.0,3.0,7.3,6.67,No
83,0.9,0.3,5.6,5.15,No
59,2.0,3.8,7.9,4.8,No
77,3.4,4.0,6.1,5.0,Yes
52,1.1,,7.4,3.41,No
56,3.5,0.9,7.5,5.55,No
88,4.6,4.3,6.8,6.19,Yes
98,0.0,3.2,8.2,6.18,No
58,6.1,3.3,7.0,6.11,No
87,1.5,3.7,6.8,5.46,Yes
80,,4.9,5.2,6.18,Yes
62,1.6,2.0,5.5,5.51,No
68,3.2,2.0,9.2,4.87,No
77,0.1,4.7,4.4,4.64,No
79,4.7,5.7,6.6,6.44,Yes
90,0.9,5.0,6.0,5.2,No
55,3.6,3.2,7.2,,No
83,4.5,2.5,7.1,6.98,Yes
81,2.2,5.4,5.8,5.45,No
92,1.9,5.5,6.6,6.24,No
65,0.4,2.9,4.5,4.49,No
86,3.3,4.9,8.3,5.88,No
91,3.2,5.2,6.1,6.1,Yes
74,1.6,1.7,7.8,5.13,No
73,3.0,1.7,5.5,6.66,No
69,0.9,3.4,7.2,5.49,No
82,1.1,1.1,6.2,6.08,No
86,4.1,2.7,7.0,6.32,No
79,2.8,3.5,5.8,6.33,No
79,1.2,3.1,5.9,4.7,No
59,4.7,0.8,6.9,6.67,Yes
60,2.7,4.4,4.9,4.62,No
51,,2.8,8.7,5.05,No
100,3.7,0.8,6.2,6.67,Yes
64,3.0,4.0,6.6,6.18,No
80,2.8,3.6,8.3,6.54,Yes
55,4.7,4.6,8.2,4.86,No
62,0.9,3.4,7.1,4.65,Yes
52,0.0,3.6,6.3,5.07,No
57,1.9,4.0,5.5,5.15,No
71,2.1,2.5,9.4,5.6,No
74,0.5,3.6,7.3,,No
70,3.7,4.7,4.0,5.11,No
58,2.7,5.3,7.2,5.78,Yes
67,,6.2,5.9,5.57,No
83,2.9,4.5,4.4,7.22,No
87,0.9,1.9,6.4,5.92,Yes
80,1.9,4.5,5.6,4.87,No
75,3.1,3.2,7.0,5.78,No
65,5.1,5.7,5.3,6.55,No
59,3.1,2.0,6.2,,No
68,3.1,5.5,8.7,5.64,No
72,4.7,5.9,6.5,5.0,Yes
85,3.6,4.3,7.5,6.65,No
60,2.9,5.9,6.4,5.21,No
54,1.9,5.5,5.3,5.21,Yes
40,5.9,3.5,3.2,4.96,No
86,1.3,1.5,7.2,,No
68,2.1,2.3,6.4,4.9,No
46,0.0,1.4,7.5,4.89,No
61,5.8,4.7,6.6,5.98,No
59,2.8,2.5,8.8,6.18,No
62,4.6,2.9,,6.61,Yes
79,3.2,4.3,6.9,5.01,Yes
54,3.9,4.2,6.7,5.97,Yes
82,2.4,2.8,7.2,5.96,Yes
59,0.0,4.2,5.2,4.7,No
58,4.5,6.1,5.6,5.4,No
52,2.9,5.1,5.4,5.66,No
68,3.3,3.3,7.6,5.42,No
74,3.4,4.8,9.1,4.98,No
63,2.1,,5.4,5.36,No
69,4.2,3.2,6.8,5.33,Yes
65,1.0,3.2,6.8,6.0,Yes
83,3.1,4.2,5.0,6.96,No
66,2.0,1.1,7.5,5.85,No
70,2.9,4.5,6.7,6.24,Yes
93,2.9,0.6,5.0,5.6,Yes
100,3.8,7.8,,6.09,No
57,0.6,1.1,7.6,4.54,No
90,0.0,3.0,7.4,4.95,No
55,2.6,6.6,7.1,4.71,No
80,6.4,4.9,7.2,6.62,No
96,5.4,6.0,4.7,5.71,No
79,2.4,3.8,7.2,5.98,No
69,4.7,5.9,8.8,5.1,No
41,5.0,5.1,5.0,4.18,No
61,1.3,,7.1,3.9,No
60,3.3,2.8,7.3,4.56,No
59,0.0,3.9,6.7,4.87,Yes
70,2.2,3.1,7.8,5.1,No
73,1.8,4.0,8.1,5.11,Yes
36,3.7,0.9,9.2,5.91,No
45,2.4,4.7,7.3,4.69,Yes
88,2.3,4.9,5.6,4.69,No
64,4.9,3.8,7.1,4.42,No
60,0.0,3.8,5.6,5.14,No
74,0.9,3.9,7.1,,No
88,3.9,3.5,5.3,7.0,Yes
44,2.1,5.5,5.0,5.36,No
51,3.6,3.4,6.8,4.98,No
62,,5.1,4.3,5.89,No
89,4.2,3.8,8.1,7.59,No
94,4.9,3.3,6.8,5.7,No
70,3.2,6.9,7.8,4.7,No
76,1.6,2.1,7.6,6.59,Yes
60,1.2,2.4,7.5,5.53,No
68,2.0,3.8,6.9,5.64,No
70,4.1,1.5,6.4,6.07,No
52,3.5,1.5,7.1,5.16,No
74,4.7,4.9,5.5,5.09,No
81,5.0,5.3,6.3,5.21,No
79,1.4,,6.2,5.54,Yes
55,4.2,1.7,7.0,6.21,No
60,2.5,3.8,6.8,5.66,No
63,,3.2,6.4,4.16,No
74,5.4,1.6,8.4,7.18,Yes
73,2.7,4.8,8.1,5.68,No
87,4.4,3.1,8.7,6.59,No
72,6.2,4.3,4.9,6.15,No
89,0.7,3.1,7.2,4.86,No
89,3.0,3.4,6.1,6.17,Yes
61,1.7,1.1,5.3,5.4,No
71,2.6,6.4,7.5,5.55,No
67,3.3,3.9,8.9,5.28,No
78,1.8,3.6,5.2,4.93,No
78,4.0,4.0,6.3,5.93,No
77,4.7,0.8,4.7,5.98,No
69,3.8,3.7,6.9,4.84,No
72,3.8,1.4,,6.2,Yes
97,2.6,2.8,7.1,5.47,No
63,2.0,2.8,8.2,4.05,No
62,2.8,4.2,7.5,5.48,No
59,3.1,3.2,7.8,4.19,No
79,2.6,1.7,6.5,4.89,No
76,3.0,5.7,7.5,4.74,Yes
71,1.7,1.8,3.9,4.83,No
62,4.4,4.3,7.3,6.01,Yes
73,2.8,4.5,7.8,4.94,No
78,5.4,3.8,5.9,6.4,Yes
54,4.6,3.7,6.3,4.35,No
79,4.4,4.5,7.1,5.81,Yes
51,,3.1,4.3,4.98,No
98,2.5,4.9,5.3,4.39,Yes
67,2.8,3.0,3.7,6.13,Yes
89,3.6,4.7,7.1,5.57,Yes
69,3.7,4.2,7.9,5.92,No
89,2.5,3.8,6.1,6.39,No
93,6.1,1.0,7.0,6.91,Yes
77,2.3,4.2,7.0,6.1,No
56,0.0,2.5,7.2,6.66,No
57,1.7,4.0,,5.62,No
75,3.2,4.6,7.2,5.03,No
71,2.5,3.1,4.7,5.45,No
83,3.8,1.2,7.3,6.1,Yes
68,3.1,4.2,8.7,4.02,Yes
76,2.6,2.8,5.0,4.02,Yes
70,1.5,5.6,5.6,4.15,No
76,4.2,1.4,5.0,6.85,Yes
75,1.2,4.1,5.7,3.63,No
82,1.8,3.3,9.9,5.81,No
75,5.2,3.3,6.2,6.84,No
91,2.5,4.9,4.7,6.21,No
99,0.0,3.9,4.7,4.72,No
86,4.1,3.6,4.7,6.09,No
69,5.5,2.9,7.1,5.19,Yes
82,,3.5,7.3,5.32,No
81,2.9,,,5.15,No
60,6.2,3.1,6.5,4.86,No
99,5.1,2.8,7.4,5.59,No
88,5.6,3.5,8.0,5.6,No
67,2.2,3.6,5.7,5.68,Yes
71,2.4,3.4,8.1,6.44,Yes
52,5.0,3.8,6.7,5.58,Yes
70,3.4,3.0,5.3,6.22,No
77,4.9,0.3,8.2,6.15,Yes
67,2.6,0.1,6.3,5.5,No
53,4.4,3.1,6.0,,No
79,2.2,0.9,6.3,6.0,No
66,1.5,8.0,8.0,4.72,No
58,3.3,3.3,7.2,5.38,No
75,1.9,6.5,7.6,5.97,No
53,0.7,1.4,5.8,5.03,No
71,0.6,4.7,4.3,5.1,No
88,3.9,3.1,7.5,5.8,Yes
83,2.9,1.1,6.9,4.95,No
77,1.7,3.5,5.3,5.28,No
70,3.2,2.1,6.2,5.24,No
38,4.0,4.9,,5.46,No
65,3.6,2.7,5.8,6.12,No
70,3.7,1.9,5.4,6.6,No
81,3.7,4.8,6.7,6.05,No
57,2.2,6.2,5.8,5.8,No
78,4.0,3.2,6.3,6.0,Yes
79,1.3,3.5,8.1,4.25,No
71,3.5,3.0,5.3,7.06,Yes
83,1.7,2.0,4.8,5.62,No
51,0.3,3.5,5.3,4.56,No
56,0.4,3.8,7.6,5.86,Yes
71,0.1,1.1,5.9,4.89,No
59,3.8,1.1,7.2,5.75,Yes
68,4.9,2.0,5.5,5.28,Yes
87,4.9,2.0,5.8,6.23,Yes
22,4.0,2.4,5.2,4.27,Yes
100,2.7,6.4,7.1,,Yes
79,0.8,4.1,8.8,5.43,No
71,3.7,3.2,7.2,6.9,No
64,4.2,3.6,6.1,5.19,No
76,2.8,3.4,,6.72,No
63,4.5,3.0,6.3,5.49,No
72,1.8,3.4,6.3,6.01,No
70,4.3,2.5,7.8,5.5,No
63,2.4,2.8,7.2,4.73,No
73,4.1,3.2,4.2,6.11,No
61,4.9,3.6,6.8,5.57,Yes
75,1.6,3.3,5.8,5.68,Yes
79,2.3,2.1,6.0,6.08,No
99,2.1,5.0,6.8,5.09,No
72,4.7,3.0,7.7,5.6,Yes
100,4.7,2.2,5.6,7.13,Yes
78,2.5,7.4,7.7,5.01,No
73,3.9,0.0,4.6,5.08,Yes
57,2.3,3.6,4.7,5.79,Yes
66,1.8,3.0,7.2,4.71,Yes
86,3.8,5.7,6.5,5.13,No
53,3.9,5.5,8.4,5.33,Yes
58,1.6,4.2,6.3,6.39,No
69,2.9,3.7,7.4,4.58,No
68,2.7,2.0,9.0,6.1,No
86,0.2,5.2,7.4,5.43,No
88,2.2,3.1,5.8,6.75,Yes
52,3.2,5.5,8.4,4.26,No
82,1.9,3.8,8.6,5.21,Yes
62,1.7,2.7,6.4,5.72,No
74,3.0,4.5,7.9,6.98,No
68,3.0,3.2,8.4,5.28,No
81,3.3,3.0,7.0,5.41,No
39,3.0,3.3,6.4,5.28,No
64,4.1,4.5,6.3,4.97,No
92,4.1,4.1,6.4,5.09,No
68,4.3,2.1,5.3,6.42,No
34,4.7,5.4,5.5,4.8,No
59,4.5,1.8,6.2,5.4,No
85,1.9,3.4,7.7,5.94,No
53,1.2,2.7,8.6,5.16,No
62,4.0,4.5,7.2,6.18,No
78,5.0,2.8,6.5,6.48,No
74,2.0,5.2,5.8,4.86,No
50,4.2,4.9,4.8,5.37,No
43,5.6,2.5,7.5,5.86,No
59,2.8,4.9,7.1,5.0,No
73,1.0,5.6,7.9,6.38,No
74,5.1,4.1,6.6,6.39,No
88,3.9,4.0,6.1,7.05,Yes
41,3.3,3.7,6.1,5.45,No
77,4.1,4.3,5.7,5.55,No
62,2.6,3.1,5.0,3.47,No
67,5.3,2.4,7.6,6.66,Yes
78,2.9,,6.6,5.64,No
91,0.2,4.6,8.4,5.66,No
69,2.4,3.2,,5.61,Yes
71,0.1,3.5,4.6,4.97,No
78,3.1,3.7,6.4,4.38,Yes
73,6.3,5.8,5.9,6.14,Yes
80,1.2,1.8,5.5,5.47,No
100,2.2,3.9,4.4,5.38,No
100,0.8,3.9,4.9,5.76,No
69,2.8,4.9,8.8,5.75,No
98,3.3,2.9,5.3,6.42,Yes
64,0.1,3.1,6.7,5.14,No
58,4.0,4.8,5.6,4.38,No
38,2.7,2.3,4.4,4.08,No
72,2.7,5.0,6.2,5.51,No
66,1.4,2.6,7.3,5.01,No
71,3.1,2.6,5.9,4.86,Yes
71,5.4,4.1,9.2,6.94,Yes
71,4.2,3.3,5.3,6.65,No
73,4.3,3.9,6.7,7.09,No
38,1.0,4.5,4.5,6.24,No
52,6.6,5.3,6.8,6.19,Yes
72,2.3,2.2,8.1,4.82,No
47,3.9,3.4,7.2,6.29,No
78,3.2,3.6,3.5,5.15,No
62,3.2,5.0,7.3,4.64,No
65,4.3,3.4,5.6,5.89,No
74,4.6,2.0,5.5,6.43,Yes
82,0.6,3.1,7.2,5.48,No
78,0.9,2.3,7.4,5.94,No
66,2.8,3.0,6.7,5.1,No
76,3.8,2.7,6.7,4.91,No
60,3.1,2.6,7.9,5.18,No
47,1.6,4.5,8.0,3.31,No
46,4.2,1.6,6.6,5.59,Yes
66,5.3,4.5,7.7,5.35,Yes
73,2.8,5.6,7.4,5.62,No
60,3.8,4.5,9.6,5.98,No
56,0.6,3.2,5.4,5.08,No
60,2.5,4.6,8.4,,No
60,4.0,1.7,6.3,6.82,No
56,3.2,3.1,9.4,5.8,No
73,1.8,2.5,6.4,6.04,No
70,2.5,3.8,7.2,,No
100,4.3,2.8,6.7,8.1,Yes
64,2.5,2.0,6.3,5.97,Yes
63,2.2,2.4,5.0,5.81,No
84,3.6,1.9,6.5,7.05,Yes
66,2.9,1.7,6.3,4.96,No
50,4.5,3.6,6.2,4.44,No
82,2.2,4.7,5.6,5.81,No
64,3.6,4.3,6.9,5.87,No
89,1.1,1.8,6.5,5.86,No
83,3.2,2.3,7.1,5.2,Yes
100,5.1,2.0,7.2,8.74,Yes
61,0.0,1.3,6.6,6.36,No
69,3.7,0.2,8.8,6.08,Yes
58,2.5,1.0,6.1,6.3,No
63,2.9,3.9,5.6,5.12,No
67,2.5,3.1,7.1,5.68,No
38,3.1,3.7,6.9,4.51,No
80,3.8,3.7,7.9,5.87,No
75,1.0,6.5,6.3,4.14,No
100,3.8,4.0,5.7,5.81,No
74,5.4,4.3,5.7,4.88,No
43,2.6,5.7,7.3,4.97,No
80,2.1,4.0,6.8,5.72,Yes
66,2.7,6.3,8.0,5.08,Yes
63,3.4,3.8,7.4,6.5,No
68,1.9,3.4,5.8,5.45,Yes
85,3.9,5.4,6.5,5.62,No
75,5.9,3.4,5.3,5.24,No
100,5.5,1.2,6.1,7.54,Yes
62,,4.5,5.1,4.97,No
76,4.4,1.6,4.9,5.49,Yes
72,4.8,2.0,9.0,5.93,Yes
53,3.0,4.6,6.0,4.64,No
58,0.9,5.4,7.0,4.58,No
82,4.5,2.2,7.7,7.93,No
65,0.8,4.1,6.9,5.0,No
79,2.2,3.5,5.2,4.35,Yes
69,3.8,1.0,9.1,6.08,Yes
58,1.7,3.2,6.0,4.94,Yes
59,5.9,5.1,6.8,6.39,No
52,2.4,3.1,6.4,5.26,Yes
85,1.1,1.9,6.8,5.94,No
65,3.4,5.6,8.0,4.58,Yes
55,1.9,1.2,6.1,5.69,No
61,2.4,1.7,6.0,5.39,No
46,3.8,3.9,7.5,4.87,No
76,4.2,4.1,6.5,5.93,No
76,3.8,2.5,7.3,5.8,Yes
81,2.9,1.4,7.2,6.35,No
63,0.9,4.8,5.8,4.45,No
60,3.8,2.1,6.1,6.1,No
71,3.1,1.6,7.0,6.72,Yes
67,3.2,2.0,7.3,5.64,No
52,2.0,3.4,6.8,5.22,No
89,3.3,3.2,8.1,7.32,No
63,2.1,2.5,6.4,6.28,Yes
92,3.4,3.2,6.8,7.33,Yes
49,0.3,4.6,6.1,,No
85,5.4,4.3,6.6,7.11,No
69,3.3,,5.6,5.59,No
72,2.4,3.0,5.0,6.01,No
100,2.5,4.6,6.2,5.91,No
59,4.9,4.3,8.5,7.17,No
79,1.5,2.7,5.9,6.04,Yes
86,2.1,5.7,6.7,5.4,No
83,1.2,6.9,6.6,4.8,No
69,3.2,3.3,5.6,5.82,No
63,3.9,3.3,5.9,5.41,No
73,3.3,4.5,6.7,6.04,No
84,3.7,,5.5,5.76,No
82,4.6,4.6,5.1,5.74,No
62,2.8,6.1,5.8,4.76,No
66,1.7,4.6,5.8,4.46,Yes
69,1.6,2.7,5.1,4.65,No
77,1.8,4.2,7.6,6.19,No
77,4.7,3.8,8.5,5.86,No
66,4.1,1.6,5.7,6.34,No
88,0.0,4.8,7.7,6.11,No
61,3.4,2.8,7.3,6.53,No
88,3.7,5.8,7.0,5.76,Yes
75,1.9,5.6,7.1,5.83,No
85,2.4,,7.7,5.97,No
89,1.5,4.0,4.3,6.16,No
58,1.1,4.6,6.3,5.25,No
54,2.2,4.9,5.2,5.33,No
95,5.4,6.0,6.5,6.35,No
94,2.0,3.1,6.5,5.53,No
75,2.6,2.6,5.4,5.26,No
70,1.6,1.1,8.9,6.77,No
47,0.1,3.1,7.7,4.08,No
65,2.7,3.6,4.7,4.7,No
62,4.4,1.6,,6.7,No
81,3.6,4.1,6.5,6.57,Yes
76,2.2,5.1,5.0,5.95,No
96,3.8,2.3,8.3,7.23,No
39,2.4,4.1,6.5,4.55,No
79,1.0,3.2,8.7,6.27,No
60,0.0,3.8,5.6,4.28,No
69,2.7,4.5,5.8,4.53,Yes
85,6.5,2.9,6.3,6.86,No
66,1.2,2.9,8.4,5.58,No
100,1.9,2.0,6.2,6.69,Yes
64,4.4,2.4,7.0,5.93,No
63,1.4,4.2,9.1,3.66,No
43,3.2,3.7,6.5,5.63,No
75,1.6,1.7,7.5,5.07,No
71,0.7,2.3,5.0,5.73,No
48,1.1,,4.5,4.03,No
63,3.0,5.8,5.4,4.1,No
80,5.8,2.6,7.9,5.57,No
52,2.7,1.7,5.0,5.42,No
58,4.4,2.4,8.4,6.34,Yes
73,1.7,3.4,4.7,5.58,No
78,3.0,2.0,7.0,6.08,No
89,1.0,3.7,6.7,4.64,No
100,2.6,4.4,4.8,6.12,No
66,2.2,3.4,5.9,4.75,No
42,4.8,3.3,6.2,3.62,No
44,2.6,4.8,5.7,6.01,No
100,2.9,4.7,4.7,6.04,Yes
67,4.8,2.6,7.6,6.47,Yes
95,4.0,3.2,,5.35,No
81,4.1,6.1,5.1,5.09,No
49,0.8,3.9,5.9,5.42,No
58,4.9,5.1,6.7,5.06,No
100,5.2,2.5,7.5,8.93,Yes
60,4.5,2.1,5.7,5.64,No
75,4.0,,5.1,6.46,Yes
70,3.7,3.0,5.2,5.65,No
35,5.3,3.9,6.7,5.01,Yes
100,3.0,4.4,5.1,5.96,Yes
49,4.5,2.9,6.0,4.89,No
70,4.1,1.7,5.4,4.74,No
55,3.6,3.6,4.1,5.23,No
85,4.6,5.5,6.0,6.78,No
72,3.2,6.2,6.6,4.33,No
92,4.4,0.5,7.2,6.99,No
100,4.2,4.5,6.8,5.57,Yes
86,2.7,5.7,5.8,6.68,No
77,3.8,2.7,6.1,6.33,Yes
60,0.7,3.7,6.3,3.93,No
63,4.0,4.6,7.6,5.55,No
83,,4.7,7.6,4.96,No
70,5.0,2.7,8.4,5.76,No
93,0.8,5.6,6.5,6.32,Yes
93,2.7,3.4,7.9,6.3,No
75,4.8,2.6,6.3,4.77,Yes
57,3.8,,6.6,6.12,No
67,2.1,4.7,5.8,4.99,No
84,2.4,2.1,7.0,6.14,Yes
52,4.3,5.3,4.6,5.21,No
85,1.8,4.9,7.8,6.17,No
57,3.2,1.2,6.7,4.88,No
61,2.1,4.3,7.1,4.98,No
58,3.7,1.1,6.8,5.86,No
51,3.8,,8.0,5.63,No
91,2.4,6.2,7.0,6.63,No
75,1.7,3.5,5.1,3.87,No
57,2.2,2.6,5.4,5.67,No
62,1.1,1.8,6.4,5.59,No
91,0.9,5.4,5.4,5.67,No
66,4.4,5.3,5.3,6.29,No
81,3.6,3.8,5.6,5.84,No
66,2.0,4.0,6.6,5.48,No
82,5.0,4.0,7.9,7.21,Yes
58,3.9,4.0,8.0,5.86,No
55,3.7,4.7,7.3,5.07,No
68,4.6,2.6,6.1,6.07,Yes
80,4.4,1.2,6.4,7.2,Yes
63,4.0,5.5,6.6,4.79,No
66,2.9,1.8,5.7,4.95,No
72,3.0,4.5,7.0,5.43,No
61,0.4,4.1,7.3,4.25,No
59,3.5,3.1,5.8,5.45,Yes
72,3.9,2.5,3.3,6.24,No
89,2.9,3.9,4.9,4.82,No
59,0.0,5.5,7.3,5.5,No
65,0.0,1.5,4.8,4.63,No
76,0.0,3.5,6.9,4.21,Yes
73,0.8,6.2,6.0,4.02,No
91,3.2,4.7,7.9,6.46,Yes
69,3.0,1.7,6.6,5.65,No
49,3.0,2.3,4.2,4.54,No
52,2.5,5.0,6.4,4.38,No
89,1.8,1.6,6.5,4.9,Yes
51,2.2,3.1,6.3,4.74,No
67,2.7,2.5,5.4,5.94,No
53,4.0,3.4,6.9,5.07,No
70,4.1,4.8,6.2,6.03,No
74,3.1,3.3,7.4,4.94,No
74,0.2,2.8,6.3,4.25,No
68,2.7,3.8,6.7,6.09,No
49,3.3,3.5,6.1,5.1,No
61,1.7,2.2,6.1,4.78,No
60,5.9,2.9,7.1,6.77,No
84,2.0,1.0,6.9,7.04,No
61,2.4,2.7,6.2,4.63,No
41,2.6,5.6,5.9,4.37,No
82,1.1,4.4,7.3,5.9,No
77,0.4,3.0,5.2,4.59,No
60,2.2,4.8,6.3,5.5,No
51,0.0,5.6,5.4,3.98,No
63,3.3,3.5,,5.22,No
69,2.3,2.3,5.3,4.89,No
78,2.0,3.0,6.7,5.3,No
96,3.6,4.3,5.0,7.02,Yes
74,1.9,5.0,6.5,5.97,Yes
80,1.6,3.6,6.3,5.74,No
46,0.3,3.2,5.8,5.35,No
53,0.7,5.0,6.3,4.78,No
86,4.4,2.0,5.3,5.27,Yes
50,1.9,3.5,6.1,3.83,No
58,2.8,5.2,6.1,4.3,No
75,2.2,3.7,7.6,5.03,No
75,3.9,3.3,6.2,4.5,Yes
56,1.7,1.6,9.8,6.12,No
93,1.5,2.8,5.1,6.03,No
52,0.5,3.7,6.9,4.9,No
74,3.3,4.9,4.6,4.99,No
96,4.1,1.5,5.5,,Yes
75,3.8,2.5,7.3,4.9,No
45,4.4,3.0,7.3,5.62,No
84,3.1,4.0,6.4,6.12,Yes
67,3.8,2.3,5.4,4.93,No
80,4.2,2.7,7.5,7.49,No
91,1.4,5.8,7.9,5.21,No
45,4.7,3.8,5.4,5.22,No
76,3.6,2.9,6.5,6.49,Yes
88,4.4,4.3,7.2,6.02,No
75,4.1,1.3,6.5,6.14,Yes
92,0.6,2.9,6.0,5.19,No
73,4.1,2.4,6.4,7.0,Yes
95,3.4,2.5,5.6,6.51,No
45,2.3,2.3,3.6,4.35,No
83,3.8,3.2,5.5,4.8,No
32,3.9,3.2,7.4,6.01,No
75,5.1,2.8,5.0,7.18,Yes
52,5.6,0.9,6.9,5.04,Yes
82,3.8,2.3,7.0,6.81,No
63,3.7,2.6,9.3,6.68,No
71,4.1,1.4,6.4,6.14,No
60,2.2,5.6,7.9,4.88,No
97,4.5,1.2,6.8,7.18,Yes
66,2.1,5.9,4.3,4.95,No
57,2.7,0.8,5.5,5.08,No
47,2.2,1.6,6.7,4.81,No
56,1.9,3.0,8.6,4.74,No
54,4.5,5.1,7.3,4.23,No
70,3.2,2.3,6.2,6.41,No
65,3.7,7.0,6.9,4.61,No
37,3.7,1.6,5.7,5.11,No
63,1.4,4.1,6.4,4.96,No
35,1.1,3.8,5.2,3.99,No
82,5.6,2.1,6.6,6.39,No
66,1.9,1.5,7.6,5.29,No
50,3.5,3.6,8.3,4.82,No
66,2.7,3.7,9.7,6.07,Yes
84,2.9,1.4,9.2,5.09,Yes
66,4.0,4.4,5.2,5.02,No
71,1.6,4.3,9.0,5.2,No
82,2.4,4.7,7.6,5.3,No
61,4.9,2.0,7.7,6.72,No
56,3.0,7.0,8.0,4.44,No
56,5.0,2.9,5.4,6.48,Yes
82,4.0,3.2,7.7,6.25,Yes
73,4.1,1.9,,6.73,Yes
78,3.5,3.5,5.7,3.59,Yes
50,7.3,1.9,5.3,6.45,Yes
95,1.9,3.7,8.4,6.23,Yes
85,0.5,0.4,7.7,6.0,No
54,1.7,4.4,6.2,6.4,No
77,2.7,1.1,6.6,5.51,Yes
55,6.8,4.1,7.6,6.97,Yes
46,4.2,2.5,7.4,4.5,No
76,4.7,4.6,7.7,5.64,No
73,0.0,3.6,4.4,5.08,No
78,2.3,3.7,5.8,6.13,No
83,4.0,5.5,5.6,6.25,Yes
82,3.3,2.5,4.9,6.88,Yes
71,0.6,1.8,5.8,4.67,No
68,3.6,4.6,7.0,5.74,No
89,1.9,3.2,4.6,4.79,No
64,3.5,4.8,4.8,4.03,No
86,1.0,2.1,7.7,5.13,No
40,,1.7,6.4,5.96,No
61,4.9,4.0,5.6,5.49,Yes
69,2.4,2.1,7.3,4.86,No
79,5.1,2.0,6.0,7.04,Yes
82,1.2,4.3,7.2,5.03,No
85,2.4,2.6,6.0,5.92,Yes
73,3.7,4.0,6.7,7.2,No
67,2.0,0.6,7.5,5.31,No
87,2.5,1.4,6.7,6.07,No
72,1.2,3.7,6.6,5.21,No
88,0.5,2.8,8.1,6.72,No
77,3.5,,5.0,5.82,Yes
70,2.5,1.5,4.9,4.16,No
83,4.8,3.7,8.8,7.2,Yes
74,1.3,6.1,6.3,3.87,No
73,2.3,3.7,8.4,5.53,No
57,1.9,3.3,5.4,4.52,No
67,1.6,4.2,5.3,5.04,No
62,5.0,1.0,7.0,5.9,Yes
73,1.5,4.6,5.6,6.05,No
72,3.0,6.5,6.2,4.46,No
67,3.3,2.2,6.1,5.6,No
68,1.5,4.3,4.0,5.86,No
76,4.2,2.9,6.1,7.08,No
43,1.3,4.8,,4.47,No
48,4.7,4.1,6.7,4.37,No
67,2.0,2.0,5.2,6.44,No
88,3.6,5.5,6.5,5.66,Yes
91,6.2,4.0,7.2,6.58,Yes
47,4.5,2.4,5.7,5.75,Yes
100,1.1,2.0,6.6,6.23,Yes
56,0.0,1.8,7.6,4.84,No
55,5.1,3.5,5.6,5.27,Yes
35,3.3,3.7,5.7,5.78,No
60,5.3,0.8,8.4,6.41,No
64,4.3,3.4,8.0,6.37,No
93,3.0,2.4,7.4,6.27,No
82,4.9,2.4,8.0,6.46,No
86,2.5,3.1,7.7,6.07,No
98,5.6,5.0,7.7,7.63,No
100,2.3,6.7,6.6,5.94,No
99,2.4,2.1,6.3,5.89,Yes
75,3.9,3.4,6.5,5.35,No
63,2.5,2.5,5.0,5.49,No
85,4.2,4.3,7.5,6.35,Yes
58,2.6,2.7,5.1,4.1,No
79,3.7,4.4,7.1,4.08,Yes
66,4.9,3.1,6.2,5.06,No
61,3.2,2.3,,6.14,No
44,2.7,4.5,5.7,5.39,No
76,2.7,5.1,4.9,4.3,No
55,4.2,4.1,6.1,6.57,No
79,4.7,3.0,6.2,5.99,Yes
67,0.3,4.5,6.2,4.52,No
69,4.0,4.9,7.0,6.07,No
67,1.4,4.2,7.3,3.97,No
48,2.3,3.1,6.1,5.18,No
59,3.0,2.2,7.1,5.86,No
57,3.0,3.0,6.6,4.49,No
56,2.8,3.8,6.2,5.12,No
56,3.5,4.3,4.3,5.18,No
55,2.2,4.0,8.0,,No
58,3.8,2.5,8.5,4.92,No
59,2.7,4.6,7.7,4.41,No
78,3.5,4.2,6.2,6.21,No
72,2.3,4.8,4.8,4.78,No
55,1.7,4.8,6.1,5.59,No
63,1.4,4.8,7.1,5.5,No
42,2.4,4.9,6.0,4.19,No
72,1.5,3.3,7.3,5.39,No
66,4.4,8.0,6.8,6.91,No
56,3.7,3.2,7.8,5.3,No
100,1.3,4.9,5.6,5.09,No
66,0.4,6.1,8.0,4.08,No
76,4.2,3.8,,4.4,Yes
64,3.9,3.7,5.9,5.14,No
52,1.0,5.0,6.5,4.07,No
72,2.1,0.4,7.7,6.41,No
62,4.0,3.4,7.2,5.94,No
80,0.0,4.1,5.0,4.74,No
65,1.5,5.0,5.5,4.65,No
66,2.1,2.5,9.9,4.24,No
85,4.2,4.7,7.6,6.63,Yes
72,2.6,3.5,6.8,6.31,No
72,4.2,6.8,5.7,4.99,No
73,1.9,4.9,7.3,6.38,No
83,3.6,7.4,5.3,5.32,No
100,3.2,2.9,7.4,6.93,Yes
63,,2.1,7.4,5.25,No
68,2.3,,7.5,6.07,Yes
59,,1.4,9.2,6.56,No
65,3.0,2.7,7.0,4.91,No
75,3.6,4.6,5.8,6.38,No
77,4.2,2.5,4.6,5.81,No
86,2.7,3.7,8.6,5.49,Yes
64,0.0,3.3,6.1,4.81,No
75,1.2,1.7,6.5,6.2,No
56,0.7,7.0,4.4,4.56,No
58,0.8,3.1,6.0,3.83,No
83,2.8,5.0,5.9,6.11,No
65,3.6,4.0,8.7,7.36,Yes
59,1.1,0.9,6.5,3.94,No
46,4.1,2.0,6.6,,No
84,4.2,3.7,6.0,6.03,Yes
44,,2.7,7.8,4.82,Yes
46,4.4,5.4,4.1,5.32,No
78,4.5,0.5,6.1,6.77,Yes
66,3.3,5.0,6.6,6.03,No
75,1.6,2.9,7.3,6.04,No
65,2.6,0.6,6.6,5.37,No
83,4.6,2.7,7.5,7.22,Yes
88,2.7,4.2,6.3,5.58,No
89,3.3,2.9,6.6,7.07,No
66,4.3,4.1,6.9,6.4,No
53,3.2,6.0,8.4,3.89,No
69,2.6,,6.6,5.16,No
57,2.0,2.5,7.1,5.51,No
61,6.0,5.2,,6.07,Yes
98,3.5,3.2,7.4,6.4,Yes
82,1.3,,6.0,6.3,Yes
65,1.9,1.3,5.5,4.68,No
68,3.0,3.5,6.8,7.27,Yes
62,3.9,5.1,8.5,5.87,No
72,2.8,2.5,8.2,5.54,No
63,0.7,3.3,4.4,5.0,No
86,0.1,3.8,8.5,5.85,Yes
69,0.3,0.0,7.2,5.16,No
56,3.8,4.3,4.9,5.11,No
91,3.3,4.7,5.1,5.06,Yes
77,1.9,4.9,6.1,4.58,No
75,6.0,4.1,5.6,6.54,No
42,2.9,3.6,8.9,4.69,No
69,0.5,3.8,7.9,5.31,No
59,2.8,5.1,6.9,4.9,No
27,3.6,3.7,8.0,7.03,No
68,2.2,4.7,9.4,6.22,No
67,2.7,3.5,6.4,5.63,No
88,3.9,5.4,5.1,,Yes
61,3.3,3.1,8.2,5.68,Yes
57,3.9,5.5,7.6,5.53,No
59,4.1,1.5,6.8,4.74,No
73,0.7,4.0,5.8,5.01,No
87,3.9,5.4,7.2,5.8,Yes
69,3.9,4.2,5.2,5.68,Yes
61,3.4,4.2,7.3,5.23,No
67,3.5,4.4,4.6,5.55,No
79,1.6,3.7,5.2,5.41,No
87,5.3,3.1,7.5,7.68,No
87,3.9,4.3,4.0,6.04,Yes
68,4.0,4.5,7.2,4.37,No
76,5.1,2.4,7.0,6.64,No
82,4.3,4.6,5.1,6.85,Yes
68,4.3,3.4,7.1,6.51,No
80,0.0,2.2,6.1,4.91,No
81,0.0,5.2,5.9,,No
77,2.8,,6.1,5.68,No
82,3.4,5.1,5.0,5.4,No
100,3.5,2.8,7.5,6.97,Yes
57,3.4,5.7,6.0,5.71,No
89,3.4,3.5,4.6,4.19,No
72,3.2,4.6,6.8,5.04,No
69,1.9,2.4,7.9,6.33,No
61,0.9,4.5,3.7,4.85,No
74,2.8,4.5,7.1,5.08,No
62,2.0,3.2,7.5,5.66,No
67,2.4,2.1,5.6,5.96,No
48,0.5,4.5,,4.46,No
71,2.7,5.2,7.8,4.67,No
56,3.4,1.8,5.9,6.17,No
67,0.8,3.6,7.7,4.03,No
70,3.6,4.4,5.1,5.93,No
56,1.0,2.0,5.2,4.68,No
55,3.7,5.8,7.9,6.9,No
63,1.8,5.1,6.1,4.44,No
59,4.6,4.6,7.3,4.29,Yes
71,1.8,4.1,4.8,5.04,No
67,1.4,2.6,7.2,6.0,No
83,2.9,,5.9,6.6,No
71,3.5,1.3,6.1,5.36,No
74,4.4,2.6,4.7,6.83,No
68,3.9,4.2,7.6,6.21,Yes
46,1.5,3.8,5.4,3.39,No
68,3.4,2.8,5.6,5.38,No
39,1.2,3.8,6.9,3.89,No
62,4.5,4.5,7.1,5.73,No
78,5.0,2.2,8.2,6.16,Yes
52,3.2,5.8,,5.29,No
37,2.5,3.4,6.1,5.44,No
58,5.3,3.8,4.2,6.24,No
72,5.0,3.2,4.6,6.75,Yes
63,0.0,3.8,6.3,5.26,No
50,3.7,0.6,6.6,6.8,Yes
62,2.6,3.0,7.1,4.95,No
77,0.7,2.3,8.8,6.78,No
64,5.3,4.0,6.2,6.79,No
82,1.6,3.4,4.1,6.04,No
61,4.3,2.1,6.4,6.18,No
47,2.0,2.5,5.6,5.04,Yes
95,1.1,2.8,9.0,6.13,No
75,3.1,4.0,,5.19,No
90,0.5,4.4,5.3,4.52,No
68,6.0,1.8,4.8,6.13,No
65,3.9,5.2,5.3,4.61,No
91,2.0,4.2,6.6,6.24,Yes
93,2.7,3.0,6.1,5.36,No
50,1.5,2.8,6.5,5.38,No
60,3.4,4.0,,4.81,No
56,0.8,4.7,5.7,5.09,No
79,0.6,6.0,4.9,5.86,No
58,3.3,3.8,7.1,7.38,No
77,5.3,5.6,6.9,5.45,No
82,1.6,5.2,6.3,5.0,No
98,1.8,5.0,7.9,6.86,No
53,2.3,3.8,7.3,4.72,No
87,2.1,3.8,5.3,6.13,No
66,2.5,4.8,6.6,4.89,No
98,3.5,3.1,4.8,7.48,No
85,2.5,6.1,6.2,4.81,No
84,0.4,4.7,7.3,5.86,No
58,2.4,1.5,5.9,6.4,No
67,3.5,2.6,6.2,6.89,No
76,1.7,4.7,6.9,6.82,No
61,3.7,5.6,7.1,3.51,No
80,4.4,5.7,6.4,5.03,No
97,3.4,3.7,8.0,5.65,Yes
60,1.7,3.8,7.0,5.26,No
59,5.1,3.9,,5.34,No
61,4.5,5.5,10.0,5.48,No
92,3.3,2.1,5.4,5.62,No
67,2.4,4.7,7.9,4.77,No
94,4.5,6.2,6.8,,No
81,3.4,4.8,9.2,5.39,No
76,4.4,3.0,5.7,6.46,No
98,2.5,4.0,7.0,5.49,No
58,2.3,5.1,7.8,5.46,No
43,0.4,2.5,8.2,5.37,No
59,5.3,2.5,6.2,5.81,Yes
67,4.9,0.0,7.4,5.73,Yes
74,2.0,5.7,5.9,6.07,No
81,3.2,4.6,6.2,5.85,No
75,4.0,4.6,5.6,5.31,No
77,3.9,2.9,5.1,5.55,No
69,3.4,1.5,5.8,5.13,Yes
79,2.3,2.4,6.7,4.81,Yes
74,2.5,2.0,7.3,6.06,Yes
89,3.0,5.6,5.5,6.25,No
78,2.4,0.4,7.4,5.4,No
81,5.8,3.6,8.6,6.92,Yes
100,2.8,3.5,7.8,7.0,Yes
65,2.8,5.3,7.7,4.41,No
85,2.5,1.7,6.7,6.18,Yes
71,1.3,0.9,4.8,5.03,No
66,4.2,8.0,7.6,5.46,No
68,0.4,4.1,8.0,4.35,No
81,3.5,1.7,3.5,7.25,Yes
67,1.0,4.4,,3.64,No
44,3.7,1.2,5.7,4.29,No
63,4.6,3.7,4.8,4.58,No
91,3.9,6.2,5.2,5.93,Yes
80,1.9,1.7,8.5,5.94,Yes
36,1.5,4.2,7.3,6.01,No
59,2.8,3.0,6.6,4.04,No
53,1.3,1.9,6.5,5.54,No
42,1.9,1.9,8.6,4.6,No
69,2.3,3.2,6.0,5.5,No
88,3.8,4.6,5.3,6.57,No
55,6.3,3.2,7.8,5.9,Yes
61,3.3,1.9,5.3,4.77,No
65,2.1,3.4,3.9,4.73,No
43,,0.3,6.5,7.34,Yes
100,4.5,1.1,4.9,7.34,No
82,4.2,5.1,7.4,5.8,Yes
72,4.6,2.0,,6.1,Yes
59,5.7,5.1,6.6,6.11,Yes
50,0.0,7.0,6.4,3.59,No
58,2.8,3.8,6.4,4.88,No
86,1.3,3.9,6.3,5.63,No
60,3.8,4.6,7.2,5.37,Yes
68,3.6,3.6,5.1,6.11,No
70,3.6,5.2,8.1,4.96,No
100,2.3,4.2,6.5,5.22,No
61,3.5,3.8,8.0,4.32,No
53,3.7,3.2,7.6,5.59,No
42,2.4,6.5,5.8,4.7,No
60,1.4,1.3,7.6,6.12,Yes
100,5.2,6.4,5.4,5.64,Yes
78,4.2,4.1,5.8,5.77,No
92,0.0,2.7,4.2,5.62,No
76,1.3,2.2,8.3,5.11,No
64,2.3,3.2,8.0,5.62,No
80,4.0,5.0,5.1,5.78,No
55,0.0,4.7,6.4,4.95,No
79,1.1,3.3,7.1,5.06,Yes
85,2.6,2.1,6.9,6.22,Yes
84,3.2,1.1,5.4,6.91,Yes
66,2.0,3.3,7.3,5.37,No
88,3.5,3.7,8.4,6.35,Yes
53,2.2,5.6,8.4,4.74,No
80,0.7,0.6,6.9,5.31,No
74,3.5,5.0,6.8,5.51,No
59,4.0,4.6,4.6,5.09,No
53,4.4,2.6,5.3,6.21,No
68,1.1,1.1,6.0,4.96,No
71,3.8,3.8,8.4,5.87,No
60,3.5,5.8,6.6,4.85,No
50,5.7,0.4,4.8,4.86,No
82,1.4,6.4,5.3,5.09,No
84,3.1,6.3,8.0,5.21,No
100,2.9,3.8,6.2,6.55,Yes
59,0.5,1.6,5.0,5.21,No
70,5.1,4.7,6.1,6.51,Yes
84,1.6,0.6,5.9,6.77,Yes
85,1.8,1.8,5.7,6.57,Yes
75,2.7,4.6,8.4,4.94,No
80,1.8,3.9,8.9,5.77,No
60,3.9,2.1,5.3,4.92,No
71,3.0,4.7,5.3,3.61,No
56,0.0,4.1,4.0,4.63,No
80,0.3,,6.7,5.03,No
86,3.7,3.0,8.5,5.94,Yes
100,1.9,3.2,7.1,5.8,No
92,2.9,0.0,7.7,6.16,Yes
44,3.5,4.8,7.5,5.28,No
54,1.3,4.4,6.4,3.53,No
92,1.0,2.8,7.1,4.69,No
78,3.9,3.6,6.4,5.41,No
71,2.4,3.0,6.1,5.68,No
69,4.8,5.3,7.3,5.17,No
55,3.9,2.4,7.6,4.4,No
40,3.5,4.5,6.4,4.72,No
56,5.9,2.9,6.5,7.65,Yes
66,2.1,4.4,7.0,4.53,No
73,2.3,2.8,7.0,5.05,No
65,4.0,3.1,5.8,6.61,No
50,2.9,1.8,4.9,5.5,No
61,1.9,4.1,5.1,5.0,No
71,2.0,2.9,6.1,5.4,No
73,1.0,4.6,7.2,4.08,No
63,3.1,5.5,6.5,5.01,No
64,4.0,3.7,5.6,6.42,No
82,2.9,1.5,6.5,5.58,Yes
73,4.2,2.4,4.9,4.96,No
64,2.9,5.0,5.8,,No
75,2.6,4.2,8.0,5.91,No
39,3.5,2.2,8.2,5.87,No
65,2.6,5.7,9.1,5.72,No
67,2.9,5.0,7.0,5.92,No
69,2.9,5.0,6.4,4.73,No
56,1.0,3.0,6.2,5.32,No
79,3.4,7.1,6.4,5.37,No
51,1.3,3.4,5.5,4.36,No
44,2.4,4.4,6.5,5.54,No
67,6.1,3.8,6.7,6.81,Yes
61,4.6,0.4,5.5,6.08,Yes
50,1.9,,,4.29,Yes
76,1.6,4.1,6.2,4.1,Yes
69,2.4,5.0,5.7,4.73,No
84,3.3,0.5,7.3,6.48,No
74,0.3,3.0,4.6,5.22,No
68,2.4,5.2,4.8,5.03,No
52,4.8,1.9,4.1,4.83,No
52,2.5,3.7,4.7,4.23,No
64,1.5,3.4,9.6,5.04,No
63,1.2,3.3,8.7,5.53,No
81,1.2,1.9,5.9,4.67,No
81,4.9,4.5,6.0,6.07,Yes
46,3.3,2.7,5.9,5.36,No
52,2.9,3.1,5.8,3.69,No
44,4.3,,8.1,5.49,No
59,4.2,2.9,7.1,4.9,No
86,2.9,4.7,5.5,5.77,No
75,3.8,1.9,6.6,5.06,Yes
72,1.1,5.6,9.2,3.92,No
68,2.9,2.4,6.7,,No
59,2.8,2.4,8.5,6.36,No
82,0.9,3.2,7.1,5.2,No
78,2.4,3.3,7.6,5.01,No
84,6.0,7.0,5.2,5.32,Yes
55,3.7,2.6,8.0,6.13,Yes
65,2.9,3.4,5.3,5.87,No
50,1.4,3.2,8.3,4.37,Yes
57,5.6,3.4,6.4,5.34,No
58,4.5,6.0,4.3,4.19,No
77,4.0,3.6,6.5,6.77,No
76,2.4,2.2,8.2,6.25,No
87,0.0,1.6,5.9,5.15,Yes
36,5.0,6.5,8.9,5.65,No
65,5.1,3.8,6.7,6.05,No
100,3.0,4.5,9.4,6.81,Yes
78,1.0,4.2,6.2,5.29,No
66,3.5,3.0,6.8,5.8,Yes
81,2.7,3.1,6.5,5.91,No
57,5.4,2.9,6.8,5.49,No
53,3.0,2.3,6.3,6.19,No
69,2.8,3.2,6.0,5.84,No
74,2.3,,6.5,6.77,No
80,2.5,0.0,6.3,6.57,No
81,1.3,4.3,5.7,3.92,Yes
57,4.5,2.4,6.5,5.19,No
75,1.1,5.8,7.9,4.82,No
84,2.8,5.4,6.7,5.63,No
82,3.5,3.8,7.4,6.74,No
79,0.6,0.0,6.2,5.41,No
77,2.1,5.2,8.1,5.13,No
76,3.3,3.8,6.3,6.42,Yes
69,2.9,1.9,6.2,6.33,Yes
96,3.0,5.2,6.9,,No
82,0.9,0.0,,5.72,No
65,1.1,3.1,7.9,5.65,No
44,3.9,6.0,5.5,6.03,No
100,4.5,4.6,8.1,,Yes
57,4.7,3.8,6.2,7.06,No
48,2.9,3.4,6.9,3.58,No
84,3.9,3.6,4.1,7.69,No
70,0.7,,6.0,3.51,No
78,1.1,0.0,7.7,6.54,No
51,2.4,4.3,8.1,4.89,No
82,2.8,3.4,8.1,5.93,Yes
92,2.3,3.8,8.0,5.18,Yes
69,2.5,0.7,5.6,6.18,No
61,1.1,4.0,9.4,5.07,No
57,2.1,2.1,7.4,4.35,No
81,1.0,5.1,5.6,5.69,No
86,4.7,2.6,6.2,7.07,No
64,1.4,0.6,5.3,4.94,No
62,4.0,1.3,8.1,5.74,Yes
70,2.9,2.3,7.5,5.98,Yes
66,3.8,5.0,6.8,4.98,No
49,3.1,2.8,7.0,4.78,No
41,2.3,4.6,7.8,5.02,No
65,2.4,1.9,6.6,5.57,No
58,4.4,4.8,4.6,6.14,No
79,1.9,4.7,8.0,7.05,Yes
55,2.6,4.3,4.4,4.53,No
32,5.5,3.0,7.6,5.5,No
65,2.6,3.0,7.6,5.94,Yes
80,3.0,2.4,6.3,6.51,Yes
96,0.4,4.3,5.8,5.43,No
100,2.6,3.7,5.0,5.53,Yes
62,2.8,5.1,6.0,5.71,No
55,2.6,1.1,4.3,4.58,No
70,3.7,3.6,6.4,5.68,No
76,2.8,4.7,7.6,5.62,No
61,1.9,3.5,4.2,5.29,No
62,,2.5,6.2,4.5,No
87,3.7,3.7,7.9,6.72,Yes
53,1.0,4.6,8.2,4.36,No
69,2.6,4.4,6.7,5.44,No
85,3.1,4.7,4.2,5.81,No
85,5.0,2.7,5.1,6.49,No
85,5.3,3.4,5.0,6.0,Yes
100,3.7,5.6,7.6,6.28,No
77,2.9,0.8,7.5,5.81,No
67,4.8,7.1,5.8,5.86,No
54,4.5,1.5,7.1,6.52,No
60,3.6,3.1,5.0,6.15,No
37,4.2,2.2,6.1,5.43,No
73,2.4,4.0,6.3,5.42,No
74,0.9,3.9,6.5,4.79,No
65,4.3,,5.0,5.04,No
55,2.6,3.8,7.0,5.32,No
70,3.1,2.8,4.4,6.24,No
67,3.2,3.9,5.0,,Yes
59,4.4,4.7,5.6,4.66,No
70,2.0,2.9,7.6,4.46,No
83,0.8,3.4,7.0,5.19,No
63,3.4,3.5,5.3,5.55,No
61,4.8,4.1,6.8,,No
64,0.9,,7.7,5.16,No
64,3.3,4.9,8.9,5.45,No
76,3.4,2.0,7.2,5.74,No
76,5.7,3.1,7.2,7.22,No
76,3.8,2.9,5.2,5.88,Yes
68,1.4,,6.8,4.14,No
72,3.6,3.8,6.6,5.58,No
44,3.2,3.5,5.9,4.9,No
55,3.5,5.3,4.7,5.19,No
69,0.5,4.9,5.4,4.58,No
71,1.2,2.0,5.6,5.23,No
83,1.4,2.2,7.7,5.2,Yes
62,5.8,4.6,6.0,6.2,No
42,3.1,1.1,5.8,4.72,No
77,1.6,3.8,4.5,6.39,No
41,3.4,4.1,6.8,5.16,No
63,3.3,4.9,7.6,5.02,No
44,3.7,1.5,4.3,4.04,No
98,1.4,3.2,6.0,6.71,No
51,3.4,1.9,6.7,4.35,No
70,2.4,3.0,8.4,4.57,Yes
67,1.9,4.2,5.7,5.92,No
44,4.9,2.3,7.9,5.22,No
91,5.0,3.7,5.6,7.26,Yes
79,3.4,3.2,7.9,5.74,Yes
62,,1.3,5.6,4.91,No
50,3.2,3.1,6.5,5.14,No
53,0.0,4.5,7.2,2.86,No
43,5.3,4.8,3.7,5.37,No
65,5.4,6.6,3.4,5.7,No
73,5.3,3.4,7.5,6.01,No
88,1.7,1.8,7.8,5.68,No
82,3.0,2.9,8.1,4.7,Yes
82,4.9,2.3,7.4,6.78,Yes
76,0.8,3.2,,5.97,No
74,3.3,3.1,6.2,4.95,Yes
67,2.3,5.6,6.3,5.54,No
80,0.0,1.3,6.8,5.26,No
60,3.8,3.9,4.1,5.11,No
68,3.3,1.9,6.7,4.79,No
72,3.1,4.2,6.7,6.48,No
81,1.3,4.7,6.6,5.88,Yes
62,4.7,5.0,4.1,5.23,Yes
95,3.6,2.0,7.0,6.1,No
100,3.7,4.7,5.4,6.36,Yes
46,4.4,2.5,7.0,5.48,No
77,3.9,4.1,8.4,5.57,No
88,2.0,2.4,6.6,5.14,Yes
61,3.8,3.6,5.7,4.63,No
79,3.1,3.9,4.7,6.24,No
60,3.1,5.8,6.9,4.73,No
60,3.9,0.7,6.6,5.68,Yes
68,1.5,5.9,6.1,4.53,Yes
54,0.0,2.4,6.0,4.68,No
66,2.5,2.4,6.3,6.89,No
54,0.5,2.2,5.8,4.92,Yes
70,2.4,6.7,5.4,5.33,No
70,0.5,3.6,5.7,3.63,No
73,3.1,2.9,7.4,6.46,Yes
76,2.8,2.4,4.9,6.22,Yes
73,2.9,3.3,7.1,6.09,No
82,3.9,0.8,6.7,6.47,Yes
61,4.7,3.4,6.3,7.3,Yes
84,2.1,4.1,6.3,6.01,No
76,3.3,3.1,6.5,5.22,No
68,3.3,5.1,5.7,4.23,No
61,0.8,2.6,5.0,4.71,No
46,4.3,,7.3,5.08,No
52,1.6,2.0,5.3,6.38,No
94,1.9,5.0,,4.89,No
52,2.5,2.1,7.3,5.28,No
59,1.4,5.6,5.1,6.15,No
66,1.7,2.5,7.5,5.79,No
70,3.7,4.5,4.0,5.9,Yes
63,1.2,2.4,7.7,5.74,No
79,4.4,1.8,5.9,6.08,No
73,1.6,3.7,7.4,5.28,No
78,4.2,1.5,6.9,6.43,Yes
90,3.6,6.9,7.2,6.54,No
73,1.4,3.9,5.1,5.39,No
66,1.6,3.5,9.4,4.73,No
36,3.9,0.0,7.5,6.7,No
100,4.6,3.9,7.8,6.39,Yes
95,3.0,4.6,7.7,6.97,No
88,4.7,2.6,6.9,6.49,No
72,4.8,3.3,6.8,7.0,Yes
68,1.7,4.0,7.5,4.92,No
69,5.0,5.8,,6.09,Yes
75,4.0,1.7,5.6,5.49,Yes
82,1.7,5.2,7.7,5.09,No
58,2.1,4.6,6.0,5.33,No
64,4.7,1.5,6.0,5.44,No
65,5.3,0.7,3.6,6.28,No
78,2.7,2.1,7.2,6.75,Yes
84,6.5,2.8,6.4,6.8,Yes
89,5.3,1.5,7.1,7.15,No
73,4.1,4.0,6.5,5.37,No
97,3.9,1.8,7.6,6.37,Yes
71,3.9,,6.8,6.43,Yes
96,0.7,3.0,7.5,5.88,No
84,2.1,3.1,7.3,6.19,Yes
64,3.0,5.2,6.9,6.03,No
100,2.5,5.1,5.9,5.99,No
48,4.0,4.6,7.9,5.53,Yes
92,3.3,1.7,5.6,5.17,No
67,3.9,1.8,5.9,5.93,No
42,2.7,2.6,5.8,6.25,No
100,5.0,6.3,8.1,6.01,Yes
75,3.4,1.6,5.2,5.61,Yes
66,2.7,4.4,6.4,5.04,No
66,4.0,,6.1,5.7,No
86,4.2,4.4,5.5,6.79,Yes
71,3.2,2.3,5.3,7.83,No
100,0.8,4.2,7.6,4.69,No
63,4.5,2.1,7.3,4.97,No
53,0.6,2.5,6.4,6.09,No
75,1.0,3.3,6.2,5.59,No
76,3.2,2.4,5.9,5.65,Yes
55,2.4,1.9,4.9,3.96,No
50,3.2,2.8,7.1,6.03,No
57,5.2,3.8,5.5,5.26,No
64,3.7,0.0,3.9,6.78,Yes
59,1.9,3.8,5.2,4.14,No
90,4.3,0.9,7.3,6.26,Yes
66,1.0,4.0,7.0,5.22,No
91,2.1,6.8,6.3,5.49,No
37,3.0,3.2,7.6,4.47,No
77,,3.8,5.4,5.07,No
73,4.1,1.8,7.0,6.94,Yes
88,3.1,3.2,7.5,4.79,Yes
69,3.5,1.0,5.1,,Yes
55,3.2,5.2,5.5,5.28,No
73,4.5,,9.0,6.5,Yes
73,1.6,3.2,5.6,5.28,No
60,0.6,6.1,6.3,4.67,No
67,4.2,3.2,6.3,5.57,No
64,2.0,3.3,6.6,4.34,No
95,1.6,4.0,5.9,6.7,Yes
68,3.3,5.7,5.7,,Yes
69,3.4,3.0,9.6,4.49,No
66,4.7,6.0,5.8,5.69,No
65,3.2,4.1,6.9,6.91,No
73,3.1,,5.9,5.04,No
59,2.0,4.8,6.6,5.87,No
68,5.3,3.8,8.0,6.86,Yes
47,4.7,3.1,6.0,4.6,No
73,0.4,3.2,5.4,4.56,No
73,5.1,2.3,6.6,6.69,No
53,2.2,2.0,9.7,5.42,No
79,4.6,2.9,3.5,5.96,Yes
64,3.6,3.0,8.5,6.58,No
91,4.5,2.6,5.1,6.85,No
66,4.4,2.0,5.5,5.33,No
90,3.7,4.5,6.5,5.34,Yes
79,4.1,6.0,6.6,5.58,No
52,1.8,6.5,8.2,4.64,No
62,7.7,4.5,4.5,6.49,No
94,2.0,1.2,7.8,4.94,Yes
83,3.6,6.2,6.8,5.32,No
55,3.2,4.4,7.2,4.71,No
77,3.6,4.9,,5.16,No
60,1.4,5.6,3.8,6.14,No
65,3.0,5.8,7.7,4.06,No
91,1.8,3.6,4.8,5.67,Yes
77,0.5,2.2,5.8,4.78,No
52,2.4,5.4,7.8,4.77,No
71,5.7,0.0,4.8,7.89,Yes
87,2.2,2.1,5.9,5.14,No
75,3.7,6.2,8.3,6.31,No
69,3.8,2.5,6.4,5.89,No
62,4.3,6.0,6.7,5.82,No
70,3.3,2.4,6.0,5.92,No
25,4.3,1.6,5.9,,No
71,3.7,3.9,7.5,5.96,No
54,5.4,4.7,5.7,4.29,No
52,1.8,2.8,6.6,5.35,No
74,4.5,,8.4,5.2,No
73,3.5,4.0,6.0,5.99,No
67,2.2,4.0,5.1,5.71,No
68,3.0,7.9,7.8,6.12,No
60,5.7,2.6,7.9,7.21,Yes
43,2.9,4.1,5.0,4.59,No
68,4.4,2.6,7.7,6.58,No
78,3.4,1.8,7.7,6.32,No
53,5.1,3.3,3.5,6.05,No
62,2.8,1.0,6.6,5.84,No
68,4.6,4.2,6.9,6.28,Yes
67,2.5,4.1,6.9,7.1,No
69,3.4,2.7,8.7,5.27,Yes
70,1.3,3.2,7.7,5.48,No
55,1.6,5.4,7.2,4.78,No
77,3.1,,6.3,6.5,Yes
63,2.9,2.0,9.3,6.33,No
80,0.6,2.5,7.1,6.63,No
72,3.4,5.1,6.8,4.93,No
75,3.3,6.2,4.8,4.01,No
84,1.6,3.8,6.1,4.97,No
76,4.5,,6.2,5.39,Yes
81,3.1,3.2,8.0,4.45,No
93,1.6,,6.6,5.79,Yes
51,4.2,2.0,5.8,5.36,No
60,0.1,3.5,6.9,4.76,No
62,,3.1,8.2,5.62,No
89,0.9,1.2,8.4,5.56,Yes
69,3.4,3.9,6.9,5.5,No
59,4.0,1.7,5.8,5.89,Yes
55,1.7,0.0,5.6,4.81,No
80,3.6,3.3,6.3,5.1,Yes
74,5.1,2.5,6.2,5.26,Yes
48,2.1,2.6,6.1,4.79,No
60,0.9,4.7,7.4,4.77,No
40,6.5,1.0,7.4,8.24,No
82,,5.7,6.5,6.99,Yes
70,1.2,4.1,5.5,5.96,No
67,2.2,5.1,7.8,4.0,No
48,0.0,2.0,7.9,3.94,No
60,1.4,6.6,5.5,4.87,No
79,3.2,2.8,8.7,5.45,No
65,3.4,3.0,7.4,6.33,No
62,0.4,3.9,6.3,4.73,No
94,3.7,3.7,6.2,6.25,Yes
45,2.4,4.2,6.7,4.28,No
60,3.5,3.8,7.6,4.94,No
57,5.1,0.8,9.0,5.73,Yes
78,4.2,4.6,6.5,5.52,Yes
74,3.0,4.3,6.6,5.11,Yes
68,2.5,1.9,8.2,5.41,No
53,1.6,1.6,7.5,4.99,No
73,1.0,4.1,7.5,5.61,No
42,1.7,4.1,8.1,4.61,No
64,4.2,5.2,7.3,5.45,No
61,2.6,5.2,7.5,4.78,No
83,0.4,6.3,5.4,5.77,No
78,2.1,2.7,6.1,6.26,No
78,4.8,1.9,6.8,6.36,No
72,2.5,1.3,4.8,5.71,No
88,0.8,2.4,,5.51,No
81,3.5,5.0,7.3,6.15,No
54,3.3,1.1,4.9,5.33,No
63,2.0,1.4,8.3,6.93,No
79,3.5,2.3,5.8,6.09,Yes
73,3.4,3.8,6.7,6.09,No
69,3.1,4.6,6.3,6.3,No
75,5.0,3.4,6.7,7.02,Yes
41,3.4,2.3,6.0,4.79,No
76,2.9,4.8,8.0,4.93,No
87,3.2,2.9,7.0,6.04,Yes
81,3.3,0.0,4.8,5.28,Yes
100,3.6,4.6,7.6,6.87,Yes
76,2.9,4.6,6.4,5.21,No
67,5.2,5.1,7.8,6.32,No
93,1.5,2.1,7.1,5.91,Yes
56,4.3,4.1,6.5,5.01,No
62,2.2,5.4,5.8,5.44,No
68,3.0,5.4,5.4,4.28,No
57,,2.7,5.9,5.64,Yes
80,3.9,1.7,5.7,6.1,Yes
83,3.1,1.6,4.4,4.71,Yes
62,2.9,0.0,6.1,5.75,No
74,1.3,3.6,6.5,5.58,No
74,5.0,1.3,7.3,5.97,No
75,3.2,5.2,7.2,6.48,No
66,3.7,1.3,5.6,6.06,Yes
59,5.0,3.7,8.2,5.11,No
91,2.5,0.7,7.2,7.07,Yes
58,1.3,4.6,6.4,5.69,No
64,2.0,5.9,7.6,6.1,No
84,1.3,5.0,6.4,5.52,No
69,5.6,4.9,8.6,6.0,No
100,,4.8,8.1,6.83,No
55,0.2,5.2,5.7,5.75,No
58,0.9,2.9,7.6,4.84,No
66,6.1,0.0,5.4,7.53,Yes
82,3.4,3.9,6.6,6.48,No
71,4.3,3.2,7.4,6.89,No
78,1.1,4.6,6.7,6.02,No
94,4.6,5.1,6.6,6.36,No
37,1.1,4.2,8.0,3.71,No
44,2.6,0.0,8.2,5.4,No
60,3.4,1.1,7.4,4.74,No
67,3.0,3.4,5.0,5.25,No
50,3.3,4.5,5.2,4.27,Yes
89,1.8,2.3,6.0,4.42,No
71,2.7,2.9,7.0,4.55,No
89,1.4,5.0,7.1,4.14,No
68,5.1,3.4,4.8,5.56,No
68,2.8,5.5,5.3,5.03,Yes
54,1.4,3.4,6.2,5.59,Yes
69,5.7,2.9,6.5,6.23,Yes
87,2.3,1.5,6.9,6.34,Yes
78,4.1,1.8,7.3,6.92,No
79,2.2,,7.7,,No
62,3.1,6.3,5.8,4.88,No
55,4.0,7.1,6.2,4.97,No
60,2.7,3.0,5.9,5.9,Yes
77,3.8,5.4,6.7,5.92,No
53,4.7,4.5,5.7,4.1,No
66,1.6,2.7,6.1,5.11,No
58,,2.0,8.5,4.39,No
55,2.4,4.1,7.3,5.69,No
83,4.3,1.5,7.2,5.72,Yes
70,2.2,7.0,6.4,4.36,No
85,4.7,4.0,7.8,7.04,Yes
64,3.9,5.1,6.8,6.02,No
85,4.0,3.2,7.2,6.05,No
80,2.8,5.7,8.3,5.31,No
58,2.0,5.4,6.1,3.75,No
85,2.7,4.1,5.1,5.17,Yes
58,3.0,0.8,7.5,5.22,No
90,3.0,1.7,5.9,6.81,Yes
92,3.1,4.3,7.0,6.89,No
74,2.5,5.4,6.8,4.77,Yes
68,2.4,4.6,8.0,5.33,No
54,4.7,4.5,5.8,5.62,No
100,1.6,5.0,7.1,4.7,No
48,2.7,4.1,7.0,4.06,No
49,5.3,4.3,7.8,5.24,No
58,2.8,5.9,5.0,5.33,No
76,4.3,3.5,7.6,6.81,Yes
33,2.2,5.9,8.6,3.87,No
56,1.5,0.3,6.4,5.19,No
67,5.7,3.2,7.1,6.37,No
96,1.5,2.8,5.6,5.37,Yes
64,3.0,4.7,6.3,3.46,No
66,5.3,2.3,8.4,6.76,Yes
89,1.3,2.4,8.5,6.6,No
66,4.0,1.9,7.3,4.84,Yes
47,3.8,4.4,6.2,4.3,No
76,3.0,4.1,6.3,5.85,No
42,,4.6,5.0,5.53,No
70,3.4,2.8,4.9,5.27,Yes
83,,4.0,7.0,5.19,No
63,1.7,2.5,6.3,5.12,No
61,2.9,4.0,8.1,5.37,No
85,3.9,5.6,3.5,6.74,Yes
68,4.3,3.3,7.2,5.91,Yes
62,4.1,2.8,8.0,4.68,Yes
72,0.5,3.3,7.0,5.59,No
93,2.9,4.0,5.0,5.61,Yes
60,1.8,4.5,5.2,4.19,No
68,0.8,3.4,5.6,4.8,No
39,2.1,3.3,5.7,3.73,No
87,2.4,4.9,6.0,,No
57,1.6,3.0,5.6,5.6,Yes
74,3.0,3.7,6.3,5.46,No
94,4.1,3.2,6.5,6.38,Yes
72,3.7,3.4,7.2,5.52,No
90,2.3,4.0,6.0,5.62,No
86,4.2,3.9,4.5,6.35,Yes
75,2.1,2.9,7.0,4.54,No
36,5.4,4.6,5.0,5.35,No
33,3.3,3.1,6.3,5.36,No
89,4.3,3.2,5.6,5.0,Yes
75,2.3,4.6,6.7,6.28,Yes
75,2.6,4.4,5.9,6.24,No
63,3.2,3.7,9.3,5.76,No
63,2.8,3.7,7.3,5.77,No
67,2.4,3.3,5.9,6.19,No
63,1.0,3.4,4.8,4.63,No
75,2.1,2.6,7.5,5.78,No
80,1.3,7.9,5.5,4.67,No
55,0.4,4.6,4.0,3.66,No
81,3.3,2.9,5.8,5.87,Yes
71,1.9,4.2,6.1,4.82,No
68,4.8,1.0,6.4,6.19,No
73,1.9,2.8,8.7,4.3,No
54,1.7,5.5,6.8,4.74,No
60,4.5,6.6,6.7,5.28,No
34,3.9,2.6,6.9,5.39,No
75,4.5,4.3,6.2,6.67,Yes
69,2.6,2.7,6.5,5.68,No
67,0.6,5.1,6.6,3.26,No
67,3.9,1.3,6.0,6.62,No
76,4.4,4.1,7.3,6.58,Yes
59,2.6,1.6,6.6,5.14,Yes
73,5.4,3.4,7.1,6.81,Yes
85,3.8,3.1,5.4,6.56,No
41,,3.7,6.6,5.23,No
66,3.9,5.7,8.0,5.21,No
57,1.7,4.4,6.7,4.21,No
86,3.2,3.7,8.7,5.66,No
75,1.0,3.7,7.7,5.43,No
80,3.3,3.9,6.9,5.55,No
80,3.3,4.8,6.7,6.54,No
95,3.3,4.2,5.8,4.38,Yes
74,2.8,5.6,8.7,4.71,No
57,1.6,2.1,8.1,3.59,Yes
76,6.1,3.4,7.2,6.22,Yes
63,1.6,3.5,5.3,5.84,No
75,1.3,3.2,6.7,5.66,No
70,2.9,3.5,8.0,4.94,No
56,2.8,4.2,8.9,5.74,No
66,3.3,2.1,9.9,6.06,No
44,4.1,0.2,6.5,5.81,Yes
64,,4.1,7.8,5.15,No
67,5.0,2.4,5.8,5.98,No
50,2.5,1.7,,4.23,No
63,0.7,3.3,4.7,5.16,No
98,3.7,6.1,7.1,5.24,Yes
77,2.8,5.9,8.6,,No
50,3.2,3.3,6.5,4.45,No
63,4.3,1.5,5.2,6.44,Yes
54,4.9,5.0,6.3,5.08,No
82,1.7,6.5,6.6,6.35,No
57,0.0,6.1,6.5,3.74,No
62,2.5,3.5,7.9,4.94,No
84,2.1,4.3,9.6,5.68,Yes
74,2.6,4.2,7.9,5.72,No
67,0.7,3.9,5.7,5.11,No
70,2.4,2.6,4.9,5.98,No
59,1.8,2.0,5.3,3.68,No
93,1.5,4.9,8.5,5.16,No
54,0.4,3.9,5.9,4.98,No
76,2.3,4.3,5.9,4.67,No
79,4.7,2.9,,6.51,No
94,2.5,2.6,4.4,5.14,No
67,0.2,0.9,6.1,5.24,No
54,5.4,0.8,6.8,6.1,No
75,0.3,5.0,9.0,,No
56,2.8,6.3,8.3,5.33,No
59,2.0,3.6,7.4,4.44,Yes
49,2.0,3.6,7.9,5.31,No
57,2.2,2.5,6.1,4.83,No
66,3.8,1.9,6.7,6.06,Yes
54,,2.6,5.4,6.04,No
61,4.3,5.8,6.2,6.48,No
80,6.5,6.7,6.2,7.07,Yes
74,4.0,1.7,7.4,5.78,No
82,4.0,4.7,6.1,6.73,No
81,2.5,5.5,7.4,5.78,No
72,4.3,2.9,7.8,6.57,Yes
65,3.3,3.8,7.8,6.91,Yes
69,2.1,2.3,6.3,4.67,No
59,3.0,5.2,5.2,5.24,No
53,2.3,,6.9,4.66,No
82,4.0,1.4,8.9,5.73,No
81,0.9,3.1,6.5,5.97,No
75,2.9,2.9,7.1,5.55,Yes
66,4.2,5.7,6.6,5.77,No
73,4.8,3.9,6.6,5.5,Yes
83,2.6,3.2,8.4,6.72,Yes
51,4.1,5.1,6.8,5.76,No
67,4.7,1.0,5.8,5.31,No
88,2.8,1.3,7.0,7.73,Yes
72,5.1,5.9,7.6,5.2,No
81,2.5,2.9,7.6,5.01,No
95,1.0,2.5,5.1,5.64,No
88,1.9,3.0,6.2,5.25,No
51,2.8,6.5,8.5,5.21,No
86,4.2,5.1,6.1,7.67,Yes
75,0.9,1.3,6.1,4.75,No
86,3.0,3.8,7.6,6.54,Yes
30,5.3,,5.2,6.2,No
80,2.5,5.4,5.8,6.41,No
75,3.7,1.9,4.9,5.54,Yes
76,3.0,4.2,5.7,6.57,No
53,3.0,3.1,7.1,5.64,No
74,1.5,3.6,4.1,4.58,No
79,1.2,4.0,8.4,5.72,No
93,3.2,5.2,7.0,6.66,No
77,3.8,2.5,5.9,6.04,Yes
78,3.8,1.8,4.8,5.91,No
70,4.0,4.2,6.2,5.91,No
50,3.7,2.2,7.7,4.72,No
81,2.7,4.2,7.4,4.74,No
70,2.0,3.3,8.0,5.82,No
90,4.4,2.1,7.3,6.54,No
59,2.0,2.0,7.4,4.59,No
79,3.0,4.7,7.5,6.4,No
67,0.1,3.2,6.7,4.83,Yes
89,5.3,2.1,7.1,6.25,Yes
60,2.3,3.4,5.0,4.85,No
72,0.2,2.3,5.9,5.13,No
67,5.0,3.9,6.6,5.83,No
87,2.9,4.1,7.3,5.65,Yes
77,2.9,3.6,7.3,6.31,No
42,5.5,2.9,5.7,4.46,No
55,2.3,1.8,7.0,5.06,No
35,5.1,3.7,5.5,4.83,No
80,1.1,2.2,7.0,5.59,No
28,3.7,2.6,6.9,4.17,No
78,3.5,3.4,7.7,5.53,Yes
65,4.1,4.1,7.8,6.09,No
88,1.5,5.8,9.4,5.2,No
56,0.6,2.4,3.9,4.32,No
62,6.4,2.7,5.6,6.04,No
72,4.5,0.7,6.5,6.77,Yes
53,2.7,3.7,9.3,,No
69,3.8,1.7,5.6,5.1,No
55,2.1,4.8,6.0,5.39,No
78,3.1,3.9,6.2,4.8,No
80,1.8,1.7,6.1,6.18,Yes
85,,3.4,6.8,6.23,Yes
54,1.2,,6.8,4.48,No
83,5.6,5.3,6.8,6.17,Yes
47,2.8,4.2,6.8,5.8,No
51,2.0,2.3,8.1,4.49,No
74,1.6,6.1,6.7,4.5,No
50,5.5,1.8,4.8,6.03,No
87,3.0,6.1,6.4,6.35,Yes
82,5.1,3.6,6.5,6.24,Yes
100,3.3,1.5,8.0,6.95,No
63,3.9,2.4,7.5,5.42,No
77,3.3,4.2,7.7,5.83,No
71,1.2,5.5,7.5,4.73,No
68,5.0,,6.8,6.0,Yes
91,3.5,2.8,5.5,6.17,No
65,2.1,2.0,6.6,6.61,No
70,3.0,2.6,5.4,6.31,No
78,,2.4,3.9,6.75,Yes
84,2.4,,6.7,6.55,Yes
60,1.8,,7.7,5.39,No
85,1.4,2.2,5.5,5.67,No
80,2.6,3.6,4.8,6.4,Yes
71,4.6,5.9,7.6,5.17,No
64,2.1,1.6,7.9,6.28,No
91,2.2,4.7,6.0,4.88,No
90,2.6,1.7,4.9,5.94,Yes
55,2.5,3.2,8.0,5.66,No
49,3.4,4.0,5.6,4.24,No
70,2.8,3.6,8.1,5.69,No
52,2.2,4.4,5.7,3.4,No
59,3.2,2.1,7.3,6.55,No
52,4.3,3.5,6.6,5.73,Yes
84,4.0,2.1,6.6,5.76,No
58,2.5,3.7,6.7,5.59,Yes
64,3.9,5.0,6.8,6.16,No
80,3.0,5.4,7.0,5.33,Yes
87,2.3,,6.0,5.9,Yes
63,0.3,4.1,8.9,4.21,No
82,3.5,3.9,4.0,5.99,Yes
84,2.8,3.8,7.8,3.86,No
54,4.2,5.1,6.8,5.17,No
85,5.7,0.4,4.8,6.57,Yes
79,1.8,3.6,7.4,5.55,Yes
53,1.0,3.8,7.2,4.01,No
73,1.3,1.9,8.1,5.77,No
52,3.6,0.0,5.0,5.26,No
61,2.5,2.4,8.0,5.79,No
65,3.2,5.5,6.2,4.9,Yes
83,2.7,7.2,6.0,5.3,No
73,4.4,0.0,6.7,7.45,No
75,3.0,4.5,8.4,5.16,No
61,1.4,3.2,7.5,4.8,No
67,1.8,2.9,6.5,5.26,No
48,4.4,1.7,9.6,5.55,No
77,2.2,3.6,8.0,5.14,No
74,3.9,0.0,7.3,7.08,No
83,3.1,4.8,6.7,5.46,No
81,4.3,6.6,5.2,5.51,No
38,5.1,2.7,8.9,5.14,No
59,1.9,1.2,9.8,4.15,No
100,4.7,1.3,7.8,7.6,No
71,1.5,2.9,6.2,5.81,No
92,4.3,1.5,6.3,5.55,Yes
70,2.3,3.4,5.8,4.96,No
64,0.0,4.2,7.5,4.16,No
53,6.1,2.9,6.7,6.87,Yes
72,2.8,3.3,,5.61,No
62,4.1,4.5,6.9,6.23,No
81,,2.9,5.1,7.28,No
87,4.3,5.5,8.0,5.4,No
56,1.9,4.6,8.4,5.88,No
57,2.3,3.8,8.8,4.31,No
70,3.9,3.5,7.0,5.28,No
63,2.8,4.0,6.0,5.92,No
68,1.6,5.1,3.8,5.35,No
71,3.7,3.4,7.5,5.53,Yes
93,3.5,4.7,6.8,6.88,No
80,2.8,4.5,10.0,5.89,No
91,2.0,1.2,7.7,5.41,No
56,2.8,5.5,6.4,4.11,No
79,4.2,3.2,7.2,7.38,No
92,2.5,1.7,7.7,5.88,Yes
69,0.6,5.0,9.0,6.16,No
70,2.7,3.4,6.9,4.71,No
64,2.9,2.0,6.5,6.66,No
74,3.3,4.7,4.5,4.44,No
46,3.2,3.3,6.8,4.98,No
78,4.0,3.4,6.6,5.83,No
69,2.8,4.1,5.6,5.64,No
45,2.8,0.9,5.5,4.64,No
80,3.4,4.1,4.2,4.97,No
88,0.4,4.8,5.0,6.21,No
67,2.4,3.7,5.2,4.22,No
71,2.4,3.7,5.3,5.63,Yes
49,2.7,5.7,6.5,5.33,No
51,1.3,1.2,7.8,5.68,Yes
73,3.2,4.4,6.5,5.48,Yes
44,2.6,4.0,4.7,4.04,No
59,0.8,1.4,6.1,4.57,No
50,2.2,3.5,5.9,3.96,No
63,3.1,4.7,8.4,5.57,No
82,4.6,,6.3,6.8,No
67,5.3,3.3,7.1,5.38,No
83,2.8,2.5,8.0,6.13,No
67,4.7,3.7,6.8,5.78,No
82,,3.3,7.4,7.02,No
62,3.8,4.1,6.5,4.94,No
90,1.7,2.5,6.0,6.34,Yes
62,3.9,3.3,6.6,4.83,No
72,2.0,5.0,6.8,6.09,No
45,4.3,5.3,5.7,4.92,No
83,2.7,2.0,6.9,6.16,No
47,2.8,1.6,7.7,5.16,No
83,3.9,0.3,6.0,5.35,No
61,5.4,2.9,4.2,5.63,Yes
52,3.7,6.1,8.1,4.85,No
71,5.8,4.3,6.5,7.68,Yes
55,1.7,4.8,6.8,3.84,No
80,2.3,3.6,8.7,7.03,No
63,2.7,4.5,6.1,5.16,No
68,2.2,2.8,6.2,5.36,No
66,4.3,3.8,6.0,4.54,No
46,2.2,4.4,8.6,3.76,No
74,2.2,5.5,5.9,4.48,No
62,0.9,4.2,4.6,4.33,No
58,3.0,3.5,6.5,4.7,No
66,4.7,2.0,7.7,5.57,No
97,3.9,3.1,5.5,6.42,No
53,6.1,4.2,6.2,5.37,No
42,4.6,3.1,8.1,5.45,Yes
80,4.7,2.0,6.9,5.73,Yes
62,5.9,4.4,4.9,7.15,Yes
60,4.0,3.4,8.5,6.3,No
59,1.2,2.4,5.0,4.02,No
84,3.9,0.2,6.6,6.88,Yes
69,3.8,3.6,8.1,4.61,No
57,2.7,2.9,6.2,5.31,No
70,1.9,7.3,7.4,4.88,No
75,4.0,5.6,9.7,6.57,No
65,2.7,1.8,5.6,5.1,No
73,2.5,5.3,6.8,3.9,No
74,6.1,3.6,8.7,5.94,Yes
35,5.0,5.1,7.2,4.21,No
93,0.8,7.6,7.6,4.69,No
75,6.9,2.7,8.0,7.37,No
44,3.4,2.8,4.8,4.58,No
83,4.2,2.1,7.9,5.59,Yes
94,4.6,4.8,5.3,6.74,Yes
73,4.9,4.7,5.2,6.82,Yes
67,4.4,6.2,7.1,5.64,No
83,2.0,4.5,5.6,4.06,No
66,4.0,1.4,7.0,6.19,Yes
63,4.6,5.7,6.8,5.9,Yes
68,4.9,4.0,5.6,7.37,Yes
74,1.5,3.1,5.4,5.12,No
72,4.2,2.1,5.9,5.3,No
74,4.4,4.9,7.0,6.44,No
45,1.9,1.4,9.4,4.8,No
61,4.0,6.2,4.8,4.93,No
85,2.7,3.5,5.2,4.6,No
59,2.1,0.2,7.6,5.43,No
45,1.7,4.1,5.4,4.66,No
99,2.6,3.9,6.4,6.8,No
98,4.2,3.2,7.2,6.28,No
89,0.0,,7.7,5.03,No
69,1.2,5.1,6.1,5.81,No
77,2.3,1.5,5.2,5.75,Yes
57,4.8,4.4,7.5,3.42,No
63,2.9,4.8,7.7,6.63,No
57,4.9,2.8,6.6,6.69,No
80,2.4,3.0,5.1,5.86,No
100,0.7,3.5,8.3,4.67,No
67,0.9,,7.6,5.05,No
85,2.1,,6.3,5.01,No
88,0.6,3.6,6.6,5.61,No
75,3.1,5.2,8.7,4.49,No
80,5.9,2.5,7.9,6.48,Yes
74,1.0,3.6,7.9,6.26,No
85,4.2,2.1,8.9,6.29,Yes
47,5.2,2.4,7.7,5.45,No
74,2.4,2.3,4.9,5.64,No
70,2.6,2.7,4.9,4.43,No
68,1.1,3.7,6.2,4.56,No
59,1.0,4.2,6.4,3.4,No
91,3.3,4.9,6.1,6.16,Yes
73,6.4,1.6,6.9,6.55,No
87,2.2,4.1,6.3,5.45,No
73,3.9,1.3,5.5,5.18,No
87,1.6,0.0,4.4,5.94,Yes
79,2.0,4.1,6.3,5.27,No
68,1.4,3.8,8.8,4.67,No
89,1.9,5.0,8.0,5.55,No
79,3.2,2.0,7.9,6.19,Yes
68,0.5,,7.2,5.12,No
44,2.8,4.1,6.0,5.17,No
79,0.0,3.0,7.4,6.84,No
100,2.3,3.1,6.5,6.56,Yes
82,1.1,4.0,6.8,5.9,No
74,5.1,5.0,7.3,4.92,Yes
58,3.3,5.5,7.1,3.91,Yes
45,2.7,4.6,6.1,4.93,No
84,0.9,2.2,5.7,5.17,No
75,2.9,1.9,8.4,5.8,No
53,2.6,7.7,6.1,3.45,No
65,3.4,2.8,9.2,5.35,No
65,2.7,3.0,,6.76,Yes
77,1.8,3.5,7.6,4.11,No
70,3.0,1.2,6.1,6.24,Yes
86,0.8,2.1,6.0,6.03,Yes
98,0.0,4.3,3.8,6.02,No
76,1.6,1.1,8.2,7.63,No
38,0.9,2.5,6.1,,No
81,4.7,1.7,6.8,7.91,Yes
81,4.9,2.5,6.3,7.42,Yes
82,4.1,3.0,7.3,7.04,No
92,2.8,4.8,6.1,5.94,No
88,1.5,4.8,6.3,4.92,No
75,2.9,3.5,7.9,5.92,No
40,1.5,3.2,7.3,4.84,No
79,1.8,1.3,7.5,6.57,Yes
83,1.8,1.1,5.7,5.89,Yes
96,4.2,3.9,8.5,5.63,No
90,2.5,5.4,6.8,5.41,No
90,0.0,3.8,4.6,4.96,No
59,1.7,3.6,7.5,5.14,No
72,2.8,6.5,5.4,5.55,No
40,3.2,4.5,6.9,5.87,Yes
56,0.7,1.5,5.1,4.55,No
74,3.9,1.7,6.9,5.63,No
65,4.5,2.8,6.6,4.37,No
67,3.6,,6.1,6.2,Yes
92,3.1,2.5,9.5,6.57,No
29,3.8,3.5,5.5,6.74,No
84,3.6,1.6,6.2,6.29,Yes
95,1.5,3.4,5.4,6.14,Yes
75,4.4,3.8,7.5,6.84,Yes
73,4.6,6.9,,7.29,No
84,0.4,3.2,7.4,6.05,No
74,0.8,2.8,7.2,5.26,Yes
63,3.3,6.3,7.4,,No
91,3.5,1.2,6.3,7.55,Yes
48,4.3,7.2,5.3,5.27,No
62,4.4,4.0,5.4,4.51,Yes
63,3.8,5.2,5.9,5.62,No
67,2.9,2.9,,6.22,No
65,1.6,1.4,6.3,5.23,No
45,4.3,1.7,6.9,6.16,No
83,4.0,4.2,8.0,5.09,No
82,4.4,6.4,8.9,6.74,Yes
63,1.1,1.8,7.4,5.45,No
80,4.7,3.8,6.3,5.78,No
91,4.6,1.2,4.7,,No
68,,5.3,7.3,4.8,Yes
83,3.3,4.0,7.1,5.16,No
66,3.7,1.0,6.8,4.89,No
80,4.4,3.9,5.9,7.14,Yes
100,2.7,4.2,7.0,6.54,Yes
82,2.6,5.2,7.1,6.4,Yes
65,3.0,,6.0,5.12,No
70,1.6,0.0,4.6,5.04,No
61,3.0,0.2,6.6,6.05,No
70,3.8,4.2,7.8,4.01,No
61,4.0,0.7,6.3,5.88,No
69,2.6,8.0,6.5,5.39,No
42,4.0,3.8,6.9,3.72,Yes
63,3.3,4.3,7.9,5.9,No
68,3.0,2.7,,5.17,No
93,5.9,3.8,6.0,6.55,Yes
83,3.4,7.3,4.7,5.69,No
70,2.8,3.1,5.9,4.53,No
51,3.2,4.4,4.3,5.61,No
69,3.0,4.7,5.9,5.11,No
64,2.7,,8.1,5.44,No
59,4.1,3.7,6.2,6.01,No
81,3.1,4.0,6.8,6.36,Yes
61,4.6,5.5,5.4,4.2,No
66,2.8,2.8,7.2,7.04,No
49,5.5,1.0,6.5,4.84,No
71,3.0,5.6,6.1,5.58,No
83,3.1,3.7,8.1,6.21,No
60,2.2,4.6,6.0,5.94,Yes
86,3.5,4.5,8.1,7.22,Yes
84,6.0,6.3,,4.7,No
64,3.1,4.0,7.7,5.4,No
89,4.2,5.2,8.1,5.68,Yes
87,2.7,4.3,4.6,5.08,No
79,0.0,3.5,3.8,4.1,No
100,5.5,6.3,7.6,7.2,Yes
84,3.8,5.4,6.5,5.16,No
87,6.9,2.4,7.4,7.09,Yes
69,3.2,3.9,5.8,4.47,No
57,2.7,3.6,8.4,4.82,No
60,3.0,3.4,7.6,4.45,Yes
69,4.1,4.3,7.3,6.4,Yes
83,,4.0,5.9,6.14,Yes
67,2.3,1.4,6.6,5.43,No
83,1.9,3.0,7.6,6.22,No
43,3.1,3.1,6.5,6.11,No
56,4.4,2.6,6.7,6.33,Yes
61,3.5,1.9,5.5,6.04,No
57,3.3,2.9,6.5,6.41,No
79,2.8,3.1,5.9,5.53,No
68,1.5,3.4,5.4,6.32,No
58,3.7,2.6,,4.61,No
79,2.1,3.5,7.3,5.74,No
95,3.3,0.4,5.7,5.71,No
80,4.9,2.8,7.8,6.16,No
61,2.7,5.6,4.6,6.26,No
74,1.6,3.4,4.6,5.97,Yes
59,3.9,3.0,6.1,4.46,No
82,3.9,3.5,8.1,5.7,Yes
73,1.7,6.6,7.6,4.51,No
89,1.7,5.4,5.0,4.58,No
71,3.6,3.7,6.6,4.99,Yes
73,4.7,2.7,8.4,6.85,Yes
48,4.0,2.4,6.5,5.02,No
42,2.2,4.5,7.4,5.01,No
74,5.1,4.2,7.6,4.77,Yes
46,2.4,3.2,7.7,4.1,No
57,4.8,5.5,6.8,5.42,Yes
75,4.9,3.1,7.3,5.92,Yes
64,4.1,2.3,8.8,6.13,No
53,1.9,3.6,8.1,3.74,No
60,4.9,0.8,6.1,6.09,No
92,,4.1,5.5,7.19,No
71,4.8,1.9,5.4,5.69,Yes
77,1.4,3.8,6.9,5.31,No
71,1.2,6.0,4.5,4.22,No
92,3.7,3.3,5.7,7.23,No
75,1.2,4.2,6.8,5.53,No
79,3.3,2.6,8.0,6.47,Yes
44,3.0,4.9,8.3,4.3,No
68,1.8,3.8,5.9,5.6,No
67,4.4,2.9,7.5,6.03,Yes
53,1.6,0.8,5.4,5.39,No
48,,3.8,7.7,5.54,No
65,2.8,2.8,7.2,6.5,Yes
100,3.1,5.8,8.2,6.18,No
54,2.9,0.4,8.7,5.67,No
73,2.9,4.9,5.1,5.12,No
68,5.4,3.7,6.0,5.39,No
78,0.0,3.0,7.1,3.49,Yes
98,5.1,5.9,5.7,6.57,No
39,0.0,4.9,7.6,3.61,No
56,4.7,2.3,6.5,4.84,No
93,2.8,2.0,8.3,6.7,No
75,3.8,4.9,6.2,5.61,No
62,2.8,5.1,6.7,5.65,No
64,2.9,2.6,7.2,,No
45,3.1,5.1,3.1,3.93,No
75,3.3,5.9,7.2,6.02,No
71,1.9,4.4,5.3,5.16,No
70,1.1,4.5,6.6,5.3,No
62,0.0,6.0,5.6,4.21,No
73,2.9,3.5,4.9,5.62,No
56,6.6,4.4,6.1,5.23,No
60,0.5,3.1,7.2,5.64,No
75,5.5,3.2,7.3,5.8,No
63,3.4,4.0,5.5,3.65,No
70,3.0,,4.7,5.33,No
63,4.1,5.2,5.5,5.26,No
77,2.6,4.6,5.7,5.71,No
62,,2.1,5.9,4.84,No
74,0.7,1.3,6.1,6.04,No
81,3.0,2.9,8.0,6.5,Yes
69,2.7,4.0,5.2,5.61,No
66,2.5,2.9,7.6,5.35,No
63,4.4,4.6,5.2,5.64,Yes
67,2.5,1.2,5.6,7.25,No
92,4.2,3.2,7.9,6.12,Yes
86,1.1,4.1,6.6,6.0,No
77,,2.6,6.2,5.94,No
62,4.9,2.6,6.0,6.27,Yes
89,3.1,5.1,5.7,6.74,Yes
97,3.1,3.9,7.4,6.35,No
43,4.2,4.5,6.7,6.87,No
68,3.9,5.3,5.5,5.54,Yes
72,2.3,3.6,7.6,5.73,No
63,3.2,3.9,6.1,5.59,No
47,6.4,4.9,8.0,5.59,No
57,2.2,6.1,6.0,5.6,No
90,3.8,4.7,5.5,6.17,Yes
55,3.7,6.3,6.0,4.56,No
60,3.1,6.0,7.8,5.61,No
72,4.8,1.0,6.8,6.01,No
69,5.5,4.9,6.4,6.4,No
62,5.3,2.4,5.6,8.07,No
81,4.3,5.4,10.0,5.68,Yes
81,5.1,5.5,7.0,3.93,Yes
56,1.5,4.8,8.4,5.38,Yes
50,0.5,1.2,7.5,4.5,No
76,0.0,4.0,5.4,4.71,No
68,2.2,5.4,7.5,4.4,No
76,5.5,4.0,6.5,6.39,No
69,3.4,3.8,6.8,5.12,No
62,1.8,2.6,7.7,5.13,No
67,6.6,3.9,7.7,7.54,Yes
90,1.7,2.3,5.1,5.81,No
59,1.7,4.4,6.1,4.59,No
66,,3.0,8.1,5.35,No
49,4.3,1.1,5.0,4.62,No
47,1.1,1.3,7.1,5.2,No
51,3.8,,6.6,5.59,No
42,1.3,2.8,5.0,4.2,No
52,3.8,4.6,5.7,4.57,No
76,4.0,3.7,7.2,5.48,No
80,2.2,5.8,5.9,5.2,No
51,2.6,6.3,7.8,4.48,No
51,0.0,4.7,5.9,5.13,No
68,3.5,4.5,7.3,5.53,No
100,2.8,1.6,4.5,5.78,Yes
59,1.4,3.3,6.3,5.59,No
65,5.3,,6.0,5.46,Yes
89,3.2,3.8,6.7,5.75,Yes
87,2.8,3.5,8.4,6.96,No
81,5.1,3.6,7.1,6.62,Yes
85,0.1,3.6,5.8,6.03,Yes
88,1.7,3.8,5.7,5.92,No
62,2.4,5.2,5.8,3.9,No
77,0.1,4.5,8.4,5.5,No
64,2.4,2.8,5.1,4.65,No
57,0.0,1.6,8.8,5.35,No
78,1.2,,4.5,,No
66,3.4,3.0,5.7,6.6,No
68,2.6,5.9,8.6,6.18,Yes
87,3.3,4.1,8.3,5.62,No
75,1.3,4.8,6.5,4.94,No
67,2.5,2.1,8.5,5.76,No
68,2.4,2.8,7.9,5.01,No
49,0.2,4.3,6.7,4.64,No
80,4.0,3.6,6.5,6.17,Yes
68,5.0,4.9,5.8,6.72,No
66,4.7,2.8,7.0,6.04,Yes
94,0.4,4.7,5.6,4.92,No
82,4.2,0.9,6.3,7.11,Yes
73,2.2,4.5,7.6,4.97,No
75,5.7,7.2,4.9,5.68,No
86,2.8,4.1,8.2,6.76,No
66,4.7,5.2,7.1,5.76,Yes
81,1.2,2.4,8.3,6.02,No
54,3.0,5.2,5.1,4.25,No
73,6.9,2.1,7.0,7.08,No
45,0.9,4.3,6.1,5.3,No
72,3.3,5.3,5.1,5.77,No
88,4.1,1.7,5.3,8.05,No
62,2.3,2.2,7.2,4.31,No
70,1.8,1.7,5.7,4.29,No
59,4.9,0.4,7.5,4.7,No
73,3.5,6.0,6.3,5.17,No
53,5.8,4.8,8.2,5.31,No
53,2.6,2.1,3.7,4.83,No
77,3.5,3.1,6.0,6.99,No
55,1.5,0.5,7.5,5.05,No
92,4.5,2.2,5.2,6.53,Yes
92,1.7,5.5,6.2,4.33,No
55,3.9,0.3,6.5,5.23,No
100,2.6,1.3,7.8,5.34,Yes
69,2.9,3.8,5.6,5.82,Yes
70,,4.6,7.7,5.94,No
82,3.1,2.0,5.1,6.1,Yes
90,3.1,1.9,7.3,6.96,Yes
90,1.0,2.7,5.6,5.55,No
100,3.6,2.8,6.3,6.86,Yes
76,2.2,0.0,6.5,5.45,Yes
76,3.8,3.3,7.6,5.44,Yes
76,3.9,1.4,8.7,6.35,Yes
72,1.8,2.4,7.2,5.57,No
49,1.2,4.3,6.6,4.78,No
39,3.7,2.3,7.5,6.57,Yes
55,2.9,3.1,6.2,5.03,No
82,3.2,3.0,7.2,6.71,Yes
67,2.4,1.4,10.0,5.66,No
54,2.6,3.5,6.8,5.45,No
87,1.8,4.6,7.5,4.05,No
61,3.2,4.6,3.7,4.94,No
35,2.2,2.8,7.0,5.6,No
51,0.1,2.3,6.0,4.4,No
61,3.1,3.8,6.7,4.28,No
58,3.1,6.7,6.0,4.56,Yes
68,5.8,4.3,6.2,4.02,Yes
74,,3.6,5.4,5.55,No
74,3.0,3.0,6.5,5.44,No
68,4.6,2.5,5.8,5.35,No
84,3.3,0.3,7.6,7.23,No
86,4.1,3.5,4.7,5.56,No
78,3.3,2.0,7.8,5.55,Yes
85,3.1,3.2,5.3,7.25,Yes
48,3.0,4.0,8.1,5.64,No
39,3.5,5.8,6.0,6.02,No
55,4.5,1.7,3.7,4.72,No
75,5.4,2.2,5.4,6.75,Yes
84,0.8,5.1,5.9,4.9,No
54,1.7,2.2,8.8,6.05,No
75,4.9,3.0,5.6,6.66,Yes
84,4.5,1.8,7.7,7.76,No
63,3.2,5.5,5.8,5.12,No
62,3.2,4.0,5.9,5.47,No
81,3.8,2.1,7.2,7.35,No
58,3.6,5.4,7.3,5.7,No
58,2.2,5.9,6.2,4.9,No
65,0.9,1.5,6.9,5.39,No
66,1.8,5.1,4.8,5.06,No
64,2.8,3.8,8.1,5.71,Yes
26,3.0,1.2,4.6,4.96,No
71,2.1,3.4,6.0,6.28,No
92,5.8,3.8,6.8,6.3,No
67,1.7,0.7,7.7,5.21,No
54,1.6,,5.5,4.39,No
80,2.8,2.6,4.8,5.51,No
64,1.5,4.1,7.7,5.12,No
59,5.0,3.4,7.0,5.48,Yes
84,3.0,3.1,,6.2,Yes
62,6.0,2.6,7.5,6.43,Yes
73,5.2,3.7,7.2,6.39,Yes
86,2.6,1.9,6.3,5.55,No
71,1.9,3.5,6.9,5.27,No
63,3.6,1.1,5.2,6.66,No
77,5.0,4.8,8.6,6.15,Yes
34,1.4,2.6,5.7,3.97,No
81,0.1,3.2,5.8,4.43,No
58,2.3,4.3,6.5,5.62,No
71,1.8,5.5,7.1,5.48,Yes
70,4.5,6.2,6.2,5.58,No
75,1.4,4.9,8.5,4.85,Yes
74,,1.7,7.4,6.26,Yes
57,2.1,5.5,5.5,4.1,No
61,1.8,2.1,7.8,5.36,No
58,3.7,1.9,6.3,6.1,No
64,1.1,2.8,6.4,4.88,No
45,4.8,4.1,8.8,5.51,No
29,3.4,7.0,4.1,4.32,No
76,1.7,3.1,7.5,6.13,No
92,6.2,7.8,5.7,6.42,Yes
53,5.4,4.8,6.8,5.41,Yes
80,0.1,2.8,4.6,5.44,No
49,2.5,4.9,7.4,4.58,No
69,2.3,2.0,7.0,5.58,Yes
78,1.8,2.8,7.8,6.7,Yes
96,4.8,2.3,8.2,6.17,Yes
71,1.7,4.5,7.2,5.91,No
52,2.7,5.3,6.1,4.5,No
70,2.6,3.6,5.6,4.23,No
72,0.0,3.1,4.1,5.15,No
100,4.2,3.1,6.6,6.5,No
100,5.4,0.8,6.1,7.11,Yes
80,1.8,2.9,5.7,5.3,No
61,3.7,3.6,5.1,5.06,No
72,3.2,6.8,6.3,4.07,No
52,4.1,1.7,5.8,6.54,Yes
57,5.3,4.0,6.8,6.39,Yes
87,2.9,1.5,6.2,6.46,Yes
83,1.0,4.1,7.5,5.4,No
78,6.4,4.0,5.1,5.38,Yes
62,,5.3,5.8,6.39,No
44,1.5,3.6,8.0,5.61,No
68,2.4,3.7,6.4,5.73,Yes
54,2.8,4.1,8.0,3.72,No
56,1.3,3.2,6.9,4.4,No
79,1.7,3.8,6.6,4.85,No
100,4.5,3.4,6.9,5.89,No
68,3.4,2.0,5.9,7.44,Yes
73,4.2,4.5,5.4,5.24,No
54,3.9,6.0,,4.51,No
57,1.4,1.9,7.3,4.34,No
68,3.0,4.1,7.6,6.06,Yes
31,5.1,5.6,8.7,4.76,No
54,3.1,3.3,6.5,4.95,No
78,4.3,6.1,7.5,,No
95,3.9,5.0,5.0,6.52,Yes
76,1.7,1.9,,5.91,No
59,4.7,2.7,4.9,5.95,No
51,5.1,4.9,5.8,,Yes
66,3.1,0.7,5.8,6.33,Yes
67,4.6,2.3,7.2,5.09,No
58,3.2,4.1,6.1,5.91,No
81,3.1,2.7,6.2,5.04,No
50,2.5,1.6,6.1,4.55,No
59,1.5,3.6,6.7,4.64,Yes
64,2.0,5.4,6.7,5.59,Yes
100,1.4,2.3,5.8,6.88,Yes
83,4.8,2.5,7.3,5.09,No
76,3.1,3.2,6.3,4.95,No
81,4.8,6.4,6.5,5.75,Yes
73,0.0,2.0,7.8,5.76,No
74,1.4,1.8,6.6,,No
66,2.3,4.1,5.5,5.08,No
88,4.4,5.8,6.0,5.46,No
72,3.3,2.4,8.1,5.47,Yes
63,3.0,6.3,5.4,4.24,No
84,0.5,1.2,6.0,5.53,No
67,4.2,1.4,7.8,6.47,Yes
69,3.0,2.4,6.2,6.02,No
66,5.8,3.4,7.0,4.93,No
94,0.0,3.0,5.8,4.26,No
68,2.8,2.2,6.6,5.02,No
73,1.3,0.1,5.3,8.07,Yes
30,1.3,3.5,6.9,3.37,No
68,2.0,3.2,7.1,4.61,No
72,5.3,3.5,6.7,5.57,No
91,3.1,1.9,5.3,4.71,No
79,2.6,3.0,7.5,5.04,Yes
69,2.6,3.3,7.0,5.05,No
67,3.5,2.7,8.2,6.4,No
34,2.3,2.4,5.4,4.82,No
60,3.4,4.3,5.1,6.37,No
71,3.3,1.4,5.9,5.96,Yes
38,2.8,3.4,8.1,4.06,No
75,3.6,2.6,10.0,5.26,No
89,1.9,2.6,6.0,6.19,No
90,2.7,4.8,8.6,5.31,No
58,1.0,4.6,5.9,4.02,No
93,0.3,3.8,5.9,5.45,No
67,5.0,4.3,7.3,6.1,No
55,4.1,4.2,5.8,5.3,No
63,5.0,2.3,5.7,7.33,Yes
70,4.4,3.3,6.7,6.04,No
36,1.9,2.3,6.7,5.7,No
85,0.0,3.5,8.8,6.22,No
41,1.9,0.0,4.4,4.32,No
66,3.7,0.0,7.3,6.84,Yes
85,3.1,3.8,6.5,7.36,No
69,3.1,5.5,6.0,5.38,No
77,2.4,3.3,8.6,5.05,Yes
89,1.2,2.1,7.9,5.61,No
82,5.5,2.7,8.8,6.65,Yes
73,3.9,3.9,4.3,5.11,No
100,3.8,6.1,3.9,6.28,Yes
48,0.7,0.0,7.4,6.52,No
76,2.7,4.6,6.2,6.44,No
78,3.8,2.6,8.1,6.21,Yes
43,5.9,3.4,5.8,5.2,No
60,4.6,0.0,6.1,5.6,No
54,2.5,2.4,3.6,4.86,No
70,4.0,3.1,6.5,5.52,No
64,3.6,4.0,5.8,5.17,No
99,4.2,0.9,6.1,6.78,Yes
86,2.5,4.6,6.9,5.38,No
74,3.2,4.6,7.0,6.26,No
69,1.7,5.3,8.0,5.59,No
36,2.5,3.5,,3.61,No
44,4.8,2.7,4.1,4.64,No
76,3.3,6.7,7.0,6.23,No
73,0.9,1.2,5.7,3.15,No
43,2.3,3.5,5.7,3.4,No
79,4.0,3.5,9.0,5.93,Yes
63,0.4,5.4,5.7,3.24,No
53,4.1,2.9,4.3,4.89,No
73,4.6,3.0,6.1,5.23,No
78,3.5,7.2,6.9,6.07,No
59,2.1,5.3,6.4,4.94,No
79,0.6,4.0,6.6,4.54,No
58,1.4,2.6,7.0,4.67,No
61,5.4,,5.5,5.72,Yes
32,2.8,5.2,6.2,4.09,No
75,4.9,2.2,8.0,6.19,Yes
45,2.5,1.6,6.7,4.59,No
55,1.9,4.3,6.7,5.72,No
62,2.9,4.7,3.5,5.74,No
86,4.9,4.7,8.4,6.17,No
61,3.9,3.0,5.5,6.38,No
87,1.4,3.6,7.5,5.24,Yes
47,1.9,4.2,10.0,3.81,No
77,0.9,4.2,7.0,4.14,No
82,5.0,3.2,4.9,5.75,No
68,3.3,2.2,8.8,5.99,No
86,3.4,2.9,6.4,5.05,Yes
64,3.6,6.0,4.8,4.42,No
71,2.9,4.4,7.6,5.92,No
28,1.9,3.8,8.1,4.62,No
62,0.0,2.5,7.3,3.6,No
53,3.3,2.1,6.5,3.79,No
83,6.3,3.0,9.1,7.1,Yes
82,1.6,1.5,6.1,4.66,No
87,0.3,4.7,9.0,5.79,No
34,2.5,6.0,,4.87,No
72,3.5,1.5,4.7,5.47,No
74,1.5,2.1,6.5,5.71,Yes
41,2.1,3.9,4.3,3.86,No
48,1.1,3.6,6.2,5.34,No
100,3.1,3.7,6.5,7.86,Yes
81,3.5,4.1,5.5,6.17,Yes
64,2.5,6.2,6.9,5.1,No
86,1.6,0.9,6.5,7.05,No
51,3.9,6.6,7.7,4.84,Yes
73,4.1,2.7,5.8,5.44,Yes
80,2.7,2.7,5.7,6.96,No
48,3.5,3.5,5.5,,No
55,4.3,2.5,6.9,6.1,Yes
69,1.7,7.3,7.9,5.43,Yes
87,0.8,3.8,6.5,,No
94,4.2,4.8,6.4,6.07,No
93,5.9,5.3,7.3,7.63,Yes
81,0.0,4.0,5.4,4.45,No
70,5.4,2.3,4.8,5.64,No
100,2.9,4.2,7.0,6.43,No
73,4.5,2.5,,6.35,No
78,1.0,4.2,5.8,4.93,No
87,2.2,2.1,6.5,5.18,Yes
56,4.4,3.2,5.9,3.68,No
85,4.4,2.8,5.0,6.38,Yes
57,2.6,1.3,7.8,5.71,No
84,2.9,2.0,5.9,6.3,Yes
86,2.3,4.0,6.0,5.94,No
79,1.0,0.6,6.9,5.04,Yes
73,3.2,3.7,6.6,6.52,No
92,2.8,3.7,6.2,6.9,Yes
47,2.4,5.2,5.0,4.55,No
62,1.0,1.8,6.2,4.93,No
57,2.6,2.6,6.0,4.95,No
67,3.3,0.0,6.6,7.08,No
67,3.9,4.4,6.5,5.7,No
67,3.2,5.3,7.6,5.06,No
100,,5.9,6.3,4.56,No
62,2.6,6.2,7.0,4.11,No
67,4.4,3.2,8.3,6.63,Yes
99,2.2,3.3,5.8,5.34,Yes
83,0.0,5.2,7.0,4.93,No
75,2.3,2.4,6.4,4.37,No
92,2.1,4.0,7.1,6.06,Yes
55,4.6,4.1,6.3,6.12,No
88,4.0,5.2,6.0,6.38,No
91,5.9,2.9,9.3,7.02,Yes
94,3.4,5.3,6.6,6.07,No
78,6.8,4.3,4.0,5.8,No
63,,3.4,8.1,6.01,No
87,3.9,2.8,7.6,5.89,No
51,4.4,1.1,6.8,7.05,No
81,4.4,5.5,5.7,5.93,Yes
77,4.1,,6.3,5.29,Yes
74,1.7,4.8,7.6,5.43,No
69,2.7,1.8,7.5,7.1,Yes
94,2.7,0.4,5.2,5.68,Yes
78,4.6,8.0,9.0,4.67,No
83,3.8,2.6,6.7,5.92,No
71,3.3,2.0,5.4,6.36,Yes
87,1.2,,4.2,4.87,Yes
65,2.2,6.6,6.8,6.26,No
52,2.2,2.9,6.5,4.64,Yes
62,6.1,2.7,6.9,6.66,No
61,2.7,6.5,6.7,4.65,No
36,1.7,4.2,8.4,4.73,No
70,3.2,3.7,6.4,5.45,No
49,3.4,4.1,6.4,5.5,No
65,2.8,3.4,,4.99,No
70,5.2,2.1,6.3,,Yes
60,4.8,5.4,,5.85,Yes
72,2.0,3.0,6.3,5.53,Yes
67,1.8,2.8,5.1,5.01,No
54,0.8,2.0,7.8,4.47,No
59,8.5,5.3,3.3,6.78,Yes
80,2.0,3.6,6.7,6.94,No
76,3.0,4.5,7.3,5.28,No
100,2.3,5.6,6.3,5.44,No
59,1.1,3.7,5.5,5.98,No
66,5.0,4.4,8.0,6.33,No
59,3.7,5.0,6.3,5.46,No
54,2.6,3.7,3.2,5.21,No
59,0.2,4.4,7.3,4.14,No
57,2.8,,6.9,5.15,No
72,3.8,4.9,6.0,5.65,Yes
60,1.5,2.3,5.7,5.2,No
62,4.4,4.6,7.2,6.66,No
60,,2.9,5.7,,Yes
60,3.7,4.9,6.8,6.19,Yes
66,1.6,2.1,8.0,5.29,Yes
100,2.0,5.3,9.3,6.56,Yes
76,3.7,0.0,6.9,6.02,Yes
79,4.7,4.4,5.5,5.93,No
40,2.3,1.2,6.2,4.47,No
69,2.9,3.8,5.1,4.94,No
59,,1.8,7.3,6.07,No
75,2.5,3.5,7.4,5.37,No
83,5.0,4.6,7.2,6.71,Yes
71,3.0,1.8,6.1,6.99,Yes
67,1.4,3.0,6.8,6.47,No
68,0.9,,7.0,5.08,No
65,2.7,5.8,6.2,4.48,No
38,5.2,7.2,6.8,3.66,No
66,1.4,5.4,7.1,4.65,No
54,3.8,3.2,6.4,5.07,Yes
34,4.1,5.4,6.3,4.37,No
73,1.0,3.9,5.5,4.92,No
45,1.6,5.5,6.6,5.46,No
71,2.2,3.4,7.1,5.23,No
58,3.9,4.5,6.3,6.35,No
50,0.0,2.7,6.4,4.93,Yes
80,4.9,0.6,7.1,4.93,Yes
78,1.5,6.4,7.3,6.43,No
77,2.2,6.0,3.9,5.08,No
62,0.0,4.3,7.1,3.25,No
54,2.1,2.7,7.2,4.97,No
60,5.4,3.1,8.2,5.54,Yes
67,1.5,3.8,7.0,6.29,No
49,5.2,7.0,6.1,4.99,No
75,0.5,3.3,7.9,5.1,No
92,1.6,2.6,6.6,5.01,Yes
64,3.0,1.8,6.4,4.71,No
69,3.4,1.2,6.4,5.48,Yes
98,3.5,2.2,7.5,6.17,No
80,0.8,5.6,5.9,5.07,No
74,5.3,0.9,6.9,6.01,Yes
61,2.7,4.0,7.1,4.74,No
85,4.3,3.5,5.0,5.41,Yes
70,1.9,3.2,9.2,4.42,No
73,3.5,2.1,6.8,6.49,No
30,2.4,4.3,5.7,4.21,No
85,4.6,3.7,6.7,5.57,Yes
72,3.9,4.6,6.7,6.39,Yes
60,3.5,4.1,7.1,4.26,No
83,3.1,1.8,4.7,5.09,Yes
75,0.5,3.0,6.1,5.21,No
84,5.3,3.8,5.2,4.4,No
59,6.4,1.1,8.4,6.18,Yes
61,3.4,4.9,7.5,5.0,No
63,2.0,5.6,7.1,6.27,No
57,2.6,3.9,5.6,4.39,No
65,4.9,2.9,5.1,5.56,Yes
81,2.4,1.3,8.0,4.98,No
58,5.3,2.8,5.4,6.88,No
74,3.6,4.4,7.1,4.51,Yes
38,1.5,4.9,8.1,4.57,No
76,4.5,4.5,4.5,6.45,Yes
76,4.2,0.0,6.1,5.64,Yes
62,2.0,1.9,7.0,4.22,No
61,3.4,,6.8,4.85,No
84,1.1,1.5,6.8,7.6,No
53,3.1,2.5,7.6,4.95,No
94,3.9,2.3,7.0,6.05,Yes
68,2.1,1.2,7.0,5.52,No
61,4.2,4.5,6.3,,No
44,2.7,4.5,6.9,4.45,No
79,2.3,3.4,5.0,5.95,No
71,5.8,5.7,8.5,5.96,No
79,4.5,4.3,6.2,6.26,Yes
90,0.0,3.7,7.3,6.15,No
58,5.0,3.6,6.2,5.12,No
63,3.1,4.8,6.8,5.16,No
55,3.5,4.2,5.5,5.12,No
58,2.4,2.5,7.2,5.34,No
85,1.5,4.2,5.7,5.78,No
82,5.2,5.1,6.9,6.14,Yes
71,2.6,5.7,9.1,5.11,No
78,2.4,7.1,7.1,5.59,No
96,0.8,5.6,5.1,5.79,No
64,4.0,1.7,6.8,6.61,No
82,1.5,4.1,6.6,5.41,No
79,,5.1,,4.95,No
58,4.5,1.1,4.9,7.15,Yes
68,0.0,3.8,8.7,4.49,No
60,1.1,2.8,5.9,5.41,No
92,4.0,2.6,5.9,6.28,Yes
52,4.6,4.1,7.3,6.51,Yes
38,0.9,2.1,4.5,4.76,No
46,5.1,2.4,6.8,6.02,No
61,4.1,2.7,7.4,4.71,No
74,,1.7,6.4,6.63,Yes
47,4.1,2.7,6.4,4.3,No
73,3.4,5.7,7.7,5.74,No
75,2.6,1.9,7.4,3.84,Yes
64,3.9,3.6,3.9,4.82,No
67,2.1,3.3,5.8,3.74,No
77,4.2,6.1,6.9,5.35,No
74,2.2,4.7,6.0,6.06,No
71,3.7,3.4,6.1,6.48,No
40,2.0,5.9,8.1,4.24,No
60,2.6,2.5,5.7,4.49,No
52,1.5,5.9,8.9,4.18,No
79,1.3,5.6,6.5,3.72,No
62,4.8,3.9,3.0,4.66,No
91,4.4,2.6,5.8,6.12,Yes
88,5.1,5.5,6.9,7.14,Yes
90,3.7,4.7,7.5,6.07,Yes
64,6.2,4.6,6.7,7.28,Yes
60,1.8,4.0,5.4,4.15,No
64,3.5,3.0,6.8,5.67,Yes
84,0.0,4.4,5.2,5.11,No
87,3.5,2.2,5.2,6.37,Yes
66,1.5,2.4,7.2,5.87,No
87,2.7,5.8,6.1,5.93,No
66,0.9,7.4,6.0,5.66,No
72,1.8,3.2,6.1,4.4,Yes
63,5.8,5.2,6.9,6.34,Yes
100,4.0,4.0,5.9,5.75,No
98,1.3,3.3,7.3,4.83,Yes
81,3.0,3.1,7.1,6.45,No
66,4.8,5.7,5.1,5.87,Yes
44,0.0,3.1,7.0,4.29,No
70,4.7,2.7,7.3,7.2,No
78,2.8,5.2,4.7,5.91,No
48,7.0,5.9,6.9,6.11,Yes
96,1.7,4.7,7.8,5.67,No
91,4.2,1.0,6.2,7.62,Yes
56,0.0,3.2,5.8,5.03,No
72,2.8,,7.3,5.42,No
73,2.7,3.8,6.1,5.57,Yes
69,1.8,1.2,7.1,5.3,No
73,,4.5,7.3,5.28,No
60,3.9,3.0,8.5,5.27,No
68,5.5,1.9,7.5,6.49,No
72,3.5,1.4,5.7,,Yes
60,2.9,3.8,6.1,4.93,No
80,3.4,4.5,5.1,,No
70,3.8,2.0,6.2,4.52,No
62,3.0,0.4,7.1,6.41,Yes
56,5.1,5.2,4.2,5.28,Yes
79,2.5,5.5,4.5,5.14,No
71,0.7,2.2,7.9,4.44,No
58,2.5,3.0,6.8,4.59,No
65,,6.2,7.3,3.88,No
64,3.5,2.2,6.6,5.95,No
82,4.4,4.3,6.8,,Yes
93,5.1,3.0,7.6,6.11,No
67,1.3,1.8,4.3,4.91,No
75,2.9,2.6,5.6,5.31,Yes
79,5.7,1.3,8.0,7.59,Yes
52,1.0,2.8,7.0,5.3,No
70,1.9,2.2,7.8,5.18,Yes
76,3.5,3.4,6.5,5.48,No
77,0.0,5.9,7.4,4.62,No
66,0.7,2.9,6.0,5.61,No
50,4.0,2.7,5.0,6.24,No
77,4.0,1.9,7.7,5.66,No
73,3.9,5.3,5.9,5.6,No
82,3.4,3.5,6.4,5.35,Yes
38,1.6,5.9,6.6,4.11,No
70,2.9,2.8,6.7,7.35,No
65,4.6,4.1,6.9,,Yes
62,0.6,1.5,6.6,5.41,No
51,4.6,4.0,5.3,,No
55,0.8,5.6,5.6,4.69,No
72,4.2,3.9,5.5,4.64,Yes
58,2.0,2.8,7.9,5.3,No
55,2.3,0.7,5.4,4.98,No
69,1.2,4.3,5.5,4.48,No
57,7.9,5.4,6.7,6.59,No
68,3.6,3.5,6.1,4.77,Yes
68,5.0,2.3,6.5,4.87,No
72,0.3,1.3,6.3,5.39,No
55,4.3,3.5,7.5,4.19,No
82,4.6,3.8,5.1,6.63,Yes
81,3.1,2.7,6.7,4.94,No
69,2.4,4.4,6.9,4.92,No
74,1.6,3.8,5.1,5.66,No
76,4.0,4.1,6.0,5.82,Yes
78,1.7,5.3,5.9,6.39,No
77,3.4,2.3,4.1,5.58,No
76,4.7,3.0,6.5,6.14,Yes
74,5.3,4.7,7.5,5.63,Yes
75,3.7,3.2,4.4,5.21,No
37,2.5,5.4,6.2,4.03,No
52,3.9,2.2,7.4,6.46,No
78,4.2,5.0,6.3,,Yes
53,0.7,4.6,7.7,4.02,No
70,2.7,4.1,4.3,5.36,No
57,2.0,5.8,6.1,5.54,Yes
73,4.0,3.3,5.5,6.81,Yes
22,0.0,5.2,5.0,,No
74,2.6,3.8,9.2,6.63,Yes
67,3.7,5.2,6.8,5.31,No
55,1.1,4.5,7.7,,No
83,3.0,3.8,6.9,5.7,No
95,3.6,2.6,8.9,6.46,No
37,0.0,2.7,7.5,3.94,No
59,3.0,4.1,4.5,5.37,No
47,1.9,5.7,7.6,4.02,No
43,1.6,3.3,7.7,4.4,No
71,4.5,4.1,6.1,5.81,No
53,6.3,3.5,8.2,,Yes
53,4.1,5.0,5.8,6.57,No
58,4.0,3.2,4.7,4.32,No
68,0.4,3.7,6.6,4.1,No
86,,2.2,6.6,6.38,No
74,3.3,4.2,5.8,7.56,Yes
74,1.8,2.1,8.7,5.86,No
57,6.7,6.1,5.4,5.14,No
83,2.9,2.6,8.8,5.52,No
86,5.3,3.4,5.8,5.16,No
83,3.7,0.2,5.2,6.85,Yes
58,3.7,2.7,5.6,5.42,No
81,3.6,2.8,6.7,4.13,Yes
88,5.9,5.0,5.4,6.44,No
82,2.8,2.4,8.5,5.97,Yes
67,1.4,3.8,9.3,4.76,Yes
57,2.8,5.6,6.8,4.91,No
72,1.4,4.3,6.5,5.07,No
62,1.6,2.7,6.9,5.22,No
25,2.2,5.4,6.9,3.67,No
60,2.0,0.2,5.5,6.05,No
73,0.0,4.3,4.5,6.01,No
76,2.9,5.3,7.8,5.79,Yes
93,4.0,2.0,7.2,6.61,Yes
90,2.6,0.0,6.7,7.06,Yes
77,5.6,2.0,6.9,7.7,Yes
57,3.9,3.2,5.7,6.66,Yes
71,4.1,2.2,5.7,6.3,No
63,0.8,4.2,6.8,4.72,No
37,3.0,2.0,6.8,5.57,No
100,4.2,3.2,9.6,7.1,Yes
53,2.0,4.8,5.0,4.34,No
42,6.2,3.8,,6.01,No
41,4.6,1.2,8.2,6.76,Yes
66,4.0,5.8,4.3,5.16,No
84,2.8,3.3,3.2,5.82,Yes
59,0.0,4.0,6.1,5.13,No
77,4.3,4.8,5.5,6.46,Yes
75,2.1,2.0,4.8,5.07,No
65,1.9,1.3,6.6,6.62,No
54,2.5,2.4,6.7,4.09,No
82,0.9,6.0,5.9,4.31,No
72,1.5,3.1,8.6,5.17,No
69,4.1,4.7,8.5,5.37,No
88,3.8,2.7,5.2,5.81,No
74,3.4,3.1,7.4,5.41,No
58,0.5,6.9,4.3,4.45,No
85,4.9,3.3,5.6,7.27,Yes
90,3.8,2.2,6.6,6.27,Yes
75,0.5,3.6,5.2,5.73,No
66,4.2,1.1,7.7,5.76,No
95,2.2,1.5,4.3,4.47,No
93,3.8,5.2,5.1,6.27,No
76,0.5,3.9,5.9,4.6,No
49,2.2,3.9,6.5,4.68,No
59,0.0,3.2,6.0,4.69,No
100,2.9,1.6,6.1,6.77,Yes
60,3.8,4.9,6.8,5.26,No
87,1.9,6.0,8.1,5.76,No
53,3.3,,7.5,6.07,Yes
59,1.1,4.2,7.7,4.47,No
62,2.9,0.9,6.6,5.42,No
78,5.1,2.6,4.4,6.37,No
74,2.7,,,5.59,No
100,4.4,5.1,5.9,5.92,Yes
44,4.0,4.2,8.2,4.78,Yes
43,4.4,0.9,6.0,5.53,No
60,0.7,4.9,6.4,4.01,No
74,4.3,3.9,8.0,6.13,Yes
75,5.2,3.0,4.5,5.6,Yes
68,5.5,2.0,7.8,6.94,No
54,1.7,1.8,7.5,7.1,No
67,3.1,2.2,7.9,6.2,No
55,1.0,4.5,,3.98,No
69,2.2,3.3,6.3,5.64,Yes
83,1.2,3.6,7.1,4.53,No
36,4.6,5.3,7.8,3.89,Yes
86,4.5,1.5,6.5,6.33,Yes
42,3.9,0.5,6.1,5.81,No
52,,4.7,7.6,4.5,No
100,,1.7,6.3,6.41,Yes
61,2.8,2.7,3.7,4.94,No
84,4.0,3.0,6.7,6.97,Yes
91,4.7,,7.5,6.23,Yes
85,4.2,0.5,4.5,7.27,Yes
44,4.9,3.4,4.9,6.19,No
65,7.0,6.1,7.3,5.9,No
55,4.0,3.0,7.1,4.61,No
75,1.4,3.8,6.2,5.34,No
59,1.5,4.9,7.7,5.31,No
87,1.3,5.4,5.5,4.0,No
79,2.7,5.4,8.3,5.44,Yes
61,2.8,2.8,5.6,4.49,No
69,3.0,4.3,8.2,4.17,No
75,3.0,6.1,7.6,4.35,No
68,,2.9,4.7,6.3,Yes
56,3.3,5.8,4.9,4.78,No
64,5.1,2.8,7.2,4.55,No
61,5.0,3.7,6.0,5.25,No
39,,6.8,8.9,4.95,No
82,3.4,2.0,7.8,6.2,No
59,5.6,0.2,6.9,,Yes
60,2.2,4.4,4.2,4.9,No
80,1.7,4.9,5.2,5.71,No
73,1.9,2.9,6.1,5.67,No
64,0.9,3.2,4.8,5.65,Yes
72,2.1,4.6,5.0,5.13,No
62,0.5,2.6,5.0,5.41,No
54,1.8,2.8,5.6,5.43,Yes
64,5.2,4.8,7.1,5.47,Yes
64,0.6,4.9,6.6,3.73,No
58,2.9,3.5,6.6,5.91,No
48,1.8,2.3,5.8,5.28,No
69,3.1,4.7,6.4,5.99,No
32,2.9,4.0,7.2,4.07,No
69,4.0,2.1,5.3,6.43,No
63,3.3,2.1,6.6,6.49,No
67,0.9,2.8,4.5,4.75,No
71,3.1,5.6,8.2,4.72,Yes
79,0.0,2.0,6.5,4.32,No
60,0.1,6.4,8.6,5.47,No
63,4.7,5.4,6.8,4.83,No
71,3.7,4.5,7.6,6.35,Yes
54,1.9,2.8,6.3,5.84,No
56,2.8,6.7,6.0,4.96,No
73,4.4,3.5,7.1,7.04,No
65,3.1,2.6,8.3,5.94,No
54,1.8,2.9,6.1,4.4,No
47,1.7,1.2,7.3,5.56,No
68,0.5,2.1,6.3,4.69,No
76,1.9,2.4,7.7,6.0,Yes
80,1.1,3.3,7.4,5.63,No
48,4.0,3.2,7.3,5.81,No
75,3.5,1.3,4.0,5.23,No
54,1.3,2.9,7.8,5.21,No
95,1.6,3.1,4.7,5.16,No
65,2.5,2.8,4.2,6.34,No
51,2.1,3.8,8.9,4.94,No
74,4.7,4.0,6.6,6.8,No
68,6.2,4.3,8.2,5.72,Yes
80,1.4,1.4,5.2,6.11,No
73,4.5,2.1,7.5,6.25,Yes
95,2.6,2.6,4.3,5.75,No
64,2.9,4.7,5.2,5.82,No
82,3.3,3.8,8.4,6.17,No
60,2.2,3.2,6.1,5.01,Yes
73,1.8,3.3,6.5,5.92,No
62,2.1,5.4,8.1,5.3,No
86,3.4,5.9,6.4,4.97,No
84,3.5,3.2,5.2,6.03,Yes
77,6.0,2.6,5.4,5.13,No
75,2.8,0.3,5.6,6.63,Yes
80,2.2,4.1,7.8,4.84,No
84,2.3,3.6,7.9,5.95,No
71,2.5,4.9,6.0,5.94,No
78,2.8,4.9,5.8,5.35,No
93,3.4,3.3,5.7,6.39,Yes
67,6.7,1.5,6.0,6.06,Yes
73,2.8,5.5,6.9,5.35,No
64,0.9,2.4,7.8,6.14,No
90,5.3,5.6,6.9,5.76,No
66,3.7,4.6,6.0,6.26,No
77,0.5,,5.1,5.2,No
100,3.3,2.9,5.1,5.93,Yes
85,3.2,2.5,7.8,5.42,No
66,4.2,0.0,7.0,7.46,Yes
82,6.7,1.4,6.8,5.9,Yes
76,3.0,1.2,5.7,6.48,Yes
46,2.4,4.9,7.9,4.7,Yes
52,,2.6,6.5,5.14,No
65,2.4,3.3,6.0,5.47,No
75,0.9,3.5,6.6,4.69,No
61,4.1,6.8,3.7,4.47,No
70,0.0,3.5,6.5,4.07,No
62,1.0,2.6,6.1,4.17,No
56,0.9,2.5,8.6,5.04,No
63,2.9,2.8,5.5,4.35,No
74,2.1,4.1,7.5,5.43,No
77,4.3,3.0,5.8,6.54,Yes
64,4.7,2.0,8.1,6.75,Yes
92,1.0,3.6,8.2,6.04,Yes
59,1.0,5.3,5.6,4.93,No
73,0.8,3.7,,5.17,No
63,4.9,2.6,5.9,6.21,No
57,3.2,3.8,8.9,5.8,No
56,1.7,0.2,6.4,5.88,Yes
68,4.0,3.1,7.2,6.58,No
47,2.0,2.2,5.8,3.95,No
75,3.6,0.7,7.0,5.85,No
76,2.4,5.6,6.2,5.64,No
79,1.1,2.7,6.6,4.5,No
95,4.3,2.2,4.7,5.95,No
74,2.5,3.6,5.9,6.0,No
54,4.4,1.3,7.9,5.44,Yes
63,5.7,2.4,4.7,6.24,Yes
70,4.1,2.4,5.0,6.06,Yes
66,,3.1,5.6,7.36,No
55,4.1,6.5,,4.27,No
59,2.3,6.0,8.6,5.87,No
76,4.1,1.2,4.8,7.57,Yes
79,2.9,3.5,8.3,5.36,Yes
63,0.4,2.5,5.5,5.6,No
73,3.8,,5.5,5.32,No
49,4.1,1.3,6.8,6.0,No
54,2.1,6.6,5.6,5.53,No
69,0.5,3.3,6.1,4.44,No
49,5.4,2.5,5.8,4.83,No
72,3.5,2.4,6.7,5.64,No
48,4.6,3.7,7.8,6.76,Yes
88,2.5,2.1,4.6,6.86,No
89,2.8,2.5,6.1,6.38,Yes
91,1.5,4.1,7.1,4.44,No
55,5.6,1.6,8.0,,No
82,7.3,,4.5,7.77,Yes
60,2.8,4.2,6.7,6.17,No
41,3.3,1.2,5.2,5.19,No
58,5.3,3.7,5.5,5.75,Yes
83,0.1,3.6,8.0,5.47,No
74,7.0,4.8,8.4,7.38,Yes
61,5.9,3.0,5.9,5.2,No
66,1.3,1.9,5.3,5.65,No
61,1.5,1.7,3.8,4.78,No
67,0.8,1.4,7.1,5.39,Yes
90,0.9,3.4,4.6,5.21,No
64,3.9,2.1,8.6,5.96,Yes
97,1.7,5.1,6.8,5.48,No
54,3.5,3.6,5.7,5.33,No
78,5.0,4.0,6.5,5.64,Yes
84,4.4,3.6,6.6,6.47,No
49,4.5,3.2,7.1,5.59,No
74,4.1,5.4,6.0,6.35,No
50,,0.9,5.6,5.79,Yes
97,3.1,3.5,4.8,5.85,No
89,2.1,1.3,7.2,5.6,Yes
79,,0.7,5.0,5.95,Yes
70,4.3,1.4,4.0,6.1,Yes
62,4.5,6.4,,4.25,Yes
60,1.9,2.9,6.2,4.87,No
91,2.3,3.6,6.0,5.59,No
72,2.9,5.8,7.8,6.8,No
88,2.7,1.8,5.9,7.07,No
89,1.5,3.2,,5.87,Yes
68,5.4,3.0,7.6,5.48,Yes
67,2.3,4.8,6.4,4.25,No
66,3.7,5.4,8.2,,No
57,2.2,1.9,6.0,6.08,No
68,1.9,2.3,6.5,5.4,No
69,2.5,5.3,4.4,6.07,No
79,1.5,2.3,6.3,5.65,No
68,0.7,3.1,6.1,5.67,No
81,2.7,2.7,4.0,5.67,No
78,3.5,5.0,5.9,7.44,Yes
80,3.8,3.9,6.8,6.55,No
72,2.9,0.5,4.6,5.77,Yes
77,2.3,1.9,7.5,7.32,No
73,3.5,2.8,5.0,5.81,No
47,1.6,3.3,6.7,4.33,No
63,5.1,5.6,8.7,4.97,No
56,3.0,3.9,6.8,5.0,No
92,4.4,3.1,6.0,6.72,Yes
84,3.8,4.0,6.5,5.34,No
73,2.8,,7.9,4.19,No
75,3.3,2.5,,,No
91,1.3,2.1,4.8,5.02,No
62,3.4,3.0,5.7,4.66,No
88,1.8,1.7,5.8,5.05,Yes
96,1.9,3.7,6.1,7.17,No
71,4.8,5.1,8.1,6.34,No
58,2.1,4.4,5.8,4.6,No
67,4.7,4.6,8.9,5.92,Yes
86,1.7,2.2,5.7,4.85,No
78,4.5,1.5,4.8,,No
74,1.7,4.8,5.6,4.17,No
56,3.0,3.9,6.4,6.19,No
71,3.4,3.1,5.4,5.65,No
74,3.7,4.4,8.5,6.07,No
63,3.0,3.1,4.3,6.31,No
63,1.2,5.9,5.1,2.45,No
81,0.5,4.5,3.9,5.55,No
79,2.9,3.5,6.0,5.7,Yes
70,5.9,1.2,6.9,5.51,Yes
67,2.3,2.7,5.2,5.07,No
68,5.1,5.3,6.2,6.73,No
85,4.6,4.4,5.4,5.14,No
78,4.1,6.0,6.4,4.03,No
73,1.3,2.1,7.2,6.14,Yes
94,3.8,0.9,6.4,6.86,Yes
60,3.8,4.8,8.1,4.94,No
53,3.0,4.8,5.1,5.04,Yes
34,3.5,3.6,7.9,5.51,No
78,2.1,5.0,4.5,5.04,No
93,4.0,5.7,7.2,5.4,Yes
92,4.6,3.1,4.9,7.27,No
61,0.0,5.6,3.8,3.48,No
58,3.1,0.9,6.7,6.18,Yes
35,0.8,3.6,6.5,3.9,No
60,1.9,3.6,3.0,4.96,No
53,3.5,4.0,5.6,3.59,Yes
88,3.5,4.7,6.3,6.45,No
72,2.2,4.9,7.3,5.7,No
71,5.9,2.8,7.8,6.22,Yes
59,3.4,1.8,6.1,6.13,No
49,2.1,4.8,6.7,4.05,No
50,3.5,2.1,7.4,5.47,No
54,0.5,1.0,7.3,5.48,No
81,3.6,4.0,7.1,5.94,Yes
49,2.6,3.1,8.0,4.81,No
78,5.0,1.3,7.8,5.7,Yes
100,1.4,1.4,6.6,6.08,Yes
63,4.3,3.3,5.5,7.47,No
75,3.0,2.9,6.7,4.5,Yes
70,4.2,,8.1,6.45,Yes
50,4.6,3.9,5.4,5.19,No
54,3.7,4.0,8.1,6.06,No
62,4.5,2.2,6.0,6.2,Yes
69,3.5,3.2,3.7,5.49,No
99,2.0,4.2,5.7,7.46,No
60,5.6,3.2,4.9,6.0,Yes
57,0.0,5.1,5.2,4.21,No
56,1.2,2.8,9.5,4.9,Yes
87,2.5,4.3,5.9,5.77,No
61,1.9,3.7,6.7,,Yes
95,3.0,2.5,6.9,5.89,Yes
74,3.1,4.7,6.2,5.15,No
93,2.0,2.6,4.8,,No
71,3.7,4.3,5.2,4.93,No
67,1.3,4.7,5.5,4.67,Yes
73,3.8,4.7,5.6,5.6,No
90,2.2,3.5,6.9,7.06,No
74,2.7,1.6,6.4,6.93,No
78,1.3,4.0,6.0,5.48,No
71,6.4,6.0,6.5,4.84,No
67,2.0,6.2,5.1,4.77,No
77,5.5,2.4,5.0,6.6,No
73,1.4,3.9,6.7,6.09,No
73,2.3,2.2,5.7,5.91,Yes
51,3.5,6.0,6.9,5.52,No
62,3.3,4.6,8.4,5.64,No
70,2.2,3.8,8.0,5.83,No
50,2.9,4.5,6.7,5.4,No
81,4.8,0.5,6.6,6.89,Yes
52,0.9,2.8,7.8,4.87,No
58,4.4,4.0,8.3,4.2,No
75,3.5,2.1,6.9,5.39,No
49,3.7,3.0,8.9,5.31,No
80,0.5,4.2,7.4,4.67,No
51,4.1,4.4,6.8,5.14,No
76,0.4,3.1,5.2,5.69,No
62,2.3,3.4,7.8,5.0,No
72,2.1,2.1,5.9,5.3,No
66,2.9,2.5,6.8,5.65,No
58,2.7,4.6,3.8,5.47,No
35,2.6,1.9,5.3,5.13,No
51,,5.0,7.8,5.71,No
44,4.4,5.1,4.7,5.28,No
60,7.1,4.3,7.5,6.41,Yes
79,0.3,4.3,5.2,5.56,Yes
94,1.7,1.6,4.8,5.51,No
87,3.0,4.4,6.1,5.16,Yes
81,2.3,1.9,4.2,7.33,Yes
94,2.7,0.8,5.3,5.45,No
87,2.7,4.0,7.3,5.4,No
97,3.4,6.3,7.9,5.75,Yes
73,5.3,2.5,6.1,5.16,Yes
78,5.2,4.2,7.9,6.12,No
50,1.6,4.2,5.5,3.81,No
49,1.5,3.6,5.7,4.28,No
81,1.2,,4.9,5.85,No
53,1.0,3.8,5.0,5.64,No
70,0.4,5.8,6.9,3.93,No
96,5.1,5.0,5.2,6.81,Yes
69,,,6.5,6.78,Yes
77,2.2,5.2,5.5,5.56,No
65,2.8,3.5,7.9,4.31,No
84,1.7,5.4,6.0,4.62,No
80,1.2,1.3,6.9,6.16,Yes
80,4.2,2.6,4.7,,Yes
81,3.6,3.6,6.9,6.0,Yes
62,1.7,5.4,5.7,5.59,No
100,5.5,3.2,6.8,,Yes
66,5.1,2.7,6.4,5.87,No
66,1.3,3.3,6.4,5.4,No
57,0.9,6.4,7.6,4.71,Yes
70,3.6,2.0,6.2,6.54,Yes
73,6.4,2.9,8.3,7.26,Yes
67,1.7,2.0,6.2,5.34,No
89,4.1,4.3,5.9,6.38,Yes
74,2.3,2.0,7.8,5.99,Yes
83,4.0,3.7,5.3,5.17,No
41,0.0,2.3,6.7,4.11,No
66,1.8,4.1,8.3,4.97,No
78,3.4,3.8,5.4,4.77,No
54,3.5,4.8,4.4,5.41,No
56,0.0,4.3,,3.84,No
69,1.8,5.3,8.2,6.12,Yes
69,2.0,6.9,6.5,4.57,No
61,4.0,7.0,4.9,5.01,No
66,2.8,4.2,8.4,4.69,No
83,3.6,3.9,7.0,5.73,No
64,5.1,3.0,7.4,5.46,No
50,2.8,3.1,6.4,4.25,No
69,4.0,4.0,,5.7,No
62,4.5,2.2,,6.3,No
85,2.5,4.4,7.9,6.1,Yes
93,2.3,0.8,6.8,,Yes
54,4.1,3.7,6.2,4.91,No
76,3.6,2.3,6.4,5.76,No
36,4.7,3.0,6.3,5.16,No
80,3.6,,5.3,6.18,Yes
75,2.6,1.9,5.2,6.16,Yes
71,3.3,2.5,3.9,4.63,No
69,2.2,1.7,3.7,5.73,No
55,0.0,5.5,7.7,3.28,No
57,4.3,0.6,6.7,6.67,Yes
55,1.3,2.8,7.3,5.51,No
73,3.5,4.8,5.3,4.85,No
47,3.1,5.2,,4.1,No
46,3.4,5.2,6.2,4.29,No
91,1.1,4.6,7.3,6.38,No
72,0.8,2.2,5.7,4.67,No
47,,3.8,7.2,5.08,No
84,3.2,0.8,6.8,6.59,Yes
56,3.5,2.4,7.1,6.41,No
60,2.0,1.9,7.8,4.78,No
70,1.3,2.7,5.6,3.64,Yes
49,4.1,3.3,5.3,4.4,No
78,5.8,1.7,5.7,6.63,No
60,3.8,5.5,5.8,4.47,No
32,4.5,1.6,8.6,5.26,No
75,0.3,4.0,3.7,4.48,No
90,4.3,0.9,6.9,6.55,Yes
88,2.1,3.7,6.7,5.07,Yes
50,2.6,1.6,7.0,5.69,Yes
77,5.0,5.4,5.2,5.4,No
63,2.3,3.4,7.4,5.85,No
74,4.0,2.7,8.8,6.68,Yes
49,2.5,4.2,5.8,5.43,No
60,0.5,3.3,3.5,2.84,No
54,4.2,4.4,4.9,6.09,Yes
41,3.1,4.9,5.0,5.58,No
53,3.2,3.2,6.1,6.48,No
71,3.5,3.4,5.5,5.76,Yes
50,,1.7,5.2,6.23,Yes
70,3.0,5.0,6.5,5.18,No
79,0.0,3.6,7.2,5.14,No
87,5.2,4.4,5.6,7.56,Yes
96,3.4,2.9,7.5,5.82,Yes
81,1.6,0.8,8.5,4.82,No
52,4.3,2.3,4.9,4.89,No
77,1.0,0.0,5.7,6.82,No
83,0.0,3.1,4.8,5.67,No
56,,5.2,8.0,5.96,No
86,4.7,1.9,6.4,6.37,No
61,4.8,6.2,7.1,6.53,No
70,2.3,2.0,6.8,,No
86,2.5,0.8,6.5,5.57,No
62,2.3,1.7,7.1,5.42,No
65,0.9,4.4,8.3,4.83,No
84,2.4,3.1,4.1,6.77,No
77,2.5,4.6,7.2,6.38,No
37,1.2,5.3,5.9,3.94,No
47,5.2,2.0,8.0,5.39,No
66,1.9,4.3,6.6,5.83,No
65,5.3,1.3,7.8,5.19,No
57,4.4,2.0,7.1,5.04,No
100,3.3,4.2,6.3,5.76,No
86,0.9,4.9,6.5,4.48,Yes
32,4.1,2.8,6.5,4.83,No
86,6.1,4.1,9.0,6.87,No
54,2.0,2.9,4.7,4.94,No
67,3.7,7.6,7.6,5.52,No
46,2.5,3.6,5.5,4.28,No
87,0.4,3.5,6.5,5.47,Yes
73,3.1,2.1,5.5,5.83,Yes
90,2.6,3.3,6.5,4.93,Yes
74,1.1,4.0,4.5,5.8,No
63,4.4,3.1,7.3,5.56,No
58,1.8,2.6,5.4,,No
45,2.1,4.4,7.0,5.14,Yes
65,3.9,2.8,6.2,5.83,No
73,1.2,4.9,9.1,4.98,No
37,4.1,2.6,7.9,5.56,No
82,3.3,2.5,6.0,6.34,Yes
71,3.4,4.7,5.4,5.04,No
64,4.8,4.4,6.9,6.67,Yes
53,2.3,5.7,9.4,5.37,No
52,1.6,2.1,7.9,3.88,Yes
67,0.0,3.6,7.1,5.02,No
67,1.8,4.8,7.7,4.95,Yes
38,2.7,5.5,6.8,5.43,No
100,2.2,,7.9,5.69,Yes
54,3.5,3.4,7.0,5.8,No
87,1.1,4.3,5.8,4.99,No
62,2.4,1.4,4.8,5.13,Yes
77,4.0,7.2,8.0,6.53,No
65,4.4,4.1,6.6,4.83,No
63,5.4,3.3,6.6,6.36,Yes
71,2.1,4.7,6.4,5.84,No
62,1.1,3.5,8.6,4.97,No
86,4.3,6.5,5.2,4.61,No
48,3.1,6.8,5.6,2.67,No
67,2.2,2.6,7.1,5.46,Yes
58,1.4,3.7,7.7,5.52,No
79,1.5,3.5,5.1,5.47,No
36,2.5,0.7,7.2,4.68,No
87,7.0,4.5,6.8,6.84,Yes
53,3.0,3.5,6.5,6.58,No
78,4.3,4.6,8.8,6.25,No
36,1.5,1.6,4.1,4.43,No
60,0.0,5.4,5.0,4.47,No
62,4.0,3.5,8.0,6.35,No
70,1.5,1.1,6.4,5.12,Yes
76,1.5,1.4,8.4,5.35,No
100,3.0,3.4,9.0,6.64,Yes
61,5.2,2.7,7.4,5.66,No
79,4.4,2.2,6.3,6.52,Yes
62,2.0,4.0,8.2,5.76,No
74,3.5,4.2,,6.98,Yes
45,3.7,3.9,4.8,5.59,No
73,3.8,,7.4,5.56,No
54,2.5,3.4,10.0,4.33,No
42,3.8,3.7,7.0,5.13,Yes
67,3.8,1.6,6.3,5.53,No
71,3.6,4.2,5.9,5.5,Yes
64,1.3,3.9,6.1,,No
75,3.0,0.9,6.2,6.46,Yes
96,4.4,2.1,6.3,5.97,Yes
55,0.0,3.4,6.1,6.34,No
81,4.8,4.6,7.8,5.32,Yes
58,4.3,0.0,7.0,7.18,No
74,3.6,5.2,7.8,6.54,No
68,3.8,3.0,5.4,5.98,No
92,3.0,5.2,6.4,5.12,No
68,1.6,0.0,6.6,5.3,No
69,2.6,2.1,5.9,6.52,Yes
85,3.1,4.4,6.2,5.38,No
77,2.6,5.1,4.8,5.23,No
79,3.6,5.5,5.4,5.3,No
88,3.5,4.9,7.3,6.49,No
73,3.0,3.5,7.3,,No
92,3.8,4.4,5.0,6.96,Yes
47,,5.5,6.1,6.51,No
66,1.4,5.1,5.3,4.64,Yes
69,4.8,2.8,5.5,5.19,Yes
57,2.1,4.6,3.9,5.98,No
80,3.5,3.5,5.1,6.67,No
73,2.7,5.6,5.4,5.88,Yes
37,,2.8,6.8,5.85,No
88,4.8,4.6,6.8,6.33,Yes
85,2.7,5.1,6.4,5.5,Yes
72,3.6,2.1,7.5,6.1,No
75,4.6,2.7,7.5,7.16,No
51,4.2,6.3,,4.8,No
55,3.8,4.6,6.8,3.69,No
28,6.2,5.7,4.8,4.73,No
59,3.1,2.6,7.3,5.68,No
68,,2.3,7.3,6.01,No
77,7.0,3.8,6.7,7.36,No
51,2.2,2.7,7.6,6.27,No
84,5.5,0.0,5.5,6.53,Yes
71,3.8,5.5,6.6,5.49,No
85,5.6,6.0,6.4,4.74,Yes
82,3.3,5.5,8.4,5.96,No
72,4.3,6.0,6.1,5.18,Yes
75,1.0,4.5,6.2,4.97,No
60,1.3,3.1,6.7,4.71,No
69,4.0,6.9,7.6,5.56,Yes
72,4.0,5.8,4.9,6.02,No
82,1.8,4.7,7.2,6.58,Yes
70,4.1,0.0,5.1,6.22,Yes
100,3.6,3.8,6.7,5.87,No
71,3.9,3.0,4.7,5.85,No
32,4.6,4.0,5.9,4.18,No
63,1.0,2.3,7.0,5.49,No
55,4.3,4.1,5.9,5.31,Yes
64,3.8,2.4,7.8,6.16,No
52,1.9,4.6,7.2,5.76,No
44,1.2,2.0,6.1,4.97,No
58,2.3,4.0,7.8,5.8,No
75,2.5,3.9,7.5,5.59,No
77,2.4,4.0,7.6,4.56,No
57,3.2,2.9,7.5,5.26,No
81,4.7,2.7,5.2,6.05,Yes
61,3.6,5.4,6.8,5.43,No
59,1.5,3.7,7.1,5.59,No
63,3.5,2.9,8.0,5.03,No
34,2.5,3.0,5.3,4.38,Yes
65,2.4,4.3,8.1,6.07,No
45,2.2,2.4,6.9,5.1,No
61,3.4,3.0,5.6,5.59,No
58,3.1,2.7,5.9,5.08,No
83,2.1,5.9,8.9,6.16,No
55,3.6,3.0,5.2,4.99,No
100,2.7,1.9,6.2,7.42,Yes
57,2.5,1.7,6.0,5.14,No
62,3.2,2.8,7.1,5.4,No
73,2.7,3.0,5.8,6.31,No
60,2.3,3.7,7.6,5.33,No
83,4.5,2.4,8.3,5.89,No
38,4.6,3.5,3.7,5.97,No
71,2.2,5.9,4.5,4.06,No
59,3.5,3.3,8.1,4.96,No
80,2.5,5.3,6.6,6.64,No
68,2.6,3.8,8.3,5.17,No
76,,2.5,7.2,6.59,No
83,1.4,2.5,6.3,5.46,No
90,3.0,4.1,4.5,5.67,Yes
75,2.7,0.7,4.8,6.32,Yes
94,2.5,3.8,7.7,6.97,Yes
52,4.9,1.8,8.0,5.77,Yes
63,3.5,5.2,6.6,4.77,No
59,3.5,5.3,4.7,5.41,No
70,5.5,3.0,8.6,5.34,No
72,3.7,6.8,9.0,5.46,No
61,6.1,2.4,7.9,6.7,Yes
86,2.5,2.0,7.3,6.23,No
20,3.0,3.1,7.2,4.58,No
85,4.6,0.0,4.1,6.53,Yes
60,0.0,3.4,8.5,5.39,No
75,3.3,2.7,8.8,5.83,No
50,6.9,7.1,8.1,6.96,No
72,1.6,1.7,4.6,4.3,No
72,5.2,7.1,7.9,5.71,No
84,2.8,5.2,6.1,5.15,No
83,7.2,1.1,6.5,7.38,Yes
48,1.9,3.8,4.7,,No
68,1.9,4.4,4.3,5.83,No
83,1.6,,4.3,4.91,No
60,3.3,1.5,6.1,5.9,No
42,2.4,1.9,4.1,4.81,No
70,2.1,2.6,5.4,6.53,No
48,3.5,2.9,6.4,6.45,No
60,4.0,3.1,6.3,4.54,No
55,0.0,1.2,6.2,5.77,No
65,4.4,4.1,6.1,5.74,No
86,1.2,4.2,6.1,5.09,No
78,2.5,1.2,5.7,5.33,Yes
87,2.5,4.3,6.3,5.4,No
76,3.6,0.0,6.9,7.11,No
71,1.8,1.8,4.9,5.68,No
88,4.2,1.7,7.8,6.81,No
47,1.8,4.6,5.9,5.94,No
90,4.6,2.0,4.7,5.08,No
77,2.8,2.5,6.8,5.69,Yes
83,3.3,4.6,8.0,5.99,No
61,4.5,,4.5,7.26,No
57,2.7,2.6,4.3,5.94,Yes
70,6.3,0.0,8.2,6.27,No
51,2.7,4.2,4.9,5.3,No
62,3.3,5.1,4.8,5.23,No
63,5.4,3.5,7.2,6.1,No
62,3.8,5.0,4.6,4.56,No
59,4.3,3.9,7.1,5.63,No
45,2.5,2.4,7.0,3.71,No
77,0.0,5.3,4.4,5.48,No
72,2.1,5.1,3.7,4.49,No
52,2.9,3.1,4.9,4.94,No
75,1.9,4.3,8.2,3.76,No
65,3.1,6.2,5.8,4.4,No
56,0.8,2.9,5.3,5.27,No
78,3.1,,5.1,6.02,No
69,1.9,4.5,7.1,,No
90,0.5,3.9,6.6,4.9,No
58,3.2,3.4,5.7,5.35,No
76,3.0,0.2,4.5,5.72,No
93,2.5,5.3,6.9,5.92,Yes
71,1.6,2.0,5.4,5.16,No
53,1.4,4.1,6.7,3.68,No
62,5.2,2.7,4.5,5.96,No
90,4.0,5.9,8.2,5.76,No
89,2.1,2.3,6.0,6.27,Yes
62,2.2,2.7,7.1,5.83,Yes
58,1.4,6.7,7.4,4.12,No
81,2.8,4.6,3.9,5.23,No
57,4.9,2.5,5.0,7.06,Yes
70,3.7,3.1,6.6,,No
30,4.3,4.2,3.3,5.5,Yes
92,1.2,2.2,4.7,5.76,Yes
73,2.1,2.7,7.7,5.78,No
63,3.4,3.3,7.0,4.91,No
75,0.0,3.9,6.8,4.86,Yes
79,2.0,4.4,7.9,6.17,No
43,1.7,1.1,8.1,5.97,No
57,5.0,2.7,8.0,5.7,Yes
64,,3.6,6.3,5.42,No
49,3.7,5.4,4.3,5.19,No
63,2.9,3.6,5.2,5.83,No
63,3.8,4.9,5.9,4.11,No
58,2.6,2.6,7.2,6.68,No
61,4.4,5.3,4.3,5.7,No
65,1.6,3.2,7.2,4.97,No
44,,4.9,6.5,4.54,No
81,2.9,3.4,6.1,6.02,No
76,3.4,4.8,10.0,6.68,Yes
63,4.8,3.1,5.2,6.58,No
69,,4.0,7.4,5.6,No
69,2.9,3.4,5.7,5.57,No
98,3.2,3.7,7.5,6.12,Yes
59,2.0,4.6,4.3,4.95,No
74,3.9,4.6,6.0,4.83,No
33,1.5,1.5,6.2,3.12,No
74,2.8,5.2,7.4,5.53,No
63,3.6,1.5,5.8,5.45,No
74,3.6,,7.2,6.52,Yes
72,3.3,1.8,4.1,5.54,No
69,1.2,5.2,6.5,5.4,No
72,4.6,5.0,6.1,5.2,No
81,2.9,3.8,7.2,5.29,No
66,0.7,2.4,8.4,5.24,No
64,1.3,6.9,6.2,5.84,No
84,0.9,3.0,6.9,5.54,Yes
72,1.3,2.6,5.2,4.3,No
58,2.6,0.0,5.1,5.2,No
76,0.0,1.2,6.9,5.14,No
66,4.2,5.4,7.0,5.42,No
49,4.9,3.2,5.0,,No
76,4.6,2.8,5.8,6.61,No
63,1.1,4.5,6.1,5.12,No
42,3.9,2.5,6.7,,No
50,4.6,1.6,7.6,5.04,No
79,6.0,4.2,5.7,6.89,Yes
73,1.0,4.2,5.4,5.52,Yes
67,4.1,4.4,7.0,4.57,No
76,2.5,0.9,5.0,5.6,No
78,3.7,4.7,6.8,7.01,Yes
81,2.2,4.3,5.9,5.57,No
81,3.5,4.0,10.0,5.48,Yes
60,6.0,4.1,6.2,5.82,No
34,1.8,4.1,6.4,4.99,No
61,1.1,2.2,6.3,4.64,No
100,2.0,1.8,8.3,6.18,No
81,3.9,4.6,7.4,5.47,Yes
63,3.8,3.2,7.0,6.55,Yes
63,0.2,6.1,7.1,3.96,No
88,2.7,2.8,4.6,5.43,No
52,3.8,3.5,6.8,5.51,No
79,3.4,1.6,7.3,5.78,No
48,3.4,1.8,6.3,4.95,No
86,5.0,2.5,7.7,7.41,Yes
68,2.7,1.8,6.8,5.07,Yes
84,3.6,4.9,7.5,5.82,Yes
63,1.5,4.9,6.9,5.29,No
99,,0.2,8.1,7.08,Yes
73,1.2,2.0,7.2,5.66,No
78,2.1,2.6,4.4,3.89,Yes
86,3.0,4.2,7.6,5.08,No
96,2.4,2.9,8.0,4.72,Yes
66,3.7,0.0,6.0,6.86,No
72,0.8,1.1,6.5,4.51,No
75,0.3,5.7,7.4,5.06,No
88,1.6,2.4,6.7,5.56,No
83,4.7,4.3,6.7,5.47,No
43,0.1,4.7,9.4,3.51,No
49,3.7,1.4,6.5,6.0,Yes
80,4.4,3.4,6.5,5.74,No
95,3.2,6.1,6.3,6.23,No
62,1.6,,6.7,5.56,No
78,1.9,3.7,5.8,4.13,No
62,4.6,3.5,7.5,4.4,Yes
72,2.9,5.3,4.3,5.66,No
58,3.2,6.7,7.0,5.55,No
61,2.8,0.4,7.3,5.63,No
67,3.2,6.9,6.0,4.28,No
73,3.2,4.4,5.3,4.62,Yes
92,4.4,4.6,7.3,7.17,No
57,2.2,3.0,8.5,,No
92,1.5,6.4,3.0,4.33,No
80,3.0,3.5,7.6,6.07,Yes
60,2.8,3.6,7.9,6.23,No
59,3.0,2.2,5.2,6.17,No
51,5.9,1.7,8.3,6.05,No
57,2.0,2.0,6.5,3.56,No
47,4.2,5.1,4.6,4.38,No
70,2.5,5.3,7.0,4.62,No
63,4.0,5.0,6.8,6.38,No
59,3.2,3.4,5.7,5.3,No
88,3.7,4.9,8.3,5.69,No
72,3.9,2.3,6.2,5.71,No
74,2.0,3.5,7.1,5.29,No
85,0.0,2.7,6.0,6.27,No
52,4.4,2.4,5.9,5.93,No
67,0.0,3.8,5.2,3.65,No
86,2.0,4.4,8.5,6.63,Yes
48,1.5,3.1,7.1,3.32,No
74,,4.4,5.7,4.35,No
92,5.5,3.5,6.7,6.21,Yes
42,3.1,0.4,7.9,5.89,No
92,2.3,2.1,6.4,5.05,No
81,1.9,4.1,7.1,5.03,No
72,3.5,4.2,5.6,4.18,No
87,0.9,2.8,6.5,6.04,Yes
75,0.4,2.1,4.3,5.75,No
55,1.7,5.6,6.4,,No
63,2.3,4.6,5.7,5.38,No
68,0.0,0.5,8.1,5.14,No
79,,3.7,5.7,7.26,Yes
59,2.0,3.6,5.5,4.08,No
72,1.6,2.4,7.5,5.17,Yes
70,4.1,,5.6,5.15,No
72,0.9,1.5,6.6,6.16,Yes
81,,4.7,6.3,5.01,No
63,3.3,5.7,6.3,3.93,No
55,1.5,2.2,5.3,3.88,No
67,2.8,3.1,7.7,5.96,No
46,3.7,1.8,5.7,5.78,No
77,2.2,2.9,7.0,5.22,Yes
77,5.9,4.5,7.0,6.26,Yes
72,2.7,3.3,7.3,6.52,No
50,3.0,4.6,5.9,4.42,No
55,2.7,6.9,5.9,5.08,No
94,3.0,2.6,7.2,6.31,No
66,2.2,3.7,5.7,5.97,No
81,4.8,2.9,5.9,5.46,Yes
100,5.0,4.6,6.0,7.05,No
65,3.9,3.6,6.4,7.55,Yes
77,3.0,3.9,6.1,6.97,Yes
68,2.3,3.5,6.3,4.45,No
79,2.3,3.4,5.3,6.2,No
77,6.3,4.1,6.5,,Yes
77,2.5,3.8,7.6,5.81,No
92,0.2,5.2,5.6,5.41,No
59,5.3,3.2,7.1,6.08,No
72,0.8,6.1,8.9,,No
69,1.4,3.8,5.0,5.57,No
54,2.9,6.9,6.3,4.46,Yes
72,2.9,5.5,6.7,4.71,No
87,2.9,3.4,6.2,5.34,No
48,3.2,3.1,5.1,5.15,Yes
85,2.0,1.6,6.6,5.78,No
76,0.6,5.8,5.7,5.43,No
83,2.5,6.7,7.2,5.76,No
70,1.2,2.5,9.0,4.33,No
100,4.2,3.5,6.7,6.04,Yes
76,2.1,3.9,8.4,4.29,No
73,2.7,3.6,5.3,4.73,No
71,5.1,2.1,6.8,7.29,No
58,3.3,5.2,7.0,5.06,No
65,1.8,3.6,5.1,5.23,No
63,2.5,6.7,4.9,6.13,No
79,3.0,3.2,6.2,4.83,No
84,3.9,3.6,4.0,5.65,No
86,3.0,2.8,7.6,5.78,Yes
64,1.7,1.2,5.8,4.81,Yes
49,4.7,3.4,7.0,5.22,Yes
81,1.2,2.4,7.2,4.72,Yes
57,3.9,5.1,6.5,4.16,No
88,3.4,3.3,4.9,6.55,Yes
78,2.9,2.4,4.8,5.95,No
79,1.5,1.1,6.5,6.19,No
60,0.0,4.6,4.8,5.24,No
65,0.6,2.6,5.4,4.99,No
62,3.6,4.1,5.8,5.29,No
86,3.6,4.2,4.7,5.06,Yes
55,5.3,,7.1,4.9,No
84,3.1,1.9,6.2,6.55,Yes
83,3.1,4.6,7.9,5.99,No
67,1.9,2.9,,5.49,No
96,2.4,4.0,5.0,6.25,No
78,3.0,3.3,3.8,5.65,Yes
38,5.5,5.3,6.1,,No
75,3.5,4.0,6.5,5.18,Yes
55,2.4,3.8,4.6,4.54,No
64,2.0,7.7,6.8,4.95,Yes
86,0.0,6.1,6.0,3.57,No
58,1.0,2.8,8.3,4.66,No
84,2.5,2.7,,5.34,No
69,3.0,3.2,4.5,6.35,No
66,1.7,3.6,4.1,4.96,No
51,4.7,,5.1,6.5,No
54,4.2,4.9,7.6,6.16,No
84,3.7,2.7,6.9,5.54,No
62,4.7,5.6,6.4,5.47,No
65,4.8,4.6,6.0,4.97,No
69,2.2,2.1,6.8,5.35,No
77,2.3,3.3,5.5,6.53,Yes
96,2.8,1.1,8.0,5.94,No
79,2.4,4.1,4.8,4.84,No
100,0.6,2.0,7.2,6.62,Yes
79,3.7,3.6,6.0,5.89,No
52,3.0,2.8,8.4,5.32,No
71,4.7,5.5,5.5,7.04,No
100,0.9,3.4,6.1,6.45,Yes
97,4.3,6.7,5.0,5.58,Yes
88,6.1,0.1,6.4,7.25,Yes
45,1.8,2.5,7.6,4.45,No
92,2.2,7.1,6.3,,No
62,3.3,2.9,7.2,5.45,No
74,3.7,4.6,5.0,4.0,No
70,0.0,2.1,9.0,5.31,No
66,4.3,7.1,6.4,5.71,No
69,0.3,3.1,5.2,5.26,No
64,4.2,1.6,5.1,6.02,Yes
40,0.2,3.3,5.9,4.18,No
51,1.9,1.7,4.5,5.09,No
79,4.4,1.6,5.8,7.64,No
89,2.0,1.0,7.3,7.15,Yes
72,4.6,2.2,6.0,6.11,Yes
81,3.0,4.3,7.4,5.67,No
66,3.2,5.8,7.8,4.22,No
66,2.3,4.8,5.0,5.17,No
61,1.5,,5.7,4.69,No
48,5.7,3.4,4.8,5.59,Yes
77,3.2,3.6,7.5,5.31,No
66,0.7,1.9,6.4,4.86,No
86,3.9,4.1,8.5,5.71,Yes
78,0.8,2.8,7.2,4.59,No
78,2.8,3.7,6.4,5.32,Yes
70,1.0,3.9,7.8,3.48,Yes
50,1.6,4.1,8.5,5.13,No
53,3.2,3.5,6.2,4.27,No
64,3.3,4.7,6.0,4.85,No
84,1.1,2.2,6.3,4.64,No
80,3.2,1.7,5.0,5.06,Yes
100,0.4,1.3,6.8,5.92,No
52,4.7,3.9,6.5,5.13,Yes
83,3.0,3.9,5.4,5.14,No
55,3.0,3.4,,5.5,No
84,1.7,4.1,6.4,5.43,No
73,1.8,5.6,8.2,4.22,No
46,,0.4,6.6,5.12,No
68,3.6,2.8,6.0,6.1,No
90,4.4,2.3,6.2,5.92,No
70,1.9,2.2,5.7,5.61,No
75,2.7,4.5,7.5,4.15,No
81,3.5,3.5,8.1,6.21,Yes
63,2.7,2.9,4.9,4.41,No
93,3.7,4.7,6.6,6.11,No
75,2.1,6.3,6.9,5.05,No
88,1.2,4.1,5.9,6.35,No
75,3.6,2.4,6.0,4.88,Yes
71,0.8,3.0,7.5,4.83,No
60,6.1,4.9,5.2,5.82,No
82,2.5,2.8,4.2,5.18,No
63,2.4,3.8,7.3,4.1,No
64,3.3,3.5,5.8,4.94,Yes
36,3.6,5.8,8.0,4.76,No
56,2.3,2.4,6.2,4.67,No
59,3.3,1.4,7.2,4.32,No
68,2.2,2.7,7.3,5.57,No
78,4.8,,6.3,5.91,No
61,4.3,2.9,5.9,5.57,No
61,2.2,2.6,5.4,5.13,No
91,2.4,3.8,7.2,5.64,Yes
83,2.1,1.8,9.2,6.53,Yes
66,2.9,6.2,7.2,5.2,No
62,3.7,3.1,7.1,5.78,No
53,4.0,3.0,5.4,4.55,No
76,3.2,3.8,7.5,5.61,No
92,3.3,3.2,8.0,3.85,No
63,2.9,3.0,6.2,5.06,No
71,4.4,5.3,5.9,6.39,Yes
76,2.5,4.0,6.1,4.9,Yes
60,5.9,3.6,5.6,5.87,Yes
53,5.0,2.2,8.6,3.98,No
51,2.6,3.3,9.0,5.31,No
88,,1.2,7.3,5.81,Yes
65,0.0,,7.1,4.41,Yes
86,1.1,5.2,,4.26,No
72,2.3,4.7,6.8,4.24,No
98,2.4,2.8,5.7,5.13,No
50,3.8,0.9,,6.01,No
84,4.2,3.1,8.8,7.18,Yes
65,0.5,5.2,5.9,4.13,No
47,,4.0,6.5,3.77,No
61,1.0,3.5,5.6,4.85,No
29,0.9,4.4,6.2,4.44,No
43,3.0,3.0,6.6,5.48,No
79,4.4,3.4,6.1,5.56,Yes
68,4.9,4.5,7.6,5.81,Yes
78,4.8,2.5,5.6,5.74,Yes
75,0.2,2.8,6.1,6.25,No
69,2.3,5.2,6.5,4.17,No
84,3.3,2.5,6.8,,No
48,4.1,1.1,8.7,5.55,No
84,0.0,1.6,8.1,5.85,No
67,1.8,4.0,4.3,3.67,Yes
70,5.2,5.2,5.0,5.69,No
91,2.9,6.8,5.0,6.16,No
48,5.1,2.5,6.7,5.79,Yes
78,4.0,0.8,6.4,6.31,Yes
54,2.1,6.5,9.7,5.08,No
91,3.8,4.9,7.0,5.38,No
97,4.6,3.1,5.9,6.68,No
80,2.5,2.9,6.4,6.13,Yes
85,1.9,3.0,6.4,6.79,Yes
38,1.4,3.1,6.3,5.24,Yes
60,4.3,3.8,5.0,6.05,No
70,4.3,4.1,,5.39,Yes
75,1.7,4.9,7.5,6.28,No
63,1.1,2.9,6.8,6.27,No
62,2.1,5.4,5.1,4.59,No
58,2.6,2.8,7.0,5.59,No
70,4.1,4.1,6.7,5.38,Yes
56,5.4,0.6,8.0,5.86,Yes
40,2.0,2.5,8.9,4.39,No
27,5.5,3.9,4.4,4.82,No
77,1.4,1.8,6.2,4.22,No
71,4.0,2.2,6.6,6.28,Yes
69,4.9,4.7,6.6,5.68,Yes
84,,1.4,9.4,6.47,No
46,1.3,3.8,4.1,5.11,No
67,3.3,5.4,6.5,,Yes
91,4.6,5.0,7.2,5.58,Yes
64,2.7,6.7,6.5,5.64,No
66,4.3,3.5,6.6,5.0,Yes
84,4.0,4.3,6.8,5.59,Yes
66,0.8,3.9,7.0,5.78,No
42,,4.1,6.8,6.34,No
67,4.5,4.1,5.5,5.93,No
59,1.6,1.6,,6.0,No
51,1.9,3.9,6.9,4.68,No
90,4.7,6.2,5.5,5.09,No
73,2.8,4.5,6.1,4.48,No
84,3.7,2.7,4.2,6.82,Yes
46,0.4,4.7,6.6,4.23,No
65,3.8,0.8,5.7,4.99,No
83,1.9,4.3,7.3,5.15,No
77,0.6,0.2,5.8,5.32,No
88,2.6,1.7,,6.7,Yes
63,4.2,2.5,6.6,6.7,No
71,4.4,2.1,7.3,5.3,No
72,2.9,4.6,6.1,6.59,No
74,2.3,2.6,7.1,5.15,No
71,0.7,1.4,7.2,5.95,No
63,,2.8,5.2,6.19,No
81,2.8,3.1,5.0,5.67,Yes
79,2.7,3.8,4.5,4.17,Yes
73,2.4,2.6,7.5,5.49,No
59,4.3,4.9,5.6,6.12,Yes
65,4.0,4.0,7.0,6.18,Yes
46,4.5,3.0,6.6,4.32,No
62,4.1,4.9,5.8,5.65,No
70,2.4,7.0,5.3,4.28,No
84,2.2,3.5,6.9,6.42,Yes
60,2.8,0.6,6.1,5.95,Yes
63,2.9,3.3,5.2,6.05,Yes
83,4.1,5.8,5.8,5.93,Yes
88,2.9,2.9,4.4,6.21,No
66,2.8,3.7,8.1,4.35,No
79,3.6,1.4,7.2,6.6,Yes
57,3.7,4.2,7.3,6.17,No
72,1.9,2.2,7.0,6.45,No
69,2.4,5.2,8.2,6.41,Yes
53,1.6,2.5,6.5,5.05,No
74,2.0,1.0,5.6,4.7,No
63,4.7,4.0,5.7,5.47,Yes
96,4.1,2.8,7.5,6.63,Yes
60,3.9,1.4,4.9,5.28,No
44,4.1,4.7,7.8,5.72,No
71,0.0,3.1,6.1,4.89,No
80,2.7,5.1,7.6,4.47,No
65,3.3,2.7,6.6,5.82,No
76,1.7,3.0,5.8,5.65,No
81,0.6,4.3,8.3,5.56,No
64,2.6,4.4,6.5,5.14,No
100,3.9,2.0,5.1,6.25,Yes
66,4.4,3.4,5.3,5.03,No
98,1.0,7.6,6.7,5.08,No
84,3.5,6.1,5.4,4.58,Yes
95,0.9,4.2,6.2,6.04,No
81,3.5,6.9,6.5,5.93,Yes
76,1.9,3.9,6.1,4.08,No
58,3.8,2.3,8.7,6.48,No
63,3.4,5.5,7.7,5.7,No
55,5.5,1.3,5.3,5.23,No
75,,2.2,7.0,4.57,Yes
87,3.6,3.7,8.0,7.02,No
73,3.9,5.6,5.6,4.2,No
79,2.3,5.4,4.8,5.37,No
88,4.6,1.5,7.4,7.38,Yes
61,6.6,2.0,6.2,7.64,No
80,2.6,1.7,5.8,6.63,Yes
89,1.7,3.5,7.2,5.24,No
83,0.0,3.8,6.3,7.55,No
92,6.3,3.0,7.0,7.56,Yes
89,4.6,2.6,8.8,6.41,Yes
56,3.3,2.4,8.3,5.41,No
64,4.3,5.7,7.9,6.88,No
77,1.3,2.3,8.3,5.43,No
71,4.9,1.3,7.8,6.28,No
37,3.3,6.9,7.5,4.59,No
34,2.6,3.5,6.6,3.58,No
40,3.2,4.0,6.2,6.15,No
84,1.7,2.3,7.4,4.97,Yes
75,1.8,3.7,4.8,5.27,No
65,1.1,2.1,6.0,4.22,No
61,3.3,2.0,6.2,5.2,No
82,3.2,2.4,7.5,7.76,Yes
80,0.2,2.0,6.4,6.57,No
47,0.7,5.2,7.6,3.51,No
55,4.4,3.4,6.5,5.27,Yes
64,4.0,5.2,4.2,5.73,Yes
62,2.4,4.3,7.5,4.64,No
65,4.3,7.7,5.8,,No
60,0.5,2.8,5.0,5.51,No
57,4.4,2.6,7.4,5.75,Yes
75,0.0,4.4,4.1,5.59,No
74,2.8,4.4,6.5,6.1,No
40,4.5,3.0,6.7,5.65,No
60,3.6,4.4,7.6,5.98,No
41,4.8,1.7,4.6,5.93,Yes
93,2.7,4.1,7.0,6.5,No
69,2.9,2.4,7.9,5.99,No
64,4.9,,5.7,5.54,No
76,4.6,1.9,5.8,5.76,Yes
86,2.4,2.5,7.4,5.15,No
41,3.6,2.2,7.1,5.43,No
57,2.0,4.3,5.8,5.01,No
69,4.9,6.1,6.8,4.82,No
52,2.9,1.2,7.9,4.6,No
59,3.6,4.6,5.1,5.49,No
43,2.7,4.9,6.1,4.78,No
56,0.0,3.1,8.7,4.14,No
57,1.6,1.7,5.8,6.51,No
94,0.7,2.1,6.2,5.98,No
79,3.4,4.5,7.8,5.13,Yes
49,0.0,2.5,4.6,4.01,No
61,3.4,3.2,5.9,5.47,No
74,1.4,1.0,7.3,5.91,Yes
58,3.5,4.2,5.3,4.98,No
59,3.0,5.0,6.9,4.29,No
94,2.8,2.1,5.9,5.76,Yes
51,4.6,2.6,4.7,5.44,No
100,4.5,1.3,4.5,7.13,No
51,5.0,3.0,4.2,6.27,Yes
38,1.9,3.6,6.9,3.9,No
94,1.3,3.8,6.5,5.81,Yes
74,4.6,5.2,5.3,5.76,No
67,1.9,5.3,,4.23,Yes
75,0.8,4.2,6.6,5.58,No
48,1.2,1.1,7.4,4.89,No
61,3.2,4.2,7.1,4.71,No
84,,1.5,7.1,5.49,No
59,,3.3,8.1,5.6,No
59,1.0,3.9,6.8,3.02,No
87,0.8,2.9,6.6,5.24,No
69,2.6,5.8,6.7,5.59,No
75,0.1,3.1,7.9,,No
48,2.3,3.7,8.6,4.46,No
70,4.3,5.6,5.5,5.28,No
90,6.2,2.3,6.4,7.24,Yes
42,2.4,3.1,9.2,4.1,No
55,2.3,5.2,6.0,3.93,No
88,3.2,,3.8,4.86,No
75,4.0,3.6,4.9,5.31,No
57,4.6,1.2,5.7,6.71,Yes
68,2.0,3.1,5.0,6.12,No
65,4.6,1.7,7.6,5.58,Yes
36,2.2,4.7,7.8,5.72,No
70,5.4,3.6,5.5,5.93,No
46,4.4,0.9,6.5,5.9,No
74,1.8,0.8,4.7,7.2,No
46,3.2,2.4,7.4,5.97,No
82,2.3,1.5,7.4,6.95,No
68,3.9,2.6,5.1,5.21,No
52,2.6,4.3,7.8,4.64,No
52,1.9,2.1,5.9,4.39,No
59,3.8,4.6,6.0,5.03,No
68,3.5,2.7,5.5,,No
65,1.1,4.0,5.9,4.59,No
73,5.1,1.1,4.9,5.38,Yes
72,4.4,4.9,4.5,5.74,Yes
83,4.2,5.5,7.1,5.26,No
100,2.7,3.0,7.9,7.55,No
66,1.3,2.6,5.7,4.9,Yes
67,4.8,3.6,6.7,7.54,Yes
75,2.0,3.1,5.0,5.69,No
58,1.7,2.8,5.2,5.26,No
49,3.3,7.0,6.8,5.58,No
57,0.3,5.0,5.4,5.16,Yes
69,3.4,4.1,7.3,5.08,No
73,1.9,3.9,5.5,6.16,No
100,2.7,1.0,8.4,6.1,No
45,4.2,2.9,8.1,5.91,No
73,4.9,2.7,8.7,5.18,Yes
64,4.7,5.1,7.3,5.47,No
86,5.1,2.0,4.6,6.53,No
51,2.9,4.2,7.0,4.91,No
80,0.0,2.3,6.8,4.78,No
61,2.7,3.9,6.2,6.42,No
83,4.0,2.6,5.9,5.54,No
68,2.1,3.8,6.1,5.83,No
82,2.4,3.7,5.2,5.95,Yes
74,1.2,4.2,6.3,5.35,No
54,4.1,5.1,5.4,4.71,No
38,2.0,4.5,4.9,3.76,No
92,2.6,4.9,5.6,4.92,Yes
65,3.9,5.7,5.8,5.03,Yes
88,2.9,3.3,6.4,5.83,No
68,5.4,3.5,7.2,5.77,Yes
84,,1.8,3.9,6.29,No
55,0.3,,7.7,4.66,No
72,4.0,0.4,9.1,7.35,Yes
100,3.0,5.0,9.2,,Yes
55,4.1,2.9,5.0,5.89,No
79,2.3,5.6,6.2,4.4,No
69,3.5,3.8,5.8,5.49,No
76,2.6,2.3,6.5,6.7,Yes
70,0.7,1.1,9.3,6.72,No
43,4.0,0.3,5.7,5.11,No
77,3.8,1.6,5.0,6.82,No
75,4.5,4.2,7.8,6.58,No
94,0.0,4.5,7.1,4.82,No
51,3.0,3.7,6.2,5.11,No
74,2.3,3.8,6.8,5.21,No
52,4.4,1.5,8.7,6.19,No
85,3.2,2.0,6.6,7.17,No
80,2.4,2.3,6.4,5.29,No
66,5.4,4.1,5.2,5.25,No
50,5.9,1.6,6.7,6.49,Yes
70,5.3,4.4,5.6,6.81,Yes
77,3.5,1.7,5.9,6.01,No
86,2.3,5.1,6.8,5.71,No
50,6.1,2.0,7.1,6.43,No
54,5.1,2.1,6.5,7.08,Yes
54,4.3,4.6,8.6,5.72,No
66,2.5,3.5,7.0,5.34,No
60,1.3,3.6,5.8,6.09,No
82,1.2,4.5,7.6,4.76,No
78,,3.5,7.8,5.89,No
81,3.8,5.2,5.7,6.13,Yes
88,0.1,2.7,7.7,5.32,No
47,4.5,3.5,6.2,4.58,No
68,0.7,4.6,6.6,3.61,No
71,2.6,5.5,5.5,5.65,No
57,4.9,2.0,3.4,6.43,No
69,6.3,2.9,7.7,7.19,Yes
76,3.2,3.4,5.7,4.45,Yes
61,2.8,3.5,6.7,6.05,Yes
70,2.9,3.9,6.9,4.56,No
64,2.8,5.0,7.5,5.4,No
79,4.2,4.1,5.3,5.58,No
83,2.1,2.9,5.8,6.37,No
77,2.1,4.6,6.9,5.27,No
92,2.0,7.1,7.6,5.15,No
31,4.5,2.9,7.3,4.65,No
63,,2.6,5.3,5.65,No
53,3.5,1.9,7.2,5.64,No
93,5.8,5.5,6.1,7.08,Yes
51,4.0,1.9,7.4,5.47,No
91,6.1,2.7,6.9,7.68,Yes
65,5.1,4.4,5.7,6.14,Yes
59,1.4,1.9,8.3,5.5,No
74,4.5,4.4,7.1,5.51,No
99,5.2,3.5,7.1,5.33,No
56,1.1,0.0,6.6,4.42,No
73,4.0,5.2,6.9,6.11,No
75,0.8,5.0,6.3,5.05,No
54,3.4,2.3,8.9,5.81,Yes
60,4.7,2.4,6.0,5.77,Yes
61,1.7,2.9,6.2,6.26,No
71,4.1,4.7,6.3,6.75,No
48,0.8,4.3,8.4,4.48,No
70,3.5,3.9,6.2,5.3,No
52,3.6,5.0,7.9,4.87,No
66,3.2,1.8,6.3,4.46,No
52,2.0,1.9,7.2,4.8,Yes
89,4.1,5.7,8.8,6.84,No
73,4.2,2.6,5.6,6.9,No
57,5.8,3.1,7.7,5.4,No
95,7.0,3.0,4.7,8.33,Yes
47,1.5,2.8,6.0,4.7,No
69,2.0,3.4,,5.28,No
76,2.5,3.1,6.4,6.54,No
65,3.1,4.5,5.8,5.5,No
67,2.8,6.3,6.9,5.16,No
59,3.6,,6.1,6.09,No
56,1.8,5.1,6.1,5.52,No
82,2.3,3.6,,6.06,Yes
71,0.0,2.8,6.0,5.02,No
74,3.3,1.8,6.8,6.06,Yes
79,1.9,2.7,6.4,4.97,No
60,2.4,0.0,7.0,6.67,No
59,4.5,4.3,7.3,5.88,Yes
58,2.2,3.9,6.5,5.26,No
70,3.5,3.4,5.6,6.44,Yes
99,5.1,1.9,5.6,7.12,Yes
70,3.9,3.6,6.1,6.79,Yes
24,5.1,3.8,9.1,5.64,No
74,5.6,3.4,4.9,6.84,Yes
75,3.0,2.3,6.0,6.13,No
84,3.3,3.5,5.8,6.98,Yes
89,3.8,1.4,5.0,5.24,No
100,1.0,4.4,6.0,5.19,No
69,4.0,4.2,6.6,5.34,Yes
73,4.3,6.1,8.2,5.91,No
75,0.6,1.8,5.7,4.55,No
64,1.9,2.8,8.7,,No
66,1.1,3.2,4.7,5.99,No
59,3.8,2.0,7.0,6.79,No
63,2.0,2.0,5.4,4.75,No
68,5.1,3.0,6.9,4.92,Yes
77,4.2,1.4,9.2,6.58,Yes
76,5.5,4.8,6.1,5.88,Yes
53,2.4,3.1,6.9,3.77,No
49,6.2,4.0,6.9,6.47,No
62,0.0,3.9,6.4,5.12,No
93,3.7,3.9,9.3,6.96,Yes
75,3.5,4.3,6.6,5.02,Yes
72,4.5,,6.5,6.48,No
81,2.4,6.7,5.6,4.7,No
51,4.4,3.3,5.4,6.13,No
80,1.6,2.3,7.9,5.63,No
61,2.3,1.5,8.6,5.1,No
45,3.1,1.3,8.6,4.26,No
67,4.0,8.0,7.1,4.94,No
85,1.0,3.8,5.7,4.89,No
72,3.6,2.4,5.3,6.54,No
68,1.0,2.2,6.7,4.76,No
58,1.5,4.5,7.2,5.82,No
67,5.0,2.3,6.4,6.79,Yes
100,4.5,4.1,5.3,5.97,Yes
81,5.1,4.5,5.8,6.66,Yes
70,1.6,3.9,7.3,5.16,No
55,1.8,0.6,6.9,5.86,No
39,1.9,5.5,8.0,4.0,No
51,3.4,4.3,8.3,4.57,No
64,5.2,6.6,9.7,4.35,No
55,3.1,4.4,5.9,4.06,No
47,0.2,2.3,7.6,3.75,No
67,3.1,3.0,5.3,5.95,No
48,2.9,3.3,6.9,,Yes
75,4.9,3.1,6.5,6.6,No
82,3.6,2.5,6.5,4.51,No
94,3.5,3.9,7.0,6.17,Yes
53,3.2,2.6,5.2,6.34,Yes
60,1.4,5.8,4.5,4.9,No
53,2.9,1.3,5.9,5.33,No
84,3.5,3.3,6.3,7.54,Yes
56,3.2,2.1,6.6,5.9,No
62,0.3,3.1,5.8,4.13,No
69,4.4,4.7,5.6,6.73,No
54,3.4,4.2,6.7,6.67,No
88,4.7,5.9,7.4,5.92,Yes
51,2.7,1.6,6.3,4.96,No
72,3.5,1.1,4.1,5.69,Yes
55,0.5,1.9,5.5,5.28,No
62,2.6,1.4,5.1,4.54,No
70,5.2,4.2,6.9,6.25,Yes
55,4.3,4.7,8.4,5.99,No
20,2.1,5.6,5.8,4.56,No
86,2.1,1.1,6.4,6.61,No
41,4.3,2.5,4.4,4.97,No
62,0.9,1.4,8.6,4.64,No
70,3.9,1.9,6.9,5.23,No
69,5.3,4.3,4.9,6.73,Yes
71,1.2,0.4,9.2,5.42,No
66,3.5,1.8,5.9,5.55,No
71,3.6,3.4,5.4,5.72,No
75,3.8,0.7,7.4,5.34,Yes
90,3.3,5.2,6.3,5.92,Yes
61,4.9,2.5,7.1,5.38,No
88,1.8,6.3,9.0,4.86,No
65,2.1,3.7,9.1,5.81,No
78,0.6,2.9,6.7,6.76,No
73,2.8,1.7,6.0,4.14,No
55,4.6,1.7,4.7,5.22,No
47,3.2,1.5,4.1,5.58,No
76,4.5,4.1,7.7,6.21,No
52,2.8,5.3,6.4,5.25,Yes
55,0.4,4.3,5.8,3.94,No
64,2.9,1.2,6.9,5.69,No
86,1.7,3.5,6.0,,No
90,2.4,3.3,7.1,6.67,Yes
49,0.8,3.0,6.5,4.21,No
28,4.2,0.4,4.9,4.48,No
67,4.2,0.0,5.6,5.59,No
59,3.7,2.5,7.3,4.18,No
94,1.6,2.3,5.7,5.17,No
80,2.5,5.1,5.6,6.81,No
57,1.1,4.6,8.4,5.05,No
49,0.5,4.0,6.6,4.65,No
76,3.4,2.4,7.5,5.3,No
60,4.2,5.5,7.9,5.59,No
57,3.6,6.2,7.1,4.71,No
74,1.5,4.5,5.5,4.47,No
54,4.4,2.7,7.1,5.04,Yes
73,5.4,3.2,9.4,5.87,No
76,3.2,7.3,5.9,5.62,No
49,4.7,,7.8,5.25,Yes
76,2.1,5.4,7.7,6.09,No
69,1.6,3.1,5.6,5.29,No
39,0.0,2.1,4.5,5.29,No
73,3.6,2.2,6.4,6.22,Yes
59,3.5,0.0,4.9,6.14,Yes
64,2.4,2.6,3.1,5.27,No
79,3.0,6.3,5.7,5.35,No
63,0.7,3.9,6.6,6.07,No
94,2.7,2.9,8.5,6.53,No
32,2.6,1.8,5.2,4.14,No
72,2.0,4.3,6.3,6.02,No
57,3.3,4.3,7.3,5.07,Yes
59,2.9,4.3,4.6,5.06,No
54,3.7,2.6,6.4,4.79,No
79,2.9,2.9,6.2,4.79,Yes
50,1.6,3.5,4.4,5.07,No
93,4.3,1.4,5.7,7.2,Yes
81,1.8,5.2,4.9,5.42,No
59,5.4,1.7,6.9,5.71,No
63,4.0,6.6,6.3,4.63,No
82,6.9,3.9,6.5,6.32,No
72,1.8,4.2,6.3,3.93,No
89,2.8,1.4,5.9,,No
66,2.6,3.8,6.6,4.97,Yes
84,2.8,4.9,6.8,6.14,No
80,2.7,3.9,5.6,5.46,No
80,3.6,3.7,7.1,6.4,Yes
67,4.1,3.1,4.7,6.28,No
77,4.2,4.1,7.0,5.81,No
63,4.7,2.9,8.1,6.84,No
58,0.0,4.0,6.6,4.23,No
72,5.2,5.8,4.7,4.6,No
80,2.4,5.3,6.1,5.87,No
70,4.5,3.8,6.4,5.57,Yes
49,,1.8,4.2,5.33,No
65,5.5,3.2,7.1,6.35,Yes
73,5.5,4.2,7.9,5.75,No
93,4.6,4.3,7.8,5.81,No
83,5.5,5.2,5.0,5.75,No
86,1.5,1.7,7.1,5.25,No
35,6.2,5.1,8.6,5.82,Yes
97,2.6,4.5,5.7,5.78,No
77,1.9,5.4,7.5,4.83,No
52,0.9,1.6,5.6,6.13,No
51,2.5,8.0,7.5,4.56,No
60,0.0,2.0,5.3,3.18,No
57,2.6,2.5,6.6,5.99,No
74,2.9,2.5,7.5,6.76,No
59,3.8,4.4,7.0,4.25,Yes
74,2.2,3.9,6.5,4.68,No
67,1.4,3.1,6.8,5.1,No
85,3.2,5.8,7.1,6.14,No
68,4.2,4.7,5.6,5.5,No
45,3.3,2.8,4.3,6.09,No
53,0.0,1.9,5.0,4.4,No
78,4.1,,6.4,5.59,Yes
92,5.2,2.1,8.4,7.21,Yes
76,4.5,4.5,4.5,5.81,Yes
100,4.9,0.0,5.0,7.56,No
40,,3.4,8.5,3.95,No
72,3.0,5.8,6.5,5.19,No
46,2.7,4.2,5.4,5.24,No
79,3.9,6.0,6.3,5.68,No
89,3.4,2.7,5.8,6.25,Yes
48,4.0,3.9,6.0,5.13,No
85,2.1,3.2,6.8,4.37,No
98,2.9,3.6,6.2,6.54,Yes
56,3.7,2.1,7.1,3.97,No
95,3.4,3.6,5.6,6.29,Yes
57,0.3,3.1,7.2,4.7,No
72,5.3,2.8,6.1,5.58,No
100,5.7,2.7,8.3,6.89,Yes
62,2.4,2.9,7.8,4.66,No
65,2.1,4.9,7.4,4.1,No
69,2.1,3.8,6.6,5.91,No
63,2.7,3.1,5.9,4.26,No
97,2.9,4.2,5.6,5.08,No
72,2.1,4.1,5.6,4.82,No
97,5.9,3.2,7.3,6.47,Yes
85,3.4,1.7,6.1,5.4,Yes
52,4.2,0.0,7.6,7.13,No
83,4.5,6.1,6.7,6.89,No
68,4.8,3.3,5.9,4.63,No
71,4.0,2.2,6.4,6.07,Yes
98,2.8,2.3,6.5,7.03,No
62,2.9,4.9,6.3,3.61,No
69,4.3,6.6,5.1,5.18,Yes
94,4.7,5.0,6.2,6.54,Yes
67,0.8,2.2,6.6,4.64,No
74,5.0,6.0,5.8,5.29,No
65,6.5,6.2,6.5,4.96,No
65,2.3,0.5,6.8,5.81,No
60,,6.0,7.2,4.83,No
50,4.6,2.1,6.5,6.05,No
60,1.2,3.9,5.5,4.76,No
75,3.7,6.2,5.4,6.68,No
55,3.6,2.2,7.7,6.69,No
66,0.5,4.7,7.2,6.02,No
85,0.9,4.9,5.3,5.12,No
71,6.1,4.1,5.9,4.63,No
100,3.7,1.8,8.1,7.47,No
79,3.4,3.8,5.5,4.93,No
42,5.4,2.3,10.0,6.16,Yes
55,5.4,4.6,7.1,6.86,No
33,1.2,5.5,6.9,3.63,No
66,2.3,5.7,7.6,5.08,No
90,2.7,5.3,5.8,6.13,No
73,3.8,0.8,7.8,6.74,Yes
59,1.8,1.5,7.4,6.49,No
94,6.3,1.4,7.0,8.29,Yes
57,0.0,3.1,7.1,3.94,No
80,0.6,4.9,8.8,5.44,No
58,2.4,,7.9,,Yes
76,,2.7,5.7,5.28,No
62,6.5,0.9,5.8,5.87,No
52,3.5,5.4,7.7,6.3,No
45,3.5,4.5,6.6,5.63,No
77,4.3,4.1,6.8,6.85,No
83,3.1,2.6,6.3,5.34,No
78,2.7,4.1,6.0,6.86,No
70,2.2,2.6,7.2,6.95,Yes
45,3.0,3.4,6.7,5.24,No
71,5.1,4.7,5.1,5.52,No
72,2.6,1.7,5.8,7.06,No
100,2.8,3.7,7.8,5.73,Yes
63,2.3,5.5,6.1,4.56,No
64,2.9,6.4,6.4,4.56,Yes
73,3.7,1.7,8.0,6.14,Yes
68,1.4,3.8,6.9,4.12,No
68,4.1,2.6,6.5,6.43,No
52,3.3,5.6,4.7,5.14,No
76,4.0,1.8,7.1,6.75,Yes
67,4.1,4.5,5.3,5.82,Yes
50,1.8,0.5,7.2,5.19,No
61,2.5,4.3,4.2,5.6,No
51,1.2,4.9,5.1,4.74,No
68,2.2,2.6,6.8,5.2,No
91,2.5,0.2,8.0,6.0,No
58,5.6,5.1,3.9,5.08,No
68,4.1,0.6,6.9,6.75,Yes
70,1.2,0.6,6.9,5.5,No
90,1.2,4.2,,5.48,No
69,6.5,4.8,7.3,6.45,Yes
52,3.5,,5.8,5.64,No
100,0.6,0.7,5.2,5.85,Yes
85,1.9,0.7,5.4,6.47,No
34,0.7,3.3,4.1,4.19,No
74,2.8,5.7,5.2,5.82,No
86,3.2,5.6,8.7,5.97,Yes
70,5.0,3.6,9.4,6.24,No
75,1.1,2.9,5.4,5.79,No
69,2.1,0.6,6.2,5.63,No
63,3.5,2.9,8.1,4.81,No
51,4.1,2.2,5.8,5.72,No
63,4.7,5.3,9.2,4.78,No
34,0.2,3.5,8.1,3.07,No
96,3.3,2.7,6.7,7.33,No
70,3.7,3.1,6.8,5.24,Yes
50,4.3,3.3,8.0,5.89,No
70,2.9,4.1,6.5,6.01,No
89,3.7,5.8,4.6,6.29,Yes
80,5.2,2.0,6.2,5.78,Yes
54,2.8,0.8,8.2,4.91,No
64,3.2,1.8,6.2,5.98,Yes
83,2.9,3.1,,5.84,Yes
59,2.5,2.8,6.2,4.91,No
75,1.0,1.8,7.9,5.66,No
61,2.5,7.5,,5.1,No
68,4.1,5.2,7.9,5.02,No
87,4.0,2.3,6.4,6.82,Yes
60,2.9,3.5,7.6,5.39,Yes
44,,4.7,5.8,3.83,No
100,0.3,4.4,7.3,5.41,No
65,4.7,3.8,7.5,5.21,Yes
75,0.0,2.2,8.1,5.6,No
100,1.0,4.5,6.3,5.0,Yes
78,3.0,4.4,6.4,4.84,No
68,3.9,3.6,4.8,5.9,No
70,5.2,2.8,7.9,7.06,No
99,4.5,3.5,4.8,7.03,Yes
83,4.1,3.5,3.4,,Yes
62,3.6,0.0,6.5,,No
83,0.0,2.0,5.8,4.98,Yes
61,3.7,2.6,7.7,5.59,No
74,4.6,2.6,7.6,5.59,Yes
80,0.7,1.5,4.1,3.84,No
59,3.3,1.1,7.6,6.65,No
63,0.6,3.5,5.2,5.49,No
62,4.2,4.9,6.9,3.97,No
51,1.6,2.3,8.8,5.44,No
71,6.6,4.6,6.2,7.36,No
68,4.3,3.1,7.3,5.33,Yes
74,3.3,5.1,6.8,5.12,No
75,3.0,4.0,6.1,5.94,No
62,4.2,2.9,6.3,6.75,No
82,4.0,7.1,5.4,5.75,No
71,3.5,2.8,6.1,6.77,No
48,1.3,3.7,7.9,5.08,Yes
75,4.2,4.7,7.2,4.97,Yes
60,2.2,2.2,7.0,5.52,No
29,0.7,1.6,8.7,4.48,No
97,2.8,4.0,8.2,7.04,No
41,2.4,4.0,6.6,4.4,No
55,3.4,,4.9,4.69,No
65,2.6,4.1,5.8,4.45,No
72,2.1,4.4,4.6,5.34,No
72,3.8,2.1,6.2,4.97,No
64,3.8,4.9,8.4,5.81,No
45,0.5,2.0,5.0,,No
76,2.6,4.7,7.1,4.78,No
54,3.3,6.0,5.6,5.33,No
78,1.7,4.0,6.2,5.52,No
78,,2.6,7.5,5.02,Yes
70,3.0,5.2,,5.0,No
54,2.7,3.6,7.3,4.85,No
62,2.0,3.8,6.4,5.54,No
97,2.4,,6.2,6.14,No
67,4.6,6.9,6.0,4.86,No
46,5.1,,6.8,5.3,No
80,1.8,4.2,7.6,4.17,No
59,2.7,2.5,6.2,6.7,No
87,1.6,3.7,7.1,4.71,No
34,2.9,4.9,8.2,4.52,No
74,3.4,3.7,6.3,4.74,No
99,3.1,6.1,4.9,6.36,No
81,0.0,6.5,7.4,3.98,No
80,4.8,5.9,8.7,5.85,Yes
57,2.3,,6.9,4.83,No
54,1.2,2.3,6.1,5.43,No
62,1.7,2.5,6.0,4.44,No
78,4.6,3.3,5.8,7.22,No
66,4.1,1.9,,5.93,Yes
46,2.9,,5.8,4.64,No
80,2.9,2.7,7.7,5.71,Yes
70,1.1,4.2,7.0,5.46,No
75,4.5,3.0,4.4,5.16,No
64,4.4,4.6,7.0,6.21,No
71,4.9,1.9,5.0,5.99,Yes
78,3.3,1.4,6.7,5.83,Yes
63,4.8,3.1,7.0,4.43,Yes
56,1.7,4.9,7.5,4.41,No
49,3.1,4.2,7.4,4.82,No
69,4.4,3.6,7.2,5.24,Yes
72,4.1,4.9,7.7,5.95,No
82,5.4,4.5,7.1,6.15,Yes
80,2.1,5.9,6.6,5.53,No
69,4.3,3.1,5.7,5.81,No
72,1.2,4.4,5.9,4.41,No
95,0.3,5.0,5.8,5.29,No
79,3.6,2.8,6.3,4.89,No
73,5.7,4.3,8.0,4.92,No
55,5.2,5.2,7.2,3.89,No
62,1.7,4.2,5.6,4.4,No
46,3.0,1.5,6.9,5.07,No
74,1.3,,,5.46,No
58,3.2,4.8,6.2,6.47,No
54,4.0,1.1,7.0,4.79,No
75,2.4,3.9,5.4,6.19,No
85,3.4,4.5,6.3,6.1,Yes
59,2.0,5.1,6.3,4.19,No
64,2.1,3.2,5.6,5.74,No
65,1.6,3.9,7.8,4.72,No
91,1.7,0.7,7.5,6.53,No
52,5.6,5.0,6.9,4.82,No
31,3.8,2.5,,3.6,No
76,0.3,4.4,8.2,5.33,No
30,3.7,1.8,6.6,4.74,No
54,3.7,4.3,6.5,4.99,No
99,5.8,3.8,8.6,7.17,No
68,1.2,3.2,7.1,4.77,No
75,3.9,0.0,6.1,5.65,Yes
83,2.9,2.0,5.9,,Yes
47,3.4,3.9,5.6,7.13,No
73,4.0,1.7,6.9,6.22,No
43,0.0,3.3,8.9,5.64,No
58,3.8,2.5,6.5,5.4,No
68,3.9,5.1,5.3,8.06,No
55,3.4,0.9,5.6,5.23,No
68,1.4,2.8,5.9,4.89,No
82,2.8,3.2,7.4,5.76,No
57,5.1,5.4,7.1,6.01,No
77,2.9,4.3,6.6,5.62,Yes
54,4.2,4.9,7.6,4.62,Yes
87,3.8,2.9,7.8,7.46,Yes
80,4.7,3.4,6.2,5.73,No
80,5.4,3.3,6.1,6.12,Yes
82,0.0,3.7,7.7,5.32,No
100,2.0,4.7,7.7,5.76,No
73,,4.4,6.2,6.85,Yes
56,6.2,,3.7,6.64,No
79,4.6,5.0,7.7,5.51,No
72,3.8,3.7,6.2,5.34,No
73,3.8,2.4,5.1,4.61,Yes
74,1.6,4.4,7.6,5.8,No
44,3.8,0.9,7.8,6.12,Yes
56,0.7,2.5,7.3,5.71,No
48,3.2,3.8,7.4,6.55,Yes
100,3.7,5.2,7.7,5.54,Yes
99,4.4,3.2,6.0,6.1,Yes
100,0.8,4.0,7.8,6.57,Yes
96,2.5,2.7,6.1,5.7,Yes
68,1.1,6.7,5.3,3.94,No
52,5.0,5.0,7.1,5.85,No
71,5.6,3.9,5.6,6.95,Yes
98,4.4,4.7,6.4,7.15,No
74,1.1,2.8,5.2,5.21,No
71,3.0,2.9,5.8,5.55,No
72,3.8,5.0,7.2,6.09,No
71,3.4,4.6,7.4,4.73,No
69,3.8,4.4,6.6,6.25,No
64,3.3,1.6,5.6,6.83,Yes
90,3.4,4.5,7.4,5.46,Yes
55,1.5,4.9,8.2,4.54,No
72,4.3,4.7,5.4,,Yes
63,0.4,5.0,6.1,5.31,No
53,4.4,4.0,6.1,5.27,No
61,0.0,5.8,5.3,4.26,No
56,4.8,5.4,5.6,6.87,No
51,3.0,3.8,6.5,4.33,No
74,2.4,1.9,6.9,5.5,No
91,4.8,4.0,8.6,5.4,Yes
55,4.1,3.4,5.5,5.4,No
62,2.3,5.2,5.0,4.2,No
66,5.3,2.5,4.3,5.8,No
73,3.0,1.4,7.0,6.87,Yes
74,3.0,,7.4,6.76,Yes
79,3.5,5.4,6.0,4.56,No
52,3.5,5.5,6.5,4.94,No
45,3.2,6.6,5.4,4.69,No
56,4.3,6.6,6.2,4.7,No
59,2.6,6.0,6.9,5.5,No
62,4.4,4.7,9.3,5.12,No
53,1.6,2.9,5.1,4.28,No
69,3.2,2.6,5.1,5.68,No
75,3.6,3.6,5.1,4.73,No
82,2.0,5.1,6.2,6.32,No
57,2.7,2.0,8.3,5.17,No
71,4.0,1.9,6.2,,Yes
84,1.7,4.4,6.8,4.93,No
44,4.1,2.0,4.8,5.29,No
60,3.8,1.1,4.9,5.5,No
50,2.9,3.3,,5.09,No
74,2.4,4.7,9.5,5.42,No
97,1.7,2.4,4.6,6.53,Yes
59,5.6,1.7,7.9,7.41,Yes
89,2.4,1.7,6.1,6.82,Yes
85,0.9,3.7,4.8,4.81,No
71,1.2,3.3,4.9,6.0,No
64,3.4,2.6,8.4,5.71,Yes
62,2.1,3.0,6.0,5.41,No
95,0.8,4.0,6.5,6.14,Yes
58,1.6,3.6,8.0,5.43,No
76,4.6,2.5,6.7,6.52,No
58,4.4,5.2,7.5,6.33,Yes
45,0.8,5.5,6.4,4.09,No
57,0.0,2.2,5.7,5.42,No
92,5.4,1.6,5.8,7.1,Yes
88,1.0,3.4,8.0,6.0,No
62,2.2,4.2,7.0,4.99,No
100,3.0,3.5,6.6,6.74,Yes
91,0.6,6.8,4.5,4.98,No
59,3.5,3.8,7.5,5.16,No
66,1.0,3.8,9.2,5.65,No
66,2.1,4.4,7.1,4.31,No
59,6.1,,6.1,6.34,Yes
78,2.5,3.8,7.2,6.66,Yes
74,2.9,1.3,8.0,4.51,Yes
77,1.0,3.0,4.7,4.42,No
78,0.0,3.1,5.2,5.14,No
74,4.5,4.3,5.8,,No
56,4.4,5.5,6.9,5.0,Yes
67,3.5,3.9,5.4,4.14,No
69,2.9,2.7,6.6,6.04,No
67,3.3,1.3,3.8,5.87,No
80,5.3,6.1,6.5,5.7,Yes
69,4.2,2.9,7.6,6.67,No
92,4.2,4.9,6.7,6.7,Yes
67,3.2,4.0,8.1,5.36,No
93,1.1,5.3,6.3,5.97,No
67,2.0,1.1,7.3,4.88,Yes
73,0.0,1.8,6.5,5.38,No
74,2.4,2.3,8.7,5.87,Yes
48,1.3,6.8,6.2,4.49,No
48,6.0,2.0,3.8,4.56,Yes
73,,2.7,5.3,6.86,No
52,5.8,2.9,7.5,5.88,No
77,1.5,4.9,7.5,4.42,No
93,4.8,6.9,6.0,7.14,Yes
57,3.7,4.9,4.9,5.69,No
65,4.5,,7.0,4.74,No
34,2.7,1.0,5.8,6.4,No
39,2.8,4.7,6.7,4.49,No
78,3.9,4.0,6.3,5.73,No
70,3.2,4.0,6.4,5.86,No
57,2.3,3.9,7.2,6.09,No
29,0.9,4.2,4.1,2.74,No
63,5.3,6.0,6.8,4.0,No
71,0.4,1.0,6.5,4.95,No
89,3.6,4.5,7.6,6.93,No
65,3.1,4.1,6.3,5.33,Yes
100,0.0,4.2,7.0,6.26,Yes
63,3.3,1.8,6.8,6.36,Yes
52,3.0,1.8,5.8,4.67,No
94,3.1,3.2,6.1,7.11,Yes
91,3.8,4.2,7.6,,Yes
90,0.8,4.5,5.5,5.56,No
96,4.1,4.4,6.9,6.61,Yes
79,1.8,5.7,6.0,5.37,No
59,2.4,4.0,6.5,5.09,No
41,2.9,3.0,6.8,5.44,No
68,4.9,7.1,5.1,6.0,No
55,2.8,3.9,8.3,4.94,Yes
67,1.6,4.0,7.0,5.63,No
37,4.9,2.8,6.4,4.61,No
44,1.4,3.3,5.9,5.03,No
76,2.2,3.4,8.2,6.88,Yes
74,5.0,5.1,9.8,6.53,Yes
62,3.9,3.9,5.4,4.45,No
46,2.0,4.4,6.5,4.32,No
72,1.5,2.0,6.7,4.94,No
62,3.9,3.2,6.4,5.27,No
61,1.0,6.1,7.1,4.8,No
87,5.0,4.2,5.8,6.28,Yes
91,3.4,3.1,7.0,5.98,Yes
77,1.8,3.3,5.7,5.73,No
75,3.9,0.8,5.9,5.74,No
90,6.2,3.1,5.6,5.58,No
68,4.0,,6.7,5.44,No
60,2.6,1.6,7.9,5.72,No
70,3.9,4.8,5.4,4.74,No
82,5.8,4.9,6.0,6.23,No
73,4.8,,5.5,7.33,Yes
36,2.9,3.8,9.8,3.51,No
86,3.1,5.6,7.3,6.42,No
76,3.8,1.4,4.9,5.75,No
75,3.0,4.6,7.2,5.52,Yes
82,2.0,1.9,8.8,5.33,No
67,4.6,4.8,5.1,5.8,No
74,3.7,1.9,7.5,5.76,No
82,4.7,5.4,5.9,5.84,No
78,1.2,2.9,5.8,5.29,No
56,2.8,1.1,6.5,5.95,Yes
66,2.4,3.2,7.4,5.53,No
61,2.2,2.1,5.3,4.78,No
67,2.6,5.1,7.7,6.32,No
89,1.6,5.7,7.4,4.65,Yes
85,5.1,2.6,7.0,7.53,No
82,2.3,4.1,7.5,4.78,No
50,2.4,4.1,6.7,5.52,No
63,3.1,2.7,8.4,5.32,No
31,4.7,3.4,4.8,5.93,Yes
70,0.2,2.8,5.6,4.56,No
65,3.8,2.7,5.9,5.98,Yes
65,1.7,4.8,6.3,4.43,No
87,1.3,3.5,5.0,5.59,No
60,2.0,4.8,6.3,5.08,No
76,1.8,5.8,6.9,4.76,No
91,3.6,3.8,6.4,6.24,Yes
72,0.0,2.0,5.4,6.85,No
85,1.6,4.1,6.1,5.5,No
80,4.6,4.0,6.0,7.07,No
60,4.8,2.9,6.8,5.12,No
75,2.2,4.6,7.3,5.22,No
96,1.3,2.9,4.7,5.55,No
68,2.0,3.0,6.6,4.04,No
66,3.4,2.6,5.2,6.15,No
71,4.0,3.8,6.6,4.95,No
100,3.1,3.9,9.2,5.97,Yes
61,3.6,3.9,5.6,5.0,No
65,3.7,4.6,5.8,4.62,No
68,3.1,3.9,6.8,5.68,No
62,3.5,2.5,7.7,6.17,Yes
69,6.6,3.6,7.4,6.94,Yes
47,2.1,1.9,8.2,5.06,No
58,1.0,5.5,5.1,3.8,No
57,5.8,1.1,6.0,5.72,No
53,5.7,3.6,6.2,4.99,No
81,5.8,3.9,7.0,6.3,No
83,2.3,5.1,5.5,5.24,No
79,4.1,2.5,,6.24,No
65,3.8,4.2,6.5,5.35,No
59,0.2,0.8,6.5,4.29,No
74,2.3,4.4,5.4,4.74,No
63,2.0,3.8,7.7,5.05,No
50,2.3,2.4,6.9,5.99,No
95,4.3,3.0,4.9,7.44,No
40,1.8,4.0,6.8,4.27,No
90,2.6,3.6,6.8,5.34,No
55,4.1,3.7,7.7,6.48,No
62,1.5,3.5,6.6,3.32,No
72,1.4,3.6,7.1,4.26,No
91,2.1,5.2,6.1,5.67,No
64,3.1,4.6,5.2,5.01,No
60,4.2,3.9,6.0,3.5,Yes
100,3.2,3.8,7.8,5.19,No
83,0.0,3.1,7.8,5.43,No
87,2.7,5.9,5.2,,Yes
100,3.1,2.6,4.6,6.67,Yes
76,2.2,1.3,5.7,5.39,Yes
78,2.8,1.9,4.9,5.8,No
73,1.3,,10.0,5.54,No
89,1.4,4.8,7.2,5.36,Yes
64,1.7,1.3,7.6,6.09,No
59,2.5,5.2,7.7,5.69,No
82,1.9,2.7,5.8,6.42,No
70,4.3,1.2,4.5,6.84,Yes
69,3.8,3.3,7.7,6.13,No
57,4.4,6.0,5.9,4.35,No
43,3.1,2.9,7.9,5.15,No
45,2.0,6.9,4.2,2.75,No
83,2.7,1.3,5.8,6.11,No
51,2.8,3.9,6.3,4.52,No
84,4.0,4.2,6.9,5.91,Yes
100,2.5,4.8,6.0,,No
87,2.7,4.9,6.7,5.82,No
75,2.3,3.6,6.1,4.89,No
74,3.9,5.3,8.9,5.06,No
52,6.3,2.6,7.2,5.52,No
83,4.3,2.7,8.8,6.23,Yes
100,2.8,3.1,7.0,5.35,Yes
49,3.9,3.1,7.3,5.69,No
74,0.1,3.8,5.3,5.27,Yes
67,,4.5,7.2,5.53,Yes
79,2.7,3.3,6.3,5.93,No
68,3.0,2.6,9.1,6.59,Yes
96,4.2,4.6,6.2,7.0,Yes
73,1.6,4.3,8.3,5.89,No
83,4.9,2.4,3.3,6.89,Yes
86,4.1,1.3,6.4,7.02,Yes
72,4.2,4.8,6.6,4.83,No
62,3.0,4.0,6.8,5.06,No
68,2.7,1.2,6.5,5.0,Yes
82,2.9,4.5,8.5,5.14,Yes
90,2.7,3.6,7.4,6.38,No
66,3.0,4.4,6.6,5.68,No
85,3.5,3.1,7.4,6.63,Yes
58,4.9,2.5,5.7,5.35,No
43,2.1,6.5,6.1,3.72,No
70,3.2,5.1,6.3,4.89,No
49,1.1,3.9,7.1,4.65,No
84,3.5,3.1,3.6,6.76,No
81,0.5,5.7,7.0,3.96,Yes
97,1.7,7.4,5.8,6.31,No
80,2.5,2.4,7.5,5.47,Yes
93,0.6,3.6,7.6,5.38,Yes
100,1.8,3.1,6.5,7.23,Yes
58,4.1,3.7,4.1,4.8,No
56,0.0,7.1,6.2,2.9,No
73,3.2,2.0,5.0,5.42,No
58,4.2,3.4,6.4,4.6,Yes
67,5.9,1.3,6.7,7.38,Yes
43,1.6,5.0,6.4,4.03,No
69,3.0,2.0,6.2,6.03,No
61,5.0,2.2,6.5,6.38,No
66,1.7,3.6,,4.91,Yes
79,3.5,2.0,8.1,6.71,Yes
77,4.7,3.9,7.5,5.17,No
76,4.8,5.6,5.7,5.78,Yes
61,2.9,5.7,4.6,4.72,No
77,2.8,4.7,8.3,5.39,No
68,2.4,3.8,7.0,4.46,No
65,2.9,4.4,5.5,4.88,No
80,5.6,0.6,4.5,5.13,Yes
78,3.6,1.1,6.3,6.86,Yes
77,0.1,4.1,6.5,5.01,No
63,2.6,1.4,6.9,5.09,Yes
61,6.3,1.6,7.7,4.76,Yes
53,3.5,2.9,6.2,5.98,No
83,2.4,5.1,5.7,5.26,No
79,0.0,1.3,7.4,,No
81,5.0,5.6,6.0,7.41,Yes
44,6.9,2.1,7.1,6.99,No
70,4.4,2.1,6.0,6.41,No
47,3.0,,6.9,4.86,Yes
52,2.0,2.5,5.5,5.18,No
91,2.9,4.8,,5.47,Yes
55,2.6,1.4,7.4,5.16,No
62,4.3,3.9,7.3,5.35,No
63,4.1,1.0,6.4,5.56,Yes
56,3.4,1.2,6.7,5.31,No
55,3.6,4.1,6.3,4.82,Yes
43,,5.0,6.1,4.35,No
52,5.5,3.9,4.6,6.38,Yes
72,1.6,4.2,4.3,5.82,No
59,2.1,3.2,6.1,5.17,No
59,4.2,2.8,5.5,4.96,No
32,2.5,3.0,4.8,4.09,No
59,3.1,4.7,6.4,5.88,No
100,2.8,3.1,8.7,5.12,Yes
58,3.9,3.1,5.2,4.47,No
82,1.4,1.8,8.5,4.27,No
58,4.0,5.2,5.7,5.54,No
75,,4.2,7.3,4.28,No
93,6.2,5.1,5.0,7.18,Yes
69,1.9,3.0,8.1,5.32,Yes
62,2.8,5.4,6.2,4.01,No
71,1.2,1.5,8.0,6.1,No
55,1.9,1.8,6.6,,No
71,0.1,3.0,5.6,4.26,No
68,1.8,3.0,,5.84,No
74,2.3,4.4,7.6,5.94,No
38,4.8,4.2,6.7,5.18,Yes
70,4.8,1.1,6.2,6.58,Yes
78,,3.4,4.8,5.07,No
69,0.6,5.3,6.7,4.82,No
83,3.1,3.3,6.7,5.59,Yes
55,3.8,2.0,4.9,5.42,No
59,1.3,2.0,7.8,5.5,Yes
78,1.3,3.3,5.2,5.47,No
82,2.9,4.3,6.0,6.66,No
89,4.9,6.5,3.9,5.96,No
73,4.1,2.0,6.4,5.6,Yes
42,0.9,2.8,5.7,4.48,Yes
87,3.6,5.7,7.8,4.6,No
74,4.0,3.6,5.5,5.17,No
73,2.6,7.0,6.0,5.44,No
93,2.0,3.5,8.2,5.08,No
81,2.5,4.7,7.0,4.81,No
83,4.9,2.4,6.0,5.81,Yes
39,2.9,0.0,4.8,5.94,No
62,4.3,3.5,6.6,5.47,Yes
84,2.8,1.9,5.7,6.56,Yes
69,4.0,1.8,6.2,6.63,No
77,6.6,4.2,6.5,6.56,No
73,0.2,3.4,8.8,5.36,No
84,2.3,3.8,5.6,6.45,Yes
50,4.0,1.0,6.6,5.33,Yes
45,0.9,2.8,5.2,3.94,No
66,4.1,5.7,7.7,4.88,No
75,4.7,1.7,6.2,5.93,Yes
62,0.5,2.1,5.1,5.54,No
69,4.9,5.0,6.1,5.45,No
49,1.7,3.8,7.7,5.36,No
50,,3.6,4.8,6.16,No
59,3.2,3.9,7.7,7.27,No
82,3.9,2.0,5.5,6.46,Yes
76,1.2,1.6,6.7,4.69,No
80,1.4,1.2,8.0,5.87,Yes
83,1.0,5.7,6.8,7.44,No
100,2.6,1.1,6.7,7.09,Yes
47,2.7,3.6,6.3,4.88,No
57,5.1,2.7,4.9,7.08,Yes
90,2.2,5.2,6.8,4.17,No
67,,3.5,6.9,4.99,No
77,3.5,1.6,6.2,6.95,Yes
52,4.2,3.9,4.3,5.55,No
74,2.5,4.0,6.3,5.77,No
85,4.8,2.3,5.8,6.44,No
68,2.3,3.0,4.7,5.77,No
76,1.9,4.9,6.3,5.38,No
74,3.9,5.5,5.4,6.61,Yes
82,0.0,3.6,6.4,5.57,No
56,3.8,5.5,6.1,6.75,No
45,3.7,4.0,5.8,5.68,No
76,3.7,3.0,5.0,5.1,No
83,3.2,3.8,8.2,6.18,Yes
98,5.1,2.3,7.7,6.45,No
71,3.9,2.7,5.5,6.22,Yes
58,4.2,4.9,6.6,6.42,No
67,5.3,0.2,6.9,5.88,No
69,3.2,2.9,7.1,4.54,Yes
66,4.9,3.6,6.9,7.2,Yes
75,2.2,4.8,6.7,,Yes
100,4.5,3.1,7.6,6.52,Yes
89,3.5,4.6,4.3,5.35,No
45,2.6,3.8,6.2,5.29,No
69,4.3,1.5,8.2,5.3,No
45,1.5,2.7,5.1,5.13,Yes
59,1.5,3.4,6.6,5.75,No
57,2.5,3.9,4.7,4.82,Yes
68,2.8,2.9,6.5,4.99,No
67,2.9,2.5,4.7,7.2,No
67,,4.4,5.8,5.35,Yes
95,2.5,3.1,5.8,5.8,No
85,4.8,4.0,7.4,7.11,Yes
66,3.7,4.3,5.8,5.68,No
75,2.9,5.6,6.6,5.01,No
94,1.6,4.1,6.1,6.26,Yes
49,0.4,4.4,8.4,4.91,No
68,3.2,4.1,4.7,6.23,No
75,0.2,3.6,4.1,4.59,No
57,5.4,1.7,5.8,5.61,Yes
47,4.6,2.9,8.5,5.66,Yes
61,2.3,1.6,5.4,4.65,Yes
66,1.5,2.2,7.7,6.67,No
84,1.1,2.8,6.5,5.4,No
43,2.2,4.5,7.2,4.46,Yes
76,2.6,2.9,8.5,5.91,Yes
64,0.3,2.2,7.4,5.75,No
76,2.2,2.9,8.3,5.52,Yes
94,,5.4,8.9,6.33,No
56,4.4,1.6,6.5,7.18,No
86,3.4,4.2,6.4,,No
76,2.2,4.3,7.7,5.54,No
63,2.2,4.9,5.3,5.09,No
78,1.3,2.4,6.3,5.6,No
81,4.6,2.1,7.8,5.87,No
58,3.0,2.0,8.5,5.6,No
51,2.9,4.2,7.9,4.0,No
52,2.0,3.6,6.5,5.06,No
63,1.4,,7.3,4.44,No
59,3.8,1.8,5.7,4.2,No
78,4.5,2.5,7.2,6.4,No
78,2.0,2.7,5.1,4.8,No
73,0.6,2.4,9.2,4.62,No
84,3.4,3.4,8.0,5.44,Yes
69,0.8,3.3,6.9,7.2,No
76,4.4,1.5,6.0,6.31,No
77,1.5,2.7,8.0,4.76,No
63,4.3,4.9,4.6,6.29,No
53,2.6,4.1,5.1,6.25,No
51,4.6,2.3,5.2,5.62,No
89,1.2,4.5,9.0,5.08,No
54,0.5,5.2,4.9,3.95,No
85,3.2,3.3,5.1,5.55,No
92,4.8,5.4,8.4,6.03,No
59,3.7,4.8,5.4,4.83,No
73,2.8,,6.3,5.3,Yes
64,3.6,2.6,7.7,5.18,No
63,0.7,0.9,5.3,5.49,No
96,,1.6,7.4,6.33,No
83,3.0,1.3,6.2,6.88,No
67,2.2,4.6,3.4,5.38,No
82,0.6,3.0,6.2,4.35,No
91,4.0,3.2,8.8,6.92,Yes
64,1.8,5.9,4.7,4.77,No
82,1.6,,9.1,6.26,No
56,6.0,4.2,6.6,6.02,No
59,3.4,3.1,5.6,4.83,No
74,1.5,0.6,6.1,4.19,No
70,4.4,3.9,8.8,6.01,No
68,2.9,1.8,5.0,,Yes
81,4.7,0.3,6.7,6.79,No
67,0.7,0.3,5.9,3.29,No
85,3.4,2.2,6.8,7.18,Yes
80,2.2,2.5,7.0,7.35,No
71,2.8,3.2,6.2,6.23,No
66,5.3,0.2,6.9,6.94,No
70,3.7,2.5,6.1,6.11,No
53,0.0,4.1,6.0,4.04,No
65,3.7,3.9,6.6,5.49,No
53,0.8,1.7,6.5,5.19,No
76,2.1,5.6,6.3,4.97,No
49,2.2,1.2,7.3,5.23,No
47,3.3,0.8,7.6,6.7,Yes
69,3.1,3.6,7.8,5.43,No
79,2.2,2.1,5.4,4.97,No
69,2.7,4.3,6.5,4.45,No
87,5.5,2.0,4.3,6.5,No
71,3.0,4.3,6.1,5.05,No
100,0.3,5.7,6.2,5.16,No
73,1.1,4.7,6.6,4.32,No
100,1.5,2.6,6.9,5.47,No
70,6.2,2.6,6.0,6.27,No
80,1.5,2.5,6.1,5.56,Yes
72,1.6,4.1,5.6,5.09,No
75,3.3,2.7,4.9,5.2,No
60,5.2,2.0,7.0,5.23,Yes
78,2.5,3.7,7.5,5.6,No
51,2.0,5.1,4.8,3.77,No
68,5.0,3.9,5.1,6.05,No
61,3.1,5.4,6.0,5.75,No
64,3.3,3.2,6.2,5.21,No
84,4.3,3.4,6.4,7.43,No
75,3.2,3.8,7.9,6.69,Yes
41,4.1,4.9,5.2,4.72,No
83,2.3,3.7,8.1,6.37,No
70,2.1,1.7,4.6,4.62,Yes
83,3.5,6.5,6.3,5.37,No
71,4.4,5.7,6.3,4.79,No
50,2.6,4.4,8.2,4.68,Yes
91,2.1,2.5,5.8,5.72,Yes
82,5.6,2.8,6.2,6.18,Yes
71,3.9,4.4,8.4,6.23,Yes
53,3.2,2.3,7.3,5.79,Yes
76,0.9,3.0,5.8,5.36,No
74,3.7,2.4,8.0,6.51,Yes
54,1.2,3.6,5.8,4.82,No
68,4.3,4.1,5.3,6.04,No
42,5.3,4.6,7.7,5.09,No
42,4.9,,5.6,5.17,No
53,5.0,2.6,5.9,5.12,Yes
70,1.9,2.4,7.5,5.13,Yes
56,4.4,2.5,7.7,5.56,No
85,2.4,3.6,5.2,5.11,No
58,4.7,2.5,7.7,5.41,Yes
64,3.4,1.7,5.6,5.47,No
86,2.6,3.8,4.7,5.71,No
63,2.6,0.2,6.4,5.74,No
70,3.7,2.7,5.7,4.38,Yes
84,2.2,5.1,6.8,5.73,No
98,0.6,5.5,7.4,5.61,No
83,4.6,4.4,6.5,5.01,No
76,2.5,2.9,5.6,6.45,Yes
100,5.2,4.5,6.8,5.48,No
50,4.5,6.7,5.6,3.88,No
100,3.5,4.0,7.1,5.1,Yes
73,5.3,4.7,8.0,5.69,Yes
76,2.3,6.5,7.1,6.06,No
53,4.3,4.5,5.3,,No
51,3.2,2.4,8.0,5.22,No
62,0.2,0.8,4.1,3.94,No
69,2.4,4.6,4.8,4.4,No
69,1.8,2.2,6.3,4.26,No
73,2.1,4.2,6.7,5.18,No
61,1.7,1.7,6.7,4.7,No
76,0.1,2.7,8.4,4.4,No
46,3.6,4.7,6.2,4.8,No
91,2.1,0.4,6.6,5.46,Yes
61,2.8,7.0,5.2,3.71,No
72,4.0,1.5,7.3,5.12,No
64,2.8,,4.8,4.42,No
69,4.1,3.1,3.3,5.36,No
74,3.7,3.1,6.5,5.01,No
100,2.4,2.2,7.2,5.68,Yes
43,3.4,5.9,8.3,5.01,No
56,4.1,2.6,5.9,7.02,No
51,2.7,5.0,7.7,4.78,No
74,3.9,2.0,6.2,,Yes
75,4.3,1.2,7.8,5.11,No
90,2.3,4.7,6.6,4.9,No
70,4.0,5.3,7.9,5.75,Yes
89,2.4,3.7,8.1,5.0,No
86,4.2,7.1,6.3,5.96,Yes
68,1.4,3.2,9.9,5.69,No
59,3.4,3.9,7.9,5.36,No
67,3.3,,5.9,6.59,No
60,3.9,2.8,5.6,4.64,No
71,3.1,5.3,6.8,5.22,No
58,2.7,5.9,6.1,4.69,No
75,1.3,5.1,6.7,5.27,No
45,2.6,2.2,6.1,4.57,No
75,2.1,2.9,6.0,4.62,No
80,4.4,1.1,,5.4,Yes
78,3.9,5.9,7.3,5.13,Yes
30,0.2,5.5,6.2,2.53,No
73,5.7,4.2,7.3,6.91,No
76,4.0,4.5,5.0,5.57,No
100,2.6,4.4,7.5,5.59,No
72,3.9,2.2,5.8,6.94,Yes
47,1.5,1.9,6.7,4.57,No
44,1.7,3.8,5.1,3.72,No
66,0.9,4.5,4.6,5.28,No
57,2.9,3.4,6.4,5.09,No
82,4.5,4.1,4.1,7.09,Yes
94,3.7,4.8,6.5,5.7,No
33,3.2,4.9,9.1,4.71,No
65,3.2,1.9,8.9,6.31,Yes
89,5.9,0.2,5.7,6.53,Yes
82,,1.8,6.3,6.64,Yes
57,1.8,4.1,7.9,5.37,No
75,1.1,0.3,7.8,5.01,No
88,3.0,3.6,6.4,6.46,Yes
70,2.5,4.9,6.5,5.08,No
79,4.5,3.5,6.4,7.56,No
89,2.0,4.5,6.4,4.92,No
68,4.8,2.7,6.2,4.89,Yes
71,3.5,3.9,7.0,5.77,No
85,1.8,3.4,4.5,5.26,No
80,1.2,2.2,5.4,4.77,No
90,3.2,1.7,6.4,5.61,No
84,2.2,1.2,8.8,5.81,No
96,4.3,4.9,6.9,6.02,Yes
61,2.7,4.1,6.7,4.33,No
75,0.0,2.1,7.7,5.11,No
67,3.0,1.8,6.9,5.54,Yes
45,0.5,3.5,5.8,4.83,No
55,1.7,3.9,7.1,5.62,Yes
86,1.0,2.6,7.3,5.35,No
80,2.7,2.6,6.5,4.6,No
84,0.5,3.4,7.8,5.84,No
67,1.1,3.4,8.9,4.38,No
72,4.9,2.5,6.3,5.96,Yes
76,3.2,3.6,6.2,5.4,No
65,2.4,0.0,6.9,,Yes
76,1.9,4.0,8.4,4.43,Yes
38,1.5,4.6,6.0,4.22,No
71,5.8,2.9,6.3,5.9,Yes
63,2.4,,6.4,5.9,No
77,0.1,2.4,7.0,5.64,No
95,1.5,3.7,,3.31,No
78,4.6,2.0,7.9,6.88,No
79,5.1,3.5,7.3,7.12,No
100,,3.1,6.6,5.17,Yes
65,1.7,1.7,5.4,4.92,No
57,1.0,4.2,6.2,4.61,No
49,0.4,4.0,6.9,3.91,No
92,3.8,3.2,6.5,5.93,No
87,3.3,1.8,6.4,6.17,Yes
48,2.6,4.6,7.1,4.93,No
86,2.4,3.9,6.8,7.86,Yes
77,3.8,6.4,4.0,4.48,No
49,3.7,1.8,8.4,4.99,No
76,3.3,3.6,5.8,6.53,No
73,3.4,6.6,6.5,6.12,No
70,6.5,4.8,7.1,6.07,Yes
49,0.9,3.7,8.0,3.2,No
100,1.3,1.9,6.9,6.72,No
52,4.2,4.7,4.3,6.38,No
56,4.4,2.8,7.7,6.16,No
50,7.4,2.9,7.3,5.98,No
90,1.9,6.1,8.7,6.17,Yes
53,4.1,5.3,6.7,4.61,No
64,2.7,3.7,6.6,5.25,No
77,4.1,3.1,7.7,6.32,No
38,0.0,0.8,7.5,3.9,No
56,2.9,4.2,6.0,6.01,No
58,2.8,3.5,4.5,5.14,No
86,1.5,4.4,7.6,4.59,No
67,3.5,0.0,6.2,4.65,No
63,1.5,1.9,7.8,4.89,No
86,3.1,2.6,6.4,5.41,Yes
62,2.4,3.6,7.5,4.5,No
89,2.2,3.4,5.5,6.04,No
100,3.4,2.6,8.0,6.88,Yes
89,3.6,,8.8,7.46,Yes
100,2.2,5.9,6.8,5.81,Yes
79,1.7,3.8,5.9,5.31,No
74,2.8,4.5,6.0,4.35,No
69,,3.5,6.2,5.61,No
85,4.0,3.2,5.7,7.16,No
50,2.2,3.0,5.4,6.14,No
86,1.4,3.6,6.7,5.34,Yes
64,2.5,5.3,7.0,5.82,No
79,3.1,5.3,5.9,6.43,Yes
72,0.0,4.9,5.5,3.5,No
80,2.8,3.7,6.3,6.82,Yes
82,1.3,4.6,6.0,5.36,No
74,2.5,2.8,4.2,5.72,No
73,2.4,5.2,7.4,5.24,No
63,2.0,5.2,5.2,4.69,No
70,2.3,3.3,7.2,5.22,No
58,4.7,2.3,7.3,6.26,Yes
52,2.5,2.7,4.7,5.08,No
45,7.6,1.4,9.2,5.96,No
81,2.1,2.8,4.1,,No
54,1.2,1.3,6.6,6.66,No
78,4.5,2.0,9.0,7.58,No
71,1.5,4.1,5.5,6.16,Yes
52,2.2,2.6,8.5,5.29,No
45,0.0,1.7,7.2,5.09,No
75,2.6,3.5,6.5,6.26,No
53,6.2,3.6,6.0,5.49,Yes
73,3.7,1.0,7.7,7.01,Yes
78,2.8,4.2,7.3,6.19,No
53,2.1,4.2,6.1,5.3,No
49,0.9,1.1,5.6,5.17,No
67,6.1,6.4,4.3,6.18,Yes
65,0.0,6.3,8.1,5.43,No
59,4.3,5.6,5.2,6.26,No
39,2.9,2.1,6.1,5.98,No
85,3.4,0.9,5.6,5.76,Yes
68,5.5,1.9,5.4,6.32,No
78,1.2,5.0,5.7,4.89,No
69,3.7,,8.5,6.35,Yes
83,0.9,4.8,4.8,4.78,No
66,6.4,4.4,6.8,6.7,Yes
65,2.8,7.0,7.9,4.43,No
57,1.0,6.2,9.2,3.99,No
73,2.6,3.5,5.1,4.45,No
64,3.6,4.3,5.6,5.22,No
62,5.6,1.7,4.2,6.61,No
44,2.5,1.8,5.6,4.89,No
63,1.9,6.1,7.0,4.8,No
76,4.6,2.6,6.3,5.94,No
67,3.0,4.9,8.6,4.91,No
78,2.9,1.6,7.7,,Yes
54,3.4,1.8,6.0,6.68,No
61,0.0,6.7,5.0,4.32,No
75,2.8,3.5,6.8,6.15,No
69,2.0,3.3,6.3,4.74,No
25,1.9,6.0,7.5,3.26,No
61,3.3,3.4,6.4,4.2,No
53,0.0,3.3,7.0,3.62,No
67,1.3,3.8,6.5,4.58,No
23,3.0,3.6,7.4,3.74,No
73,3.7,3.5,8.6,6.32,No
79,2.8,6.0,5.6,4.69,Yes
60,1.0,6.0,6.8,4.22,No
65,2.4,2.8,4.7,4.74,No
59,4.4,2.2,7.6,6.11,No
93,4.6,0.3,5.9,6.71,Yes
89,2.2,2.7,8.2,7.24,No
87,1.1,2.2,6.1,6.44,Yes
98,5.6,5.4,7.6,6.45,Yes
89,6.8,4.1,6.6,7.26,No
62,3.7,4.7,4.3,5.84,No
71,2.9,3.6,5.7,5.23,Yes
78,1.1,2.6,6.4,4.33,No
74,3.3,1.9,5.8,6.02,No
48,3.0,2.0,8.1,5.43,Yes
80,1.7,3.0,8.7,5.29,No
77,1.8,3.5,6.1,5.46,No
78,1.9,5.0,6.7,4.65,No
74,4.8,2.3,4.7,7.35,Yes
69,3.6,3.1,6.4,5.04,No
79,4.8,5.0,7.9,7.54,No
39,2.7,3.2,5.7,5.57,No
77,3.4,4.2,6.1,4.84,No
85,2.6,5.7,3.9,5.23,No
95,1.0,4.5,5.9,5.35,No
78,3.7,2.9,3.7,4.33,No
56,1.9,4.2,4.6,4.83,No
62,3.6,4.6,8.8,6.33,No
77,0.5,3.6,5.8,6.5,No
76,4.2,5.0,7.9,6.5,Yes
54,3.7,5.3,6.0,5.97,Yes
72,1.6,3.6,5.8,4.76,Yes
67,3.2,5.7,7.3,5.11,No
65,3.0,1.9,7.1,5.05,No
71,5.9,3.5,,6.01,No
70,2.5,1.9,5.4,6.49,Yes
93,3.2,,5.3,5.87,Yes
40,1.1,5.8,7.8,,No
69,3.4,1.9,8.1,5.67,Yes
70,4.6,2.3,7.5,5.65,Yes
42,4.5,6.1,6.6,5.92,No
80,3.2,2.7,6.1,4.87,Yes
82,3.3,5.9,7.0,,No
46,3.5,3.1,7.0,4.29,No
81,3.5,4.5,5.9,4.9,No
57,3.3,2.2,5.8,5.52,No
75,0.2,3.8,6.7,5.44,No
73,4.1,0.0,7.3,5.96,No
73,3.1,3.5,5.4,6.22,No
38,2.6,2.2,7.5,3.85,No
44,0.9,1.8,6.4,3.01,No
73,4.2,3.2,6.0,6.03,No
77,6.0,0.5,7.1,6.27,Yes
56,4.8,3.4,6.7,6.15,No
90,,5.3,4.2,4.94,No
60,0.4,2.0,8.3,4.89,No
64,0.9,2.9,6.1,5.42,No
67,3.0,3.0,6.7,5.37,No
73,3.7,5.1,7.1,6.23,Yes
68,4.4,3.8,6.3,5.04,Yes
65,3.3,2.8,5.3,6.46,Yes
68,1.8,2.7,7.2,5.1,Yes
73,3.1,3.8,6.6,5.15,No
73,2.0,4.3,8.1,5.61,No
74,3.6,4.2,5.1,5.32,No
69,4.4,5.0,6.5,4.99,Yes
80,2.3,4.9,6.2,5.31,No
72,3.4,2.6,9.5,5.95,No
74,2.8,6.2,5.4,4.83,No
75,2.5,5.7,6.3,6.43,No
79,2.1,5.7,6.7,5.61,No
82,4.0,7.0,7.2,5.65,Yes
68,4.6,4.8,4.3,5.75,No
78,3.7,6.0,6.6,5.16,No
87,3.5,2.1,6.4,6.4,Yes
56,3.2,4.3,6.5,4.81,Yes
69,1.6,2.9,8.1,5.36,No
64,5.2,3.5,6.0,6.02,Yes
88,2.9,5.3,6.8,5.26,No
51,2.8,0.0,5.9,5.46,No
60,4.2,3.4,6.4,6.99,No
89,3.0,2.4,6.6,6.99,No
72,2.9,4.2,7.3,6.46,No
76,1.4,0.8,4.5,6.31,No
66,1.8,1.9,9.0,6.36,Yes
75,2.7,3.7,6.3,6.11,No
68,4.9,1.2,4.0,5.81,No
53,1.3,5.4,8.8,4.65,No
91,1.3,2.5,6.7,6.25,No
70,1.7,3.0,6.8,5.26,No
73,4.0,6.8,5.1,5.16,No
65,2.6,,4.3,5.63,No
92,1.7,6.3,7.8,6.24,No
78,4.0,4.3,7.3,6.85,No
66,1.6,4.1,7.0,4.92,No
73,3.1,,5.1,4.34,Yes
56,1.0,5.5,5.7,5.05,No
68,5.1,3.4,9.0,6.01,No
62,4.7,5.0,4.9,5.56,No
48,3.0,4.0,4.7,5.39,No
71,5.4,0.4,6.9,6.3,Yes
64,2.1,4.9,6.9,5.78,No
92,1.3,5.8,6.3,6.09,No
47,5.3,2.3,6.5,6.47,Yes
63,1.5,3.9,5.5,4.92,No
74,2.9,4.9,3.7,5.68,No
83,6.5,5.0,5.9,6.98,Yes
63,1.9,1.1,5.5,6.33,No
100,2.9,4.9,8.5,6.16,Yes
64,4.5,2.5,7.5,5.39,No
54,,2.9,6.5,4.56,No
68,1.1,5.5,4.8,3.54,Yes
97,4.4,6.3,4.0,5.91,Yes
85,2.5,3.8,6.9,5.32,No
95,4.2,4.4,6.7,5.51,Yes
91,0.8,4.9,6.4,6.89,No
98,6.1,3.3,8.1,7.62,Yes
70,2.5,5.8,5.2,4.85,No
98,3.8,4.7,7.6,6.1,Yes
76,1.6,1.9,6.4,4.6,No
80,0.4,4.1,6.0,4.98,No
91,2.3,4.0,6.2,6.25,Yes
100,4.3,2.1,6.6,6.95,No
95,4.4,5.5,6.5,5.7,Yes
50,2.0,1.2,5.7,4.95,No
70,5.4,4.7,7.9,6.56,No
70,1.4,6.9,8.1,4.01,No
54,2.5,,5.9,4.7,No
52,3.7,4.3,6.2,4.56,No
62,1.3,,5.2,4.87,No
80,0.0,4.1,9.0,5.31,No
82,4.2,7.6,7.7,5.2,Yes
65,3.2,2.5,5.7,5.27,No
41,3.1,1.3,8.5,4.16,No
72,1.5,,4.8,5.37,No
94,3.0,2.2,6.2,6.35,Yes
59,2.1,2.7,6.3,4.48,No
93,1.8,1.7,6.0,5.93,No
69,4.6,3.8,5.3,6.14,No
85,1.6,7.0,7.2,6.13,No
87,2.9,4.3,8.4,,Yes
61,3.1,3.0,5.9,4.89,No
68,1.9,2.9,3.7,5.33,No
79,2.4,3.1,5.1,5.38,No
70,3.8,2.8,6.9,5.83,No
51,4.8,4.7,5.4,6.94,No
71,2.9,4.0,5.4,6.23,No
78,3.7,2.9,6.4,6.68,No
64,2.1,3.0,6.4,4.77,No
50,2.2,2.6,4.7,5.54,No
97,1.7,2.4,6.9,5.98,Yes
78,3.5,1.4,6.1,7.01,No
87,1.8,2.9,6.6,6.58,No
73,2.2,1.5,7.0,5.06,No
70,2.5,2.1,5.1,4.79,No
88,0.9,5.3,4.6,4.38,No
68,1.8,3.7,7.2,5.55,No
66,3.3,4.0,5.2,4.74,No
85,2.1,2.3,7.0,6.02,Yes
90,5.9,3.5,5.8,6.26,Yes
62,4.4,3.4,7.4,7.0,No
82,4.5,,7.3,6.09,No
50,1.2,3.8,6.4,5.0,No
68,2.0,3.5,8.3,5.39,No
77,2.4,2.2,7.1,5.07,Yes
61,2.8,2.4,5.7,4.93,No
78,5.6,2.5,8.2,6.56,Yes
76,0.5,1.9,6.2,5.33,No
78,2.8,4.1,5.6,6.03,No
84,2.1,3.5,6.4,6.63,No
68,3.0,3.0,5.9,6.55,No
56,3.1,3.7,4.6,4.61,No
61,2.1,2.0,7.2,6.02,No
64,2.9,2.0,,6.7,No
100,3.0,2.0,6.5,4.8,Yes
48,1.4,4.4,7.4,4.41,No
57,6.2,4.8,7.5,6.04,No
57,2.8,3.1,7.6,5.3,No
93,5.6,5.3,5.7,6.33,Yes
73,4.1,3.9,6.9,4.88,Yes
53,3.0,2.9,5.8,4.96,Yes
71,2.4,3.9,4.9,6.09,No
65,3.4,5.0,4.1,5.21,No
64,0.0,4.6,8.4,4.89,No
79,0.7,2.4,6.4,6.57,No
63,1.8,3.3,5.2,5.19,No
79,0.9,3.0,5.1,5.59,No
79,2.9,1.1,4.4,6.51,No
56,3.1,1.9,6.7,5.76,No
62,5.7,4.6,8.9,6.49,No
69,3.5,3.6,5.7,4.88,No
100,3.2,3.3,,6.72,Yes
69,3.2,3.8,4.7,5.71,No
74,3.3,3.8,7.2,5.39,Yes
66,2.4,4.4,6.8,4.83,Yes
60,2.7,4.9,6.3,4.58,No
59,1.7,2.7,7.0,4.98,Yes
73,0.4,4.1,4.7,4.02,No
78,2.3,2.6,,6.41,No
39,3.4,1.3,4.9,,No
75,4.6,4.5,5.2,5.96,No
77,2.5,2.7,6.6,6.28,No
91,1.5,3.0,5.6,6.17,No
85,3.0,2.5,8.2,5.95,No
62,1.8,3.3,8.4,5.63,No
54,0.9,1.8,5.8,5.89,No
61,1.3,4.7,6.3,4.29,No
76,3.3,4.6,5.4,6.19,Yes
64,3.3,4.1,6.8,5.9,No
77,3.8,4.1,7.5,5.92,No
97,3.4,3.8,7.5,5.4,Yes
84,4.8,2.2,6.1,6.47,No
75,5.3,2.9,5.8,6.37,Yes
69,4.0,5.1,5.7,5.46,No
68,2.0,0.9,8.3,6.86,No
82,3.5,3.3,5.9,7.12,No
70,2.5,3.9,7.5,6.23,No
78,3.3,2.5,6.1,5.71,Yes
59,2.9,4.0,4.3,4.84,No
70,2.9,2.4,6.4,4.95,No
70,3.4,2.8,4.7,5.29,No
77,5.8,4.6,5.8,6.63,Yes
50,3.9,3.4,5.4,6.03,No
78,3.3,3.3,6.6,6.12,No
71,3.1,4.7,5.8,5.49,Yes
46,5.0,3.2,5.5,6.19,Yes
87,1.7,5.2,7.3,5.62,No
53,4.0,4.9,5.9,6.81,No
65,6.9,3.2,6.7,7.01,Yes
40,3.7,2.8,6.6,5.98,No
80,2.1,4.2,5.5,5.19,No
72,,5.1,,5.35,No
91,2.6,3.1,5.7,4.98,Yes
66,4.6,6.0,6.3,4.77,No
77,4.2,4.1,5.9,6.75,Yes
81,2.7,3.4,6.9,6.69,Yes
73,4.3,1.7,7.1,6.86,Yes
63,4.6,2.1,4.4,6.22,No
56,3.1,3.5,5.3,4.7,Yes
57,2.2,5.3,5.4,4.36,No
80,6.3,2.2,6.1,6.41,Yes
59,0.9,4.1,8.2,3.86,No
60,3.3,1.8,4.4,6.08,No
57,2.5,5.5,7.0,5.29,Yes
68,3.9,1.2,7.5,4.73,No
74,3.6,1.8,5.8,5.28,Yes
78,1.9,4.1,6.7,5.39,No
57,1.9,3.6,7.2,,No
70,2.9,4.6,5.7,5.22,No
34,4.6,2.0,5.3,,No
73,2.1,3.1,9.0,6.82,No
62,2.5,4.8,5.5,4.51,No
38,3.7,3.7,6.6,5.8,No
52,5.2,1.9,5.2,5.27,Yes
68,3.4,3.5,7.6,6.63,No
60,0.0,3.8,4.1,4.95,No
70,0.8,3.4,6.3,5.5,No
72,1.5,6.2,,5.0,No
74,1.3,4.1,6.3,4.93,No
68,5.1,5.1,8.5,6.41,Yes
52,3.3,5.4,6.7,5.83,No
80,4.4,2.0,4.2,5.01,No
70,2.6,2.6,5.8,5.36,No
48,2.7,4.6,5.8,5.89,No
58,2.2,3.8,8.3,5.1,No
83,2.8,4.6,6.0,6.09,No
49,2.6,2.6,6.0,6.18,No
86,3.7,3.2,7.3,6.06,Yes
100,2.6,3.1,10.0,7.03,Yes
60,3.2,3.3,3.9,5.27,No
58,3.5,2.7,5.8,4.23,No
80,3.0,3.4,5.3,6.07,No
63,6.1,6.4,5.8,6.12,Yes
62,2.2,,6.5,5.64,No
78,2.3,5.3,8.9,5.84,No
60,1.4,2.5,8.0,5.2,No
65,3.3,1.8,5.8,5.75,Yes
64,4.3,6.9,8.1,4.79,No
69,3.1,1.4,7.3,5.75,Yes
47,6.4,3.3,8.0,5.67,No
63,2.4,5.3,8.3,4.55,No
56,1.0,2.9,4.6,6.33,No
55,2.6,3.9,5.7,4.67,No
92,0.6,2.9,6.9,5.33,No
100,3.7,,6.2,6.29,Yes
55,0.9,5.0,7.2,4.62,No
76,2.5,1.3,5.2,5.08,Yes
61,1.8,2.8,7.0,5.64,No
79,2.7,2.9,6.1,6.92,No
41,1.5,5.2,6.6,5.53,Yes
60,1.7,2.9,8.8,4.53,No
67,3.2,2.4,6.5,5.9,Yes
40,3.9,3.8,7.2,5.63,No
74,1.0,2.0,6.1,5.44,Yes
46,4.8,5.7,4.1,5.41,No
81,2.5,2.8,6.5,5.47,No
58,2.9,3.5,7.2,,No
61,3.3,4.0,7.3,5.46,No
69,2.3,3.7,5.9,4.86,No
65,5.0,2.8,5.6,5.72,No
74,2.7,1.4,8.7,6.4,Yes
97,1.1,4.1,9.1,,Yes
87,5.7,3.3,4.5,6.1,No
48,5.9,3.3,6.7,5.08,No
57,1.8,3.6,7.1,4.57,No
65,4.1,5.1,7.0,5.95,No
48,6.0,0.0,7.4,6.29,No
72,3.4,2.3,7.0,4.45,No
91,3.5,4.5,4.7,5.29,No
64,4.7,4.4,6.4,5.12,No
73,5.0,2.9,6.8,6.73,Yes
55,4.0,3.1,4.9,6.19,No
71,1.0,1.3,5.2,3.65,No
66,1.3,3.9,5.0,4.14,No
65,2.6,6.4,4.3,4.44,No
60,5.1,3.5,6.9,5.83,Yes
85,1.2,4.8,5.2,5.77,No
78,2.7,4.3,6.7,6.18,No
79,4.5,2.8,5.7,5.65,Yes
66,1.8,2.5,8.5,5.47,Yes
68,2.2,4.4,6.0,5.97,No
59,0.6,2.4,6.2,4.26,No
61,1.9,5.2,6.2,4.9,No
63,1.6,4.2,5.8,5.55,No
60,2.8,3.6,4.9,4.4,No
64,1.4,2.7,7.1,4.9,No
94,4.7,3.7,7.1,5.83,Yes
78,1.4,3.9,5.2,6.22,No
73,2.3,2.2,6.4,6.99,Yes
55,1.9,3.7,8.3,4.13,No
54,2.3,5.3,7.4,5.43,No
48,7.1,3.1,7.1,6.33,Yes
90,1.8,3.1,5.5,5.89,No
73,3.8,2.3,6.9,6.96,No
63,1.3,4.6,5.5,3.85,No
71,4.8,2.2,7.9,5.91,Yes
78,3.3,0.6,6.4,7.21,Yes
50,3.4,3.0,8.1,5.88,No
74,3.9,2.7,6.6,4.99,No
68,5.0,4.8,5.0,4.42,No
65,5.4,4.6,6.0,5.2,Yes
72,5.1,2.7,4.7,6.1,No
85,1.5,2.0,4.9,5.74,No
100,4.3,1.5,5.3,5.52,Yes
80,2.8,3.5,5.6,5.84,No
41,5.0,2.9,6.9,4.64,No
75,0.0,4.6,,4.87,No
68,3.3,4.2,5.1,,No
85,1.0,3.1,6.5,5.0,No
74,3.9,3.7,5.7,6.5,Yes
72,2.1,6.6,5.0,4.6,No
69,1.4,2.5,7.2,6.45,No
67,0.2,2.5,5.6,4.98,No
70,2.0,1.5,7.2,5.41,Yes
100,3.4,2.9,7.2,7.15,No
63,3.7,3.7,6.5,5.56,No
58,2.7,4.1,9.7,5.0,Yes
69,2.4,2.6,6.4,5.74,No
44,3.8,3.9,6.2,5.9,No
46,7.0,0.0,5.1,5.95,No
50,3.6,1.5,8.2,5.2,No
56,1.5,4.2,7.4,5.7,No
100,1.0,4.3,7.3,5.98,No
54,2.6,5.9,5.4,4.38,No
68,4.0,2.6,7.1,6.76,No
59,1.8,3.2,6.3,5.3,Yes
70,1.7,3.0,7.1,5.61,No
92,1.5,4.3,6.5,5.65,No
91,1.5,2.3,6.5,5.66,No
60,4.0,3.9,5.9,4.52,No
63,2.3,4.8,5.5,5.77,No
79,4.0,4.9,5.8,5.48,No
80,,6.1,7.6,4.33,No
68,0.7,1.5,8.5,5.18,No
79,6.4,4.1,7.5,6.76,No
52,2.3,2.1,7.8,4.08,No
53,4.3,1.0,5.0,5.7,No
62,2.8,1.0,7.0,,No
54,5.4,4.5,5.3,5.41,No
79,4.7,2.6,6.2,5.63,No
39,5.8,2.2,6.6,5.2,No
67,3.2,5.0,6.2,6.14,No
65,2.0,,8.2,5.18,No
75,2.2,3.8,4.9,5.46,No
66,4.3,1.0,3.7,6.11,Yes
77,1.0,3.9,5.1,5.29,No
61,2.4,3.7,6.1,5.87,No
56,2.0,4.5,7.2,6.33,No
59,1.5,2.8,6.8,4.71,No
67,2.8,4.1,7.9,5.25,No
60,5.5,2.2,4.1,4.9,No
59,3.6,3.7,7.4,4.29,No
39,3.3,6.1,6.9,4.27,No
86,1.8,2.0,6.3,6.02,Yes
73,5.1,2.8,6.3,6.81,No
61,0.3,,7.3,,No
89,3.1,2.9,7.6,6.31,Yes
50,3.3,3.7,6.2,4.95,No
60,2.2,2.5,7.2,,No
74,4.4,3.4,5.2,7.28,Yes
64,3.6,2.8,8.2,7.0,No
69,2.7,4.1,6.9,5.71,No
59,3.2,2.1,6.0,6.58,No
49,2.5,2.4,8.3,6.4,No
57,5.1,1.6,7.6,5.09,Yes
77,3.6,4.3,7.0,6.37,No
74,4.0,5.6,5.3,5.95,No
55,1.7,4.9,5.2,5.69,No
39,2.8,5.1,5.5,4.73,No
69,1.3,3.8,6.4,5.74,No
60,4.3,4.0,6.5,5.48,No
68,1.6,3.1,8.0,4.88,No
77,3.8,3.7,3.8,6.1,Yes
96,4.1,3.7,5.9,6.18,No
61,2.7,2.0,7.2,5.72,No
63,1.7,3.7,6.2,4.79,No
65,2.6,0.4,7.0,5.06,No
82,1.9,2.1,5.0,5.07,No
74,0.0,5.3,6.7,4.46,No
69,5.7,3.2,5.2,6.62,No
76,2.5,5.1,7.0,4.76,No
45,2.8,3.7,6.5,5.35,No
72,,0.4,5.5,4.99,No
88,2.5,5.2,5.4,6.45,No
70,0.6,3.6,7.2,4.69,No
71,2.2,3.6,6.3,5.18,No
70,2.0,1.4,7.8,5.17,No
93,0.3,4.3,6.3,5.28,No
98,3.7,5.1,6.8,5.97,Yes
64,3.6,5.2,7.0,5.19,No
68,1.4,3.8,8.1,4.24,No
58,3.6,6.2,7.0,3.79,No
83,3.6,2.8,7.0,6.55,No
77,1.6,1.4,6.1,6.54,Yes
38,4.4,5.3,7.1,4.59,No
74,1.6,4.0,6.5,5.0,No
62,7.0,0.0,7.8,6.58,No
70,5.6,5.9,6.9,4.47,Yes
49,2.5,2.8,6.6,3.71,No
61,3.7,5.7,6.2,7.3,No
57,3.0,3.4,,5.63,No
68,2.7,2.6,7.4,5.0,Yes
64,,3.4,7.1,4.71,No
72,2.9,4.1,5.4,5.67,No
53,3.0,4.5,6.3,,No
54,2.1,2.8,7.8,5.3,No
70,2.5,2.0,5.4,7.31,Yes
54,2.2,3.5,8.2,6.26,No
58,5.6,2.4,7.0,5.4,No
71,5.1,1.5,6.1,6.31,No
92,5.5,3.2,7.3,6.11,Yes
54,2.5,2.6,5.8,5.28,No
43,,2.4,6.8,5.12,No
64,,2.0,6.2,5.85,No
67,0.4,,6.6,4.23,No
93,0.3,1.3,6.1,4.39,No
76,1.4,4.2,4.6,5.93,No
71,2.5,4.1,6.3,6.37,No
74,2.2,4.7,6.7,6.02,No
63,4.9,4.1,6.9,4.93,No
51,3.5,2.4,,6.48,No
88,4.1,4.6,9.0,5.3,No
63,4.6,1.1,5.7,6.26,Yes
86,4.4,5.4,6.2,6.63,Yes
65,3.9,4.6,6.9,5.49,No
83,4.2,0.0,9.3,5.61,No
84,2.0,3.7,9.0,3.46,No
61,3.5,3.3,6.9,6.01,Yes
67,5.7,4.1,,5.51,Yes
74,5.7,2.0,4.8,5.93,No
82,3.7,1.8,4.9,5.62,Yes
50,3.3,4.2,7.4,4.94,Yes
98,2.3,5.1,7.0,6.16,No
61,1.2,2.7,7.6,6.7,No
59,2.0,2.7,7.9,4.81,No
91,5.9,3.2,7.4,5.97,Yes
60,1.6,2.1,7.2,4.06,No
79,1.5,0.3,7.4,7.0,Yes
55,0.0,3.0,5.2,4.2,No
78,1.8,5.8,7.9,5.18,No
60,5.5,1.2,6.5,6.92,No
68,4.0,0.3,7.6,6.31,Yes
83,4.9,6.0,7.0,,Yes
50,4.6,5.7,7.9,5.78,No
82,5.3,3.5,7.8,7.02,Yes
68,3.5,4.4,7.2,4.48,No
81,1.9,3.5,7.6,6.38,Yes
44,5.3,0.6,8.9,5.58,No
69,5.8,4.4,7.1,4.62,No
61,3.2,4.7,4.7,5.25,No
60,3.0,3.9,7.4,5.09,No
53,,1.0,6.0,5.66,No
68,2.8,0.0,7.8,4.72,No
46,1.2,1.9,7.0,4.79,No
48,3.1,1.0,,4.69,No
41,,1.5,7.3,5.79,No
45,4.1,3.2,8.3,5.69,No
57,1.5,7.3,6.3,3.19,No
49,2.5,3.0,4.9,3.87,No
56,2.2,2.1,7.1,4.25,No
53,0.0,3.7,6.5,4.96,No
58,1.9,3.5,5.7,5.14,No
65,1.7,5.3,5.1,5.31,No
60,0.7,0.6,5.1,5.23,No
77,,1.7,7.2,6.17,No
54,0.0,4.9,6.2,4.66,No
81,0.0,5.6,5.0,4.02,No
39,3.4,4.4,8.8,5.36,No
71,3.3,3.4,6.8,5.51,No
48,2.3,6.8,7.1,4.62,Yes
47,3.8,5.2,6.9,5.32,No
72,4.0,4.4,6.6,5.08,Yes
67,4.4,5.5,3.9,5.27,No
91,1.1,2.8,6.4,5.34,No
57,3.3,4.4,7.8,5.85,No
57,2.4,1.8,6.3,4.3,No
50,3.9,5.3,5.2,4.75,No
67,5.4,3.9,6.3,5.96,Yes
84,3.1,3.5,8.4,6.23,Yes
49,3.5,5.7,6.7,4.96,No
53,3.4,3.3,4.2,5.92,Yes
67,1.6,4.1,5.3,4.64,No
83,2.3,3.0,4.3,5.27,No
64,3.4,3.1,6.2,4.29,No
80,4.3,2.2,9.2,6.27,Yes
70,5.1,5.1,6.5,4.7,No
76,5.9,4.8,5.4,6.17,Yes
65,2.8,4.7,7.6,4.88,Yes
52,3.1,1.1,4.8,5.56,No
80,2.2,3.1,6.9,5.99,Yes
75,3.2,2.0,5.0,6.14,No
72,2.6,2.1,8.1,6.78,Yes
54,3.8,3.5,6.2,7.0,No
39,2.0,4.8,5.6,3.94,No
75,0.0,3.3,6.2,2.6,Yes
45,0.4,1.0,6.4,5.02,Yes
58,1.4,4.7,5.5,5.75,No
74,5.4,3.6,3.7,5.17,No
41,4.5,1.4,6.9,4.65,Yes
69,3.1,3.0,7.3,5.43,No
59,3.1,3.3,7.8,5.18,No
63,1.7,4.5,8.9,4.94,No
40,2.0,4.5,7.9,5.16,No
64,2.7,5.0,7.2,5.89,No
84,1.5,2.3,8.2,5.32,Yes
65,6.2,3.6,5.9,5.94,Yes
97,5.3,3.6,4.8,7.66,No
50,5.6,6.2,7.1,5.39,No
100,1.8,2.9,,7.34,No
81,3.2,3.8,6.3,4.44,Yes
93,5.8,4.5,6.1,6.4,Yes
95,1.0,2.7,6.7,6.57,No
76,3.3,3.1,6.7,6.22,Yes
47,1.8,3.4,6.7,4.27,No
72,3.1,2.0,5.4,5.96,Yes
39,5.9,1.7,5.3,6.15,No
84,4.4,4.1,6.1,7.49,No
100,2.9,3.3,6.8,7.28,Yes
76,3.5,3.3,6.7,5.38,No
61,0.0,4.7,4.8,4.84,No
83,2.6,0.9,6.5,6.13,Yes
82,2.4,4.4,6.0,6.93,Yes
74,2.6,3.9,6.4,6.33,No
